ISO-10303-21;
HEADER;
/* Generated by software containing ST-Developer
 * from STEP Tools, Inc. (www.steptools.com) 
 */

FILE_DESCRIPTION(
/* description */ (''),
/* implementation_level */ '2;1');

FILE_NAME(
/* name */ 'CNC Mount Vernier.step',
/* time_stamp */ '2025-12-01T19:30:28-05:00',
/* author */ (''),
/* organization */ (''),
/* preprocessor_version */ 'ST-DEVELOPER v20.1',
/* originating_system */ 'Autodesk Translation Framework v14.21.0.0',
/* authorisation */ '');

FILE_SCHEMA (('AUTOMOTIVE_DESIGN { 1 0 10303 214 3 1 1 }'));
ENDSEC;

DATA;
#10=MECHANICAL_DESIGN_GEOMETRIC_PRESENTATION_REPRESENTATION('',(#13),#8139);
#11=SHAPE_REPRESENTATION_RELATIONSHIP('SRR','None',#8146,#12);
#12=ADVANCED_BREP_SHAPE_REPRESENTATION('',(#14),#8138);
#13=STYLED_ITEM('',(#8155),#14);
#14=MANIFOLD_SOLID_BREP('Body9',#3104);
#15=SPHERICAL_SURFACE('',#3164,1.5);
#16=SPHERICAL_SURFACE('',#3194,1.5);
#17=SPHERICAL_SURFACE('',#3208,1.5);
#18=SPHERICAL_SURFACE('',#3360,1.);
#19=SPHERICAL_SURFACE('',#3380,1.);
#20=SPHERICAL_SURFACE('',#3385,0.999999999999999);
#21=SPHERICAL_SURFACE('',#3392,1.);
#22=(
BOUNDED_SURFACE()
B_SPLINE_SURFACE(2,2,((#6330,#6331,#6332),(#6333,#6334,#6335),(#6336,#6337,
#6338)),.UNSPECIFIED.,.F.,.F.,.F.)
B_SPLINE_SURFACE_WITH_KNOTS((3,3),(3,3),(0.,1.5707963267949),(0.,1.5707963267949),
 .UNSPECIFIED.)
GEOMETRIC_REPRESENTATION_ITEM()
RATIONAL_B_SPLINE_SURFACE(((1.,0.707106781186548,1.),(0.707106781186549,
0.500000000000001,0.707106781186549),(1.,0.707106781186548,1.)))
REPRESENTATION_ITEM('')
SURFACE()
);
#23=(
BOUNDED_SURFACE()
B_SPLINE_SURFACE(2,2,((#6347,#6348,#6349),(#6350,#6351,#6352),(#6353,#6354,
#6355)),.UNSPECIFIED.,.F.,.F.,.F.)
B_SPLINE_SURFACE_WITH_KNOTS((3,3),(3,3),(0.,1.5707963267949),(-1.5707963267949,
0.),.UNSPECIFIED.)
GEOMETRIC_REPRESENTATION_ITEM()
RATIONAL_B_SPLINE_SURFACE(((1.,0.707106781186548,1.),(0.707106781186536,
0.499999999999992,0.707106781186536),(1.,0.707106781186548,1.)))
REPRESENTATION_ITEM('')
SURFACE()
);
#24=ELLIPSE('',#3155,41.7694531335156,14.);
#25=ELLIPSE('',#3173,4.73194192647899,4.5);
#26=ELLIPSE('',#3174,3.33785475950792,3.);
#27=ELLIPSE('',#3206,19.5323657218779,14.);
#28=ELLIPSE('',#3207,18.4868415553656,12.5);
#29=ELLIPSE('',#3225,41.2908853752612,12.5);
#30=ELLIPSE('',#3323,1.4142135623731,1.);
#31=ELLIPSE('',#3324,1.4142135623731,1.);
#32=ELLIPSE('',#3326,1.41421356237309,1.);
#33=ELLIPSE('',#3327,1.41421356237309,1.);
#34=ELLIPSE('',#3331,1.41421356237309,1.);
#35=ELLIPSE('',#3332,1.4142135623731,1.);
#36=ELLIPSE('',#3334,1.4142135623731,1.);
#37=ELLIPSE('',#3336,1.41421356237309,1.);
#38=FACE_BOUND('',#726,.T.);
#39=FACE_BOUND('',#772,.T.);
#40=FACE_BOUND('',#773,.T.);
#41=FACE_BOUND('',#788,.T.);
#42=PLANE('',#3140);
#43=PLANE('',#3148);
#44=PLANE('',#3149);
#45=PLANE('',#3153);
#46=PLANE('',#3154);
#47=PLANE('',#3233);
#48=PLANE('',#3236);
#49=PLANE('',#3261);
#50=PLANE('',#3263);
#51=PLANE('',#3280);
#52=PLANE('',#3284);
#53=PLANE('',#3299);
#54=PLANE('',#3300);
#55=PLANE('',#3303);
#56=PLANE('',#3305);
#57=PLANE('',#3307);
#58=PLANE('',#3338);
#59=PLANE('',#3344);
#60=PLANE('',#3504);
#61=PLANE('',#3508);
#62=PLANE('',#3510);
#63=PLANE('',#3514);
#64=PLANE('',#3517);
#65=PLANE('',#3521);
#66=PLANE('',#3524);
#67=PLANE('',#3526);
#68=PLANE('',#3532);
#69=LINE('',#5905,#222);
#70=LINE('',#5907,#223);
#71=LINE('',#5921,#224);
#72=LINE('',#5925,#225);
#73=LINE('',#5933,#226);
#74=LINE('',#6250,#227);
#75=LINE('',#6253,#228);
#76=LINE('',#6256,#229);
#77=LINE('',#6260,#230);
#78=LINE('',#6263,#231);
#79=LINE('',#6269,#232);
#80=LINE('',#6286,#233);
#81=LINE('',#6305,#234);
#82=LINE('',#6307,#235);
#83=LINE('',#6314,#236);
#84=LINE('',#6320,#237);
#85=LINE('',#6321,#238);
#86=LINE('',#6410,#239);
#87=LINE('',#6411,#240);
#88=LINE('',#6416,#241);
#89=LINE('',#6417,#242);
#90=LINE('',#6452,#243);
#91=LINE('',#6453,#244);
#92=LINE('',#6464,#245);
#93=LINE('',#6465,#246);
#94=LINE('',#6476,#247);
#95=LINE('',#6477,#248);
#96=LINE('',#6485,#249);
#97=LINE('',#6486,#250);
#98=LINE('',#6498,#251);
#99=LINE('',#6501,#252);
#100=LINE('',#6812,#253);
#101=LINE('',#6813,#254);
#102=LINE('',#6890,#255);
#103=LINE('',#6891,#256);
#104=LINE('',#6894,#257);
#105=LINE('',#6903,#258);
#106=LINE('',#6909,#259);
#107=LINE('',#6912,#260);
#108=LINE('',#7130,#261);
#109=LINE('',#7146,#262);
#110=LINE('',#7172,#263);
#111=LINE('',#7173,#264);
#112=LINE('',#7178,#265);
#113=LINE('',#7180,#266);
#114=LINE('',#7182,#267);
#115=LINE('',#7183,#268);
#116=LINE('',#7185,#269);
#117=LINE('',#7190,#270);
#118=LINE('',#7194,#271);
#119=LINE('',#7200,#272);
#120=LINE('',#7218,#273);
#121=LINE('',#7222,#274);
#122=LINE('',#7226,#275);
#123=LINE('',#7234,#276);
#124=LINE('',#7238,#277);
#125=LINE('',#7244,#278);
#126=LINE('',#7248,#279);
#127=LINE('',#7252,#280);
#128=LINE('',#7257,#281);
#129=LINE('',#7260,#282);
#130=LINE('',#7261,#283);
#131=LINE('',#7264,#284);
#132=LINE('',#7281,#285);
#133=LINE('',#7285,#286);
#134=LINE('',#7303,#287);
#135=LINE('',#7309,#288);
#136=LINE('',#7313,#289);
#137=LINE('',#7317,#290);
#138=LINE('',#7321,#291);
#139=LINE('',#7361,#292);
#140=LINE('',#7365,#293);
#141=LINE('',#7380,#294);
#142=LINE('',#7382,#295);
#143=LINE('',#7384,#296);
#144=LINE('',#7395,#297);
#145=LINE('',#7399,#298);
#146=LINE('',#7405,#299);
#147=LINE('',#7409,#300);
#148=LINE('',#7413,#301);
#149=LINE('',#7419,#302);
#150=LINE('',#7423,#303);
#151=LINE('',#7431,#304);
#152=LINE('',#7435,#305);
#153=LINE('',#7438,#306);
#154=LINE('',#7439,#307);
#155=LINE('',#7441,#308);
#156=LINE('',#7443,#309);
#157=LINE('',#7447,#310);
#158=LINE('',#7450,#311);
#159=LINE('',#7451,#312);
#160=LINE('',#7499,#313);
#161=LINE('',#7512,#314);
#162=LINE('',#7648,#315);
#163=LINE('',#7653,#316);
#164=LINE('',#7658,#317);
#165=LINE('',#7662,#318);
#166=LINE('',#7664,#319);
#167=LINE('',#7668,#320);
#168=LINE('',#7673,#321);
#169=LINE('',#7677,#322);
#170=LINE('',#7680,#323);
#171=LINE('',#7701,#324);
#172=LINE('',#7724,#325);
#173=LINE('',#7765,#326);
#174=LINE('',#7781,#327);
#175=LINE('',#7789,#328);
#176=LINE('',#7803,#329);
#177=LINE('',#7811,#330);
#178=LINE('',#7812,#331);
#179=LINE('',#7837,#332);
#180=LINE('',#7838,#333);
#181=LINE('',#7842,#334);
#182=LINE('',#7849,#335);
#183=LINE('',#7876,#336);
#184=LINE('',#7909,#337);
#185=LINE('',#7915,#338);
#186=LINE('',#7919,#339);
#187=LINE('',#7920,#340);
#188=LINE('',#7926,#341);
#189=LINE('',#7947,#342);
#190=LINE('',#7971,#343);
#191=LINE('',#7992,#344);
#192=LINE('',#7996,#345);
#193=LINE('',#8008,#346);
#194=LINE('',#8016,#347);
#195=LINE('',#8032,#348);
#196=LINE('',#8045,#349);
#197=LINE('',#8080,#350);
#198=LINE('',#8082,#351);
#199=LINE('',#8084,#352);
#200=LINE('',#8085,#353);
#201=LINE('',#8088,#354);
#202=LINE('',#8090,#355);
#203=LINE('',#8092,#356);
#204=LINE('',#8094,#357);
#205=LINE('',#8096,#358);
#206=LINE('',#8098,#359);
#207=LINE('',#8100,#360);
#208=LINE('',#8102,#361);
#209=LINE('',#8104,#362);
#210=LINE('',#8107,#363);
#211=LINE('',#8109,#364);
#212=LINE('',#8111,#365);
#213=LINE('',#8113,#366);
#214=LINE('',#8115,#367);
#215=LINE('',#8118,#368);
#216=LINE('',#8120,#369);
#217=LINE('',#8122,#370);
#218=LINE('',#8124,#371);
#219=LINE('',#8126,#372);
#220=LINE('',#8129,#373);
#221=LINE('',#8134,#374);
#222=VECTOR('',#3562,6.58);
#223=VECTOR('',#3563,10.);
#224=VECTOR('',#3564,10.);
#225=VECTOR('',#3569,10.);
#226=VECTOR('',#3570,10.);
#227=VECTOR('',#3583,10.);
#228=VECTOR('',#3586,10.);
#229=VECTOR('',#3589,10.);
#230=VECTOR('',#3592,10.);
#231=VECTOR('',#3595,10.);
#232=VECTOR('',#3600,10.);
#233=VECTOR('',#3601,10.);
#234=VECTOR('',#3610,10.);
#235=VECTOR('',#3611,10.);
#236=VECTOR('',#3612,10.);
#237=VECTOR('',#3613,10.);
#238=VECTOR('',#3614,10.);
#239=VECTOR('',#3657,10.);
#240=VECTOR('',#3658,10.);
#241=VECTOR('',#3663,10.);
#242=VECTOR('',#3664,10.);
#243=VECTOR('',#3675,10.);
#244=VECTOR('',#3676,10.);
#245=VECTOR('',#3689,10.);
#246=VECTOR('',#3690,10.);
#247=VECTOR('',#3703,10.);
#248=VECTOR('',#3704,10.);
#249=VECTOR('',#3715,10.);
#250=VECTOR('',#3716,10.);
#251=VECTOR('',#3729,10.);
#252=VECTOR('',#3732,10.);
#253=VECTOR('',#3743,10.);
#254=VECTOR('',#3744,10.);
#255=VECTOR('',#3757,10.);
#256=VECTOR('',#3758,10.);
#257=VECTOR('',#3761,10.);
#258=VECTOR('',#3774,10.);
#259=VECTOR('',#3783,10.);
#260=VECTOR('',#3786,10.);
#261=VECTOR('',#3805,10.);
#262=VECTOR('',#3806,10.);
#263=VECTOR('',#3809,10.);
#264=VECTOR('',#3810,10.);
#265=VECTOR('',#3813,10.);
#266=VECTOR('',#3814,10.);
#267=VECTOR('',#3815,10.);
#268=VECTOR('',#3816,10.);
#269=VECTOR('',#3819,10.);
#270=VECTOR('',#3824,10.);
#271=VECTOR('',#3827,10.);
#272=VECTOR('',#3832,10.);
#273=VECTOR('',#3849,10.);
#274=VECTOR('',#3852,10.);
#275=VECTOR('',#3855,10.);
#276=VECTOR('',#3862,10.);
#277=VECTOR('',#3865,10.);
#278=VECTOR('',#3870,10.);
#279=VECTOR('',#3873,10.);
#280=VECTOR('',#3876,10.);
#281=VECTOR('',#3881,10.);
#282=VECTOR('',#3884,10.);
#283=VECTOR('',#3885,10.);
#284=VECTOR('',#3888,10.);
#285=VECTOR('',#3891,10.);
#286=VECTOR('',#3894,10.);
#287=VECTOR('',#3911,10.);
#288=VECTOR('',#3916,10.);
#289=VECTOR('',#3919,10.);
#290=VECTOR('',#3924,10.);
#291=VECTOR('',#3929,10.);
#292=VECTOR('',#3930,10.);
#293=VECTOR('',#3935,10.);
#294=VECTOR('',#3936,10.);
#295=VECTOR('',#3937,10.);
#296=VECTOR('',#3938,10.);
#297=VECTOR('',#3941,10.);
#298=VECTOR('',#3946,10.);
#299=VECTOR('',#3951,10.);
#300=VECTOR('',#3954,10.);
#301=VECTOR('',#3957,10.);
#302=VECTOR('',#3962,10.);
#303=VECTOR('',#3965,10.);
#304=VECTOR('',#3972,10.);
#305=VECTOR('',#3977,10.);
#306=VECTOR('',#3982,10.);
#307=VECTOR('',#3983,10.);
#308=VECTOR('',#3986,10.);
#309=VECTOR('',#3989,10.);
#310=VECTOR('',#3994,10.);
#311=VECTOR('',#3997,10.);
#312=VECTOR('',#3998,10.);
#313=VECTOR('',#4013,10.);
#314=VECTOR('',#4014,10.);
#315=VECTOR('',#4037,6.75);
#316=VECTOR('',#4042,10.);
#317=VECTOR('',#4047,10.);
#318=VECTOR('',#4054,10.);
#319=VECTOR('',#4057,10.);
#320=VECTOR('',#4060,10.);
#321=VECTOR('',#4067,10.);
#322=VECTOR('',#4072,10.);
#323=VECTOR('',#4077,10.);
#324=VECTOR('',#4092,10.);
#325=VECTOR('',#4093,10.);
#326=VECTOR('',#4124,10.);
#327=VECTOR('',#4145,10.);
#328=VECTOR('',#4156,10.);
#329=VECTOR('',#4177,10.);
#330=VECTOR('',#4188,10.);
#331=VECTOR('',#4189,10.);
#332=VECTOR('',#4204,10.);
#333=VECTOR('',#4205,10.);
#334=VECTOR('',#4210,10.);
#335=VECTOR('',#4219,10.);
#336=VECTOR('',#4240,10.);
#337=VECTOR('',#4265,10.);
#338=VECTOR('',#4274,10.);
#339=VECTOR('',#4281,10.);
#340=VECTOR('',#4282,10.);
#341=VECTOR('',#4289,10.);
#342=VECTOR('',#4300,10.);
#343=VECTOR('',#4313,10.);
#344=VECTOR('',#4324,10.);
#345=VECTOR('',#4331,10.);
#346=VECTOR('',#4348,10.);
#347=VECTOR('',#4359,10.);
#348=VECTOR('',#4382,10.);
#349=VECTOR('',#4403,10.);
#350=VECTOR('',#4434,10.);
#351=VECTOR('',#4437,10.);
#352=VECTOR('',#4440,10.);
#353=VECTOR('',#4441,10.);
#354=VECTOR('',#4446,10.);
#355=VECTOR('',#4449,10.);
#356=VECTOR('',#4452,10.);
#357=VECTOR('',#4455,10.);
#358=VECTOR('',#4458,10.);
#359=VECTOR('',#4461,10.);
#360=VECTOR('',#4464,10.);
#361=VECTOR('',#4467,10.);
#362=VECTOR('',#4470,10.);
#363=VECTOR('',#4475,10.);
#364=VECTOR('',#4478,10.);
#365=VECTOR('',#4481,10.);
#366=VECTOR('',#4484,5.);
#367=VECTOR('',#4487,10.);
#368=VECTOR('',#4492,5.);
#369=VECTOR('',#4495,3.2258);
#370=VECTOR('',#4498,10.);
#371=VECTOR('',#4501,10.);
#372=VECTOR('',#4504,10.);
#373=VECTOR('',#4509,10.);
#374=VECTOR('',#4518,10.);
#375=CYLINDRICAL_SURFACE('',#3129,6.58);
#376=CYLINDRICAL_SURFACE('',#3132,1.5);
#377=CYLINDRICAL_SURFACE('',#3138,1.5);
#378=CYLINDRICAL_SURFACE('',#3144,1.5);
#379=CYLINDRICAL_SURFACE('',#3169,1.5);
#380=CYLINDRICAL_SURFACE('',#3170,1.5);
#381=CYLINDRICAL_SURFACE('',#3175,1.5);
#382=CYLINDRICAL_SURFACE('',#3181,1.5);
#383=CYLINDRICAL_SURFACE('',#3187,1.5);
#384=CYLINDRICAL_SURFACE('',#3193,1.5);
#385=CYLINDRICAL_SURFACE('',#3198,1.5);
#386=CYLINDRICAL_SURFACE('',#3204,1.5);
#387=CYLINDRICAL_SURFACE('',#3211,1.5);
#388=CYLINDRICAL_SURFACE('',#3212,1.5);
#389=CYLINDRICAL_SURFACE('',#3217,1.5);
#390=CYLINDRICAL_SURFACE('',#3222,1.5);
#391=CYLINDRICAL_SURFACE('',#3223,1.5);
#392=CYLINDRICAL_SURFACE('',#3232,1.);
#393=CYLINDRICAL_SURFACE('',#3235,1.);
#394=CYLINDRICAL_SURFACE('',#3262,1.);
#395=CYLINDRICAL_SURFACE('',#3277,1.);
#396=CYLINDRICAL_SURFACE('',#3279,12.5);
#397=CYLINDRICAL_SURFACE('',#3282,1.);
#398=CYLINDRICAL_SURFACE('',#3296,1.);
#399=CYLINDRICAL_SURFACE('',#3298,9.);
#400=CYLINDRICAL_SURFACE('',#3302,9.);
#401=CYLINDRICAL_SURFACE('',#3304,3.);
#402=CYLINDRICAL_SURFACE('',#3306,3.475);
#403=CYLINDRICAL_SURFACE('',#3310,26.);
#404=CYLINDRICAL_SURFACE('',#3321,6.75);
#405=CYLINDRICAL_SURFACE('',#3322,1.);
#406=CYLINDRICAL_SURFACE('',#3325,1.);
#407=CYLINDRICAL_SURFACE('',#3328,1.);
#408=CYLINDRICAL_SURFACE('',#3329,1.);
#409=CYLINDRICAL_SURFACE('',#3330,1.);
#410=CYLINDRICAL_SURFACE('',#3333,1.);
#411=CYLINDRICAL_SURFACE('',#3335,1.);
#412=CYLINDRICAL_SURFACE('',#3337,1.);
#413=CYLINDRICAL_SURFACE('',#3359,1.);
#414=CYLINDRICAL_SURFACE('',#3368,1.);
#415=CYLINDRICAL_SURFACE('',#3373,1.);
#416=CYLINDRICAL_SURFACE('',#3384,1.);
#417=CYLINDRICAL_SURFACE('',#3389,1.);
#418=CYLINDRICAL_SURFACE('',#3396,1.);
#419=CYLINDRICAL_SURFACE('',#3397,1.);
#420=CYLINDRICAL_SURFACE('',#3402,1.);
#421=CYLINDRICAL_SURFACE('',#3412,1.);
#422=CYLINDRICAL_SURFACE('',#3423,1.);
#423=CYLINDRICAL_SURFACE('',#3428,1.);
#424=CYLINDRICAL_SURFACE('',#3431,1.);
#425=CYLINDRICAL_SURFACE('',#3434,1.);
#426=CYLINDRICAL_SURFACE('',#3439,1.);
#427=CYLINDRICAL_SURFACE('',#3442,1.);
#428=CYLINDRICAL_SURFACE('',#3445,1.);
#429=CYLINDRICAL_SURFACE('',#3450,1.);
#430=CYLINDRICAL_SURFACE('',#3453,1.);
#431=CYLINDRICAL_SURFACE('',#3460,1.);
#432=CYLINDRICAL_SURFACE('',#3465,1.);
#433=CYLINDRICAL_SURFACE('',#3476,1.);
#434=CYLINDRICAL_SURFACE('',#3481,1.);
#435=CYLINDRICAL_SURFACE('',#3486,1.);
#436=CYLINDRICAL_SURFACE('',#3502,1.);
#437=CYLINDRICAL_SURFACE('',#3503,26.);
#438=CYLINDRICAL_SURFACE('',#3505,26.);
#439=CYLINDRICAL_SURFACE('',#3506,23.);
#440=CYLINDRICAL_SURFACE('',#3507,5.);
#441=CYLINDRICAL_SURFACE('',#3509,5.5);
#442=CYLINDRICAL_SURFACE('',#3511,5.);
#443=CYLINDRICAL_SURFACE('',#3512,23.);
#444=CYLINDRICAL_SURFACE('',#3513,3.);
#445=CYLINDRICAL_SURFACE('',#3515,3.);
#446=CYLINDRICAL_SURFACE('',#3516,3.);
#447=CYLINDRICAL_SURFACE('',#3518,3.);
#448=CYLINDRICAL_SURFACE('',#3519,23.);
#449=CYLINDRICAL_SURFACE('',#3520,5.);
#450=CYLINDRICAL_SURFACE('',#3522,5.);
#451=CYLINDRICAL_SURFACE('',#3523,3.2258);
#452=CYLINDRICAL_SURFACE('',#3525,8.5);
#453=CYLINDRICAL_SURFACE('',#3527,26.);
#454=CYLINDRICAL_SURFACE('',#3528,26.);
#455=CYLINDRICAL_SURFACE('',#3529,5.5);
#456=CYLINDRICAL_SURFACE('',#3530,23.);
#457=CYLINDRICAL_SURFACE('',#3531,26.);
#458=CYLINDRICAL_SURFACE('',#3533,8.5);
#459=TOROIDAL_SURFACE('',#3124,8.08,1.5);
#460=TOROIDAL_SURFACE('',#3134,4.975,1.5);
#461=TOROIDAL_SURFACE('',#3145,1.975,1.5);
#462=TOROIDAL_SURFACE('',#3150,5.08,1.5);
#463=TOROIDAL_SURFACE('',#3177,7.5,1.5);
#464=TOROIDAL_SURFACE('',#3183,7.5,1.5);
#465=TOROIDAL_SURFACE('',#3189,4.5,1.5);
#466=TOROIDAL_SURFACE('',#3214,7.5,1.5);
#467=TOROIDAL_SURFACE('',#3219,7.5,1.5);
#468=TOROIDAL_SURFACE('',#3226,2.5,1.5);
#469=TOROIDAL_SURFACE('',#3229,2.5,1.5);
#470=TOROIDAL_SURFACE('',#3308,6.5,1.);
#471=TOROIDAL_SURFACE('',#3311,4.,1.);
#472=TOROIDAL_SURFACE('',#3314,4.,1.);
#473=TOROIDAL_SURFACE('',#3317,7.75,1.);
#474=TOROIDAL_SURFACE('',#3339,24.,1.);
#475=TOROIDAL_SURFACE('',#3342,4.,1.);
#476=TOROIDAL_SURFACE('',#3345,4.,1.);
#477=TOROIDAL_SURFACE('',#3348,24.,1.);
#478=TOROIDAL_SURFACE('',#3350,4.,1.);
#479=TOROIDAL_SURFACE('',#3353,24.,1.);
#480=TOROIDAL_SURFACE('',#3356,2.,1.);
#481=TOROIDAL_SURFACE('',#3364,4.,1.);
#482=TOROIDAL_SURFACE('',#3370,6.5,1.);
#483=TOROIDAL_SURFACE('',#3375,4.,1.);
#484=TOROIDAL_SURFACE('',#3378,24.,1.);
#485=TOROIDAL_SURFACE('',#3390,25.,1.);
#486=TOROIDAL_SURFACE('',#3399,7.5,1.);
#487=TOROIDAL_SURFACE('',#3403,2.,1.);
#488=TOROIDAL_SURFACE('',#3406,25.,1.);
#489=TOROIDAL_SURFACE('',#3408,2.,0.999999999999997);
#490=TOROIDAL_SURFACE('',#3413,2.,1.);
#491=TOROIDAL_SURFACE('',#3417,2.,1.);
#492=TOROIDAL_SURFACE('',#3421,25.,1.);
#493=TOROIDAL_SURFACE('',#3425,7.5,1.);
#494=TOROIDAL_SURFACE('',#3429,25.,1.);
#495=TOROIDAL_SURFACE('',#3432,25.,1.);
#496=TOROIDAL_SURFACE('',#3436,7.5,1.);
#497=TOROIDAL_SURFACE('',#3440,25.,1.);
#498=TOROIDAL_SURFACE('',#3443,25.,1.);
#499=TOROIDAL_SURFACE('',#3447,7.5,1.);
#500=TOROIDAL_SURFACE('',#3451,25.,1.);
#501=TOROIDAL_SURFACE('',#3454,24.,1.);
#502=TOROIDAL_SURFACE('',#3457,4.,1.);
#503=TOROIDAL_SURFACE('',#3462,6.5,1.);
#504=TOROIDAL_SURFACE('',#3467,4.,1.);
#505=TOROIDAL_SURFACE('',#3470,24.,1.);
#506=TOROIDAL_SURFACE('',#3473,2.,1.);
#507=TOROIDAL_SURFACE('',#3478,4.,1.);
#508=TOROIDAL_SURFACE('',#3483,4.,1.);
#509=TOROIDAL_SURFACE('',#3488,2.,1.);
#510=TOROIDAL_SURFACE('',#3491,24.,1.);
#511=TOROIDAL_SURFACE('',#3494,4.,1.);
#512=TOROIDAL_SURFACE('',#3496,24.,1.);
#513=TOROIDAL_SURFACE('',#3499,2.,1.);
#514=FACE_OUTER_BOUND('',#711,.T.);
#515=FACE_OUTER_BOUND('',#712,.T.);
#516=FACE_OUTER_BOUND('',#713,.T.);
#517=FACE_OUTER_BOUND('',#714,.T.);
#518=FACE_OUTER_BOUND('',#715,.T.);
#519=FACE_OUTER_BOUND('',#716,.T.);
#520=FACE_OUTER_BOUND('',#717,.T.);
#521=FACE_OUTER_BOUND('',#718,.T.);
#522=FACE_OUTER_BOUND('',#719,.T.);
#523=FACE_OUTER_BOUND('',#720,.T.);
#524=FACE_OUTER_BOUND('',#721,.T.);
#525=FACE_OUTER_BOUND('',#722,.T.);
#526=FACE_OUTER_BOUND('',#723,.T.);
#527=FACE_OUTER_BOUND('',#724,.T.);
#528=FACE_OUTER_BOUND('',#725,.T.);
#529=FACE_OUTER_BOUND('',#727,.T.);
#530=FACE_OUTER_BOUND('',#728,.T.);
#531=FACE_OUTER_BOUND('',#729,.T.);
#532=FACE_OUTER_BOUND('',#730,.T.);
#533=FACE_OUTER_BOUND('',#731,.T.);
#534=FACE_OUTER_BOUND('',#732,.T.);
#535=FACE_OUTER_BOUND('',#733,.T.);
#536=FACE_OUTER_BOUND('',#734,.T.);
#537=FACE_OUTER_BOUND('',#735,.T.);
#538=FACE_OUTER_BOUND('',#736,.T.);
#539=FACE_OUTER_BOUND('',#737,.T.);
#540=FACE_OUTER_BOUND('',#738,.T.);
#541=FACE_OUTER_BOUND('',#739,.T.);
#542=FACE_OUTER_BOUND('',#740,.T.);
#543=FACE_OUTER_BOUND('',#741,.T.);
#544=FACE_OUTER_BOUND('',#742,.T.);
#545=FACE_OUTER_BOUND('',#743,.T.);
#546=FACE_OUTER_BOUND('',#744,.T.);
#547=FACE_OUTER_BOUND('',#745,.T.);
#548=FACE_OUTER_BOUND('',#746,.T.);
#549=FACE_OUTER_BOUND('',#747,.T.);
#550=FACE_OUTER_BOUND('',#748,.T.);
#551=FACE_OUTER_BOUND('',#749,.T.);
#552=FACE_OUTER_BOUND('',#750,.T.);
#553=FACE_OUTER_BOUND('',#751,.T.);
#554=FACE_OUTER_BOUND('',#752,.T.);
#555=FACE_OUTER_BOUND('',#753,.T.);
#556=FACE_OUTER_BOUND('',#754,.T.);
#557=FACE_OUTER_BOUND('',#755,.T.);
#558=FACE_OUTER_BOUND('',#756,.T.);
#559=FACE_OUTER_BOUND('',#757,.T.);
#560=FACE_OUTER_BOUND('',#758,.T.);
#561=FACE_OUTER_BOUND('',#759,.T.);
#562=FACE_OUTER_BOUND('',#760,.T.);
#563=FACE_OUTER_BOUND('',#761,.T.);
#564=FACE_OUTER_BOUND('',#762,.T.);
#565=FACE_OUTER_BOUND('',#763,.T.);
#566=FACE_OUTER_BOUND('',#764,.T.);
#567=FACE_OUTER_BOUND('',#765,.T.);
#568=FACE_OUTER_BOUND('',#766,.T.);
#569=FACE_OUTER_BOUND('',#767,.T.);
#570=FACE_OUTER_BOUND('',#768,.T.);
#571=FACE_OUTER_BOUND('',#769,.T.);
#572=FACE_OUTER_BOUND('',#770,.T.);
#573=FACE_OUTER_BOUND('',#771,.T.);
#574=FACE_OUTER_BOUND('',#774,.T.);
#575=FACE_OUTER_BOUND('',#775,.T.);
#576=FACE_OUTER_BOUND('',#776,.T.);
#577=FACE_OUTER_BOUND('',#777,.T.);
#578=FACE_OUTER_BOUND('',#778,.T.);
#579=FACE_OUTER_BOUND('',#779,.T.);
#580=FACE_OUTER_BOUND('',#780,.T.);
#581=FACE_OUTER_BOUND('',#781,.T.);
#582=FACE_OUTER_BOUND('',#782,.T.);
#583=FACE_OUTER_BOUND('',#783,.T.);
#584=FACE_OUTER_BOUND('',#784,.T.);
#585=FACE_OUTER_BOUND('',#785,.T.);
#586=FACE_OUTER_BOUND('',#786,.T.);
#587=FACE_OUTER_BOUND('',#787,.T.);
#588=FACE_OUTER_BOUND('',#789,.T.);
#589=FACE_OUTER_BOUND('',#790,.T.);
#590=FACE_OUTER_BOUND('',#791,.T.);
#591=FACE_OUTER_BOUND('',#792,.T.);
#592=FACE_OUTER_BOUND('',#793,.T.);
#593=FACE_OUTER_BOUND('',#794,.T.);
#594=FACE_OUTER_BOUND('',#795,.T.);
#595=FACE_OUTER_BOUND('',#796,.T.);
#596=FACE_OUTER_BOUND('',#797,.T.);
#597=FACE_OUTER_BOUND('',#798,.T.);
#598=FACE_OUTER_BOUND('',#799,.T.);
#599=FACE_OUTER_BOUND('',#800,.T.);
#600=FACE_OUTER_BOUND('',#801,.T.);
#601=FACE_OUTER_BOUND('',#802,.T.);
#602=FACE_OUTER_BOUND('',#803,.T.);
#603=FACE_OUTER_BOUND('',#804,.T.);
#604=FACE_OUTER_BOUND('',#805,.T.);
#605=FACE_OUTER_BOUND('',#806,.T.);
#606=FACE_OUTER_BOUND('',#807,.T.);
#607=FACE_OUTER_BOUND('',#808,.T.);
#608=FACE_OUTER_BOUND('',#809,.T.);
#609=FACE_OUTER_BOUND('',#810,.T.);
#610=FACE_OUTER_BOUND('',#811,.T.);
#611=FACE_OUTER_BOUND('',#812,.T.);
#612=FACE_OUTER_BOUND('',#813,.T.);
#613=FACE_OUTER_BOUND('',#814,.T.);
#614=FACE_OUTER_BOUND('',#815,.T.);
#615=FACE_OUTER_BOUND('',#816,.T.);
#616=FACE_OUTER_BOUND('',#817,.T.);
#617=FACE_OUTER_BOUND('',#818,.T.);
#618=FACE_OUTER_BOUND('',#819,.T.);
#619=FACE_OUTER_BOUND('',#820,.T.);
#620=FACE_OUTER_BOUND('',#821,.T.);
#621=FACE_OUTER_BOUND('',#822,.T.);
#622=FACE_OUTER_BOUND('',#823,.T.);
#623=FACE_OUTER_BOUND('',#824,.T.);
#624=FACE_OUTER_BOUND('',#825,.T.);
#625=FACE_OUTER_BOUND('',#826,.T.);
#626=FACE_OUTER_BOUND('',#827,.T.);
#627=FACE_OUTER_BOUND('',#828,.T.);
#628=FACE_OUTER_BOUND('',#829,.T.);
#629=FACE_OUTER_BOUND('',#830,.T.);
#630=FACE_OUTER_BOUND('',#831,.T.);
#631=FACE_OUTER_BOUND('',#832,.T.);
#632=FACE_OUTER_BOUND('',#833,.T.);
#633=FACE_OUTER_BOUND('',#834,.T.);
#634=FACE_OUTER_BOUND('',#835,.T.);
#635=FACE_OUTER_BOUND('',#836,.T.);
#636=FACE_OUTER_BOUND('',#837,.T.);
#637=FACE_OUTER_BOUND('',#838,.T.);
#638=FACE_OUTER_BOUND('',#839,.T.);
#639=FACE_OUTER_BOUND('',#840,.T.);
#640=FACE_OUTER_BOUND('',#841,.T.);
#641=FACE_OUTER_BOUND('',#842,.T.);
#642=FACE_OUTER_BOUND('',#843,.T.);
#643=FACE_OUTER_BOUND('',#844,.T.);
#644=FACE_OUTER_BOUND('',#845,.T.);
#645=FACE_OUTER_BOUND('',#846,.T.);
#646=FACE_OUTER_BOUND('',#847,.T.);
#647=FACE_OUTER_BOUND('',#848,.T.);
#648=FACE_OUTER_BOUND('',#849,.T.);
#649=FACE_OUTER_BOUND('',#850,.T.);
#650=FACE_OUTER_BOUND('',#851,.T.);
#651=FACE_OUTER_BOUND('',#852,.T.);
#652=FACE_OUTER_BOUND('',#853,.T.);
#653=FACE_OUTER_BOUND('',#854,.T.);
#654=FACE_OUTER_BOUND('',#855,.T.);
#655=FACE_OUTER_BOUND('',#856,.T.);
#656=FACE_OUTER_BOUND('',#857,.T.);
#657=FACE_OUTER_BOUND('',#858,.T.);
#658=FACE_OUTER_BOUND('',#859,.T.);
#659=FACE_OUTER_BOUND('',#860,.T.);
#660=FACE_OUTER_BOUND('',#861,.T.);
#661=FACE_OUTER_BOUND('',#862,.T.);
#662=FACE_OUTER_BOUND('',#863,.T.);
#663=FACE_OUTER_BOUND('',#864,.T.);
#664=FACE_OUTER_BOUND('',#865,.T.);
#665=FACE_OUTER_BOUND('',#866,.T.);
#666=FACE_OUTER_BOUND('',#867,.T.);
#667=FACE_OUTER_BOUND('',#868,.T.);
#668=FACE_OUTER_BOUND('',#869,.T.);
#669=FACE_OUTER_BOUND('',#870,.T.);
#670=FACE_OUTER_BOUND('',#871,.T.);
#671=FACE_OUTER_BOUND('',#872,.T.);
#672=FACE_OUTER_BOUND('',#873,.T.);
#673=FACE_OUTER_BOUND('',#874,.T.);
#674=FACE_OUTER_BOUND('',#875,.T.);
#675=FACE_OUTER_BOUND('',#876,.T.);
#676=FACE_OUTER_BOUND('',#877,.T.);
#677=FACE_OUTER_BOUND('',#878,.T.);
#678=FACE_OUTER_BOUND('',#879,.T.);
#679=FACE_OUTER_BOUND('',#880,.T.);
#680=FACE_OUTER_BOUND('',#881,.T.);
#681=FACE_OUTER_BOUND('',#882,.T.);
#682=FACE_OUTER_BOUND('',#883,.T.);
#683=FACE_OUTER_BOUND('',#884,.T.);
#684=FACE_OUTER_BOUND('',#885,.T.);
#685=FACE_OUTER_BOUND('',#886,.T.);
#686=FACE_OUTER_BOUND('',#887,.T.);
#687=FACE_OUTER_BOUND('',#888,.T.);
#688=FACE_OUTER_BOUND('',#889,.T.);
#689=FACE_OUTER_BOUND('',#890,.T.);
#690=FACE_OUTER_BOUND('',#891,.T.);
#691=FACE_OUTER_BOUND('',#892,.T.);
#692=FACE_OUTER_BOUND('',#893,.T.);
#693=FACE_OUTER_BOUND('',#894,.T.);
#694=FACE_OUTER_BOUND('',#895,.T.);
#695=FACE_OUTER_BOUND('',#896,.T.);
#696=FACE_OUTER_BOUND('',#897,.T.);
#697=FACE_OUTER_BOUND('',#898,.T.);
#698=FACE_OUTER_BOUND('',#899,.T.);
#699=FACE_OUTER_BOUND('',#900,.T.);
#700=FACE_OUTER_BOUND('',#901,.T.);
#701=FACE_OUTER_BOUND('',#902,.T.);
#702=FACE_OUTER_BOUND('',#903,.T.);
#703=FACE_OUTER_BOUND('',#904,.T.);
#704=FACE_OUTER_BOUND('',#905,.T.);
#705=FACE_OUTER_BOUND('',#906,.T.);
#706=FACE_OUTER_BOUND('',#907,.T.);
#707=FACE_OUTER_BOUND('',#908,.T.);
#708=FACE_OUTER_BOUND('',#909,.T.);
#709=FACE_OUTER_BOUND('',#910,.T.);
#710=FACE_OUTER_BOUND('',#911,.T.);
#711=EDGE_LOOP('',(#1951,#1952,#1953,#1954));
#712=EDGE_LOOP('',(#1955,#1956,#1957,#1958,#1959));
#713=EDGE_LOOP('',(#1960,#1961,#1962,#1963));
#714=EDGE_LOOP('',(#1964,#1965,#1966,#1967));
#715=EDGE_LOOP('',(#1968,#1969,#1970,#1971));
#716=EDGE_LOOP('',(#1972,#1973,#1974));
#717=EDGE_LOOP('',(#1975,#1976,#1977,#1978,#1979));
#718=EDGE_LOOP('',(#1980,#1981,#1982));
#719=EDGE_LOOP('',(#1983,#1984,#1985,#1986,#1987,#1988,#1989,#1990,#1991,
#1992,#1993,#1994));
#720=EDGE_LOOP('',(#1995,#1996,#1997,#1998));
#721=EDGE_LOOP('',(#1999,#2000,#2001,#2002));
#722=EDGE_LOOP('',(#2003,#2004,#2005,#2006));
#723=EDGE_LOOP('',(#2007,#2008,#2009,#2010));
#724=EDGE_LOOP('',(#2011,#2012,#2013,#2014));
#725=EDGE_LOOP('',(#2015,#2016,#2017,#2018,#2019,#2020,#2021,#2022,#2023));
#726=EDGE_LOOP('',(#2024));
#727=EDGE_LOOP('',(#2025,#2026,#2027,#2028));
#728=EDGE_LOOP('',(#2029,#2030,#2031,#2032));
#729=EDGE_LOOP('',(#2033,#2034,#2035,#2036,#2037,#2038,#2039,#2040));
#730=EDGE_LOOP('',(#2041,#2042));
#731=EDGE_LOOP('',(#2043,#2044,#2045,#2046,#2047));
#732=EDGE_LOOP('',(#2048));
#733=EDGE_LOOP('',(#2049,#2050,#2051,#2052,#2053));
#734=EDGE_LOOP('',(#2054,#2055,#2056,#2057));
#735=EDGE_LOOP('',(#2058,#2059,#2060,#2061));
#736=EDGE_LOOP('',(#2062,#2063,#2064));
#737=EDGE_LOOP('',(#2065,#2066,#2067,#2068));
#738=EDGE_LOOP('',(#2069,#2070,#2071,#2072));
#739=EDGE_LOOP('',(#2073,#2074,#2075,#2076));
#740=EDGE_LOOP('',(#2077,#2078,#2079,#2080));
#741=EDGE_LOOP('',(#2081,#2082,#2083,#2084));
#742=EDGE_LOOP('',(#2085,#2086,#2087,#2088));
#743=EDGE_LOOP('',(#2089,#2090,#2091,#2092));
#744=EDGE_LOOP('',(#2093,#2094,#2095,#2096));
#745=EDGE_LOOP('',(#2097,#2098,#2099,#2100));
#746=EDGE_LOOP('',(#2101,#2102,#2103,#2104));
#747=EDGE_LOOP('',(#2105,#2106,#2107,#2108));
#748=EDGE_LOOP('',(#2109,#2110,#2111));
#749=EDGE_LOOP('',(#2112,#2113,#2114,#2115));
#750=EDGE_LOOP('',(#2116,#2117,#2118,#2119));
#751=EDGE_LOOP('',(#2120,#2121,#2122,#2123));
#752=EDGE_LOOP('',(#2124,#2125,#2126,#2127));
#753=EDGE_LOOP('',(#2128,#2129,#2130,#2131));
#754=EDGE_LOOP('',(#2132,#2133,#2134,#2135));
#755=EDGE_LOOP('',(#2136,#2137,#2138,#2139,#2140));
#756=EDGE_LOOP('',(#2141,#2142,#2143,#2144,#2145,#2146));
#757=EDGE_LOOP('',(#2147,#2148,#2149));
#758=EDGE_LOOP('',(#2150,#2151,#2152,#2153,#2154));
#759=EDGE_LOOP('',(#2155,#2156,#2157,#2158));
#760=EDGE_LOOP('',(#2159,#2160,#2161,#2162));
#761=EDGE_LOOP('',(#2163,#2164,#2165,#2166));
#762=EDGE_LOOP('',(#2167,#2168,#2169,#2170));
#763=EDGE_LOOP('',(#2171,#2172,#2173,#2174));
#764=EDGE_LOOP('',(#2175,#2176,#2177,#2178));
#765=EDGE_LOOP('',(#2179,#2180,#2181,#2182));
#766=EDGE_LOOP('',(#2183,#2184,#2185,#2186,#2187));
#767=EDGE_LOOP('',(#2188,#2189,#2190,#2191,#2192));
#768=EDGE_LOOP('',(#2193,#2194,#2195,#2196,#2197,#2198));
#769=EDGE_LOOP('',(#2199,#2200,#2201,#2202));
#770=EDGE_LOOP('',(#2203,#2204,#2205,#2206,#2207,#2208));
#771=EDGE_LOOP('',(#2209,#2210,#2211,#2212,#2213,#2214));
#772=EDGE_LOOP('',(#2215));
#773=EDGE_LOOP('',(#2216,#2217,#2218,#2219));
#774=EDGE_LOOP('',(#2220,#2221,#2222,#2223));
#775=EDGE_LOOP('',(#2224,#2225,#2226,#2227,#2228,#2229,#2230,#2231,#2232,
#2233,#2234,#2235,#2236,#2237,#2238,#2239,#2240,#2241,#2242,#2243,#2244,
#2245,#2246,#2247,#2248,#2249,#2250,#2251,#2252,#2253,#2254,#2255,#2256,
#2257,#2258,#2259,#2260,#2261,#2262,#2263));
#776=EDGE_LOOP('',(#2264,#2265,#2266,#2267,#2268,#2269,#2270));
#777=EDGE_LOOP('',(#2271,#2272,#2273,#2274));
#778=EDGE_LOOP('',(#2275,#2276,#2277,#2278,#2279,#2280,#2281,#2282,#2283,
#2284,#2285,#2286,#2287,#2288,#2289,#2290,#2291,#2292,#2293,#2294,#2295));
#779=EDGE_LOOP('',(#2296,#2297,#2298,#2299));
#780=EDGE_LOOP('',(#2300,#2301,#2302,#2303,#2304,#2305,#2306,#2307,#2308,
#2309,#2310));
#781=EDGE_LOOP('',(#2311,#2312,#2313,#2314,#2315,#2316,#2317,#2318,#2319,
#2320,#2321,#2322,#2323,#2324));
#782=EDGE_LOOP('',(#2325,#2326,#2327,#2328));
#783=EDGE_LOOP('',(#2329,#2330,#2331,#2332,#2333,#2334,#2335,#2336,#2337,
#2338,#2339,#2340,#2341,#2342,#2343,#2344,#2345,#2346,#2347,#2348));
#784=EDGE_LOOP('',(#2349,#2350,#2351,#2352));
#785=EDGE_LOOP('',(#2353,#2354,#2355,#2356));
#786=EDGE_LOOP('',(#2357,#2358,#2359,#2360));
#787=EDGE_LOOP('',(#2361,#2362,#2363,#2364,#2365,#2366));
#788=EDGE_LOOP('',(#2367));
#789=EDGE_LOOP('',(#2368,#2369,#2370,#2371));
#790=EDGE_LOOP('',(#2372,#2373,#2374,#2375,#2376,#2377,#2378,#2379,#2380,
#2381,#2382,#2383,#2384));
#791=EDGE_LOOP('',(#2385,#2386,#2387,#2388));
#792=EDGE_LOOP('',(#2389,#2390,#2391,#2392,#2393,#2394,#2395));
#793=EDGE_LOOP('',(#2396,#2397,#2398,#2399,#2400,#2401));
#794=EDGE_LOOP('',(#2402,#2403,#2404,#2405,#2406,#2407,#2408));
#795=EDGE_LOOP('',(#2409,#2410,#2411,#2412));
#796=EDGE_LOOP('',(#2413,#2414,#2415,#2416,#2417,#2418,#2419));
#797=EDGE_LOOP('',(#2420,#2421,#2422));
#798=EDGE_LOOP('',(#2423,#2424,#2425,#2426));
#799=EDGE_LOOP('',(#2427,#2428,#2429));
#800=EDGE_LOOP('',(#2430,#2431,#2432,#2433));
#801=EDGE_LOOP('',(#2434,#2435,#2436,#2437,#2438));
#802=EDGE_LOOP('',(#2439,#2440,#2441,#2442,#2443,#2444,#2445));
#803=EDGE_LOOP('',(#2446,#2447,#2448,#2449));
#804=EDGE_LOOP('',(#2450,#2451,#2452,#2453));
#805=EDGE_LOOP('',(#2454,#2455,#2456,#2457));
#806=EDGE_LOOP('',(#2458,#2459,#2460,#2461));
#807=EDGE_LOOP('',(#2462,#2463,#2464,#2465));
#808=EDGE_LOOP('',(#2466,#2467,#2468,#2469));
#809=EDGE_LOOP('',(#2470,#2471,#2472,#2473));
#810=EDGE_LOOP('',(#2474,#2475,#2476,#2477));
#811=EDGE_LOOP('',(#2478,#2479,#2480,#2481));
#812=EDGE_LOOP('',(#2482,#2483,#2484,#2485));
#813=EDGE_LOOP('',(#2486,#2487,#2488,#2489));
#814=EDGE_LOOP('',(#2490,#2491,#2492,#2493,#2494,#2495,#2496,#2497));
#815=EDGE_LOOP('',(#2498,#2499,#2500,#2501));
#816=EDGE_LOOP('',(#2502,#2503,#2504,#2505));
#817=EDGE_LOOP('',(#2506,#2507,#2508,#2509));
#818=EDGE_LOOP('',(#2510,#2511,#2512,#2513));
#819=EDGE_LOOP('',(#2514,#2515,#2516,#2517));
#820=EDGE_LOOP('',(#2518,#2519,#2520,#2521));
#821=EDGE_LOOP('',(#2522,#2523,#2524));
#822=EDGE_LOOP('',(#2525,#2526,#2527,#2528));
#823=EDGE_LOOP('',(#2529,#2530,#2531,#2532));
#824=EDGE_LOOP('',(#2533,#2534,#2535,#2536));
#825=EDGE_LOOP('',(#2537,#2538,#2539,#2540));
#826=EDGE_LOOP('',(#2541,#2542,#2543,#2544));
#827=EDGE_LOOP('',(#2545,#2546,#2547,#2548));
#828=EDGE_LOOP('',(#2549,#2550,#2551));
#829=EDGE_LOOP('',(#2552,#2553,#2554,#2555));
#830=EDGE_LOOP('',(#2556,#2557,#2558));
#831=EDGE_LOOP('',(#2559,#2560,#2561,#2562));
#832=EDGE_LOOP('',(#2563,#2564,#2565,#2566));
#833=EDGE_LOOP('',(#2567,#2568,#2569));
#834=EDGE_LOOP('',(#2570,#2571,#2572,#2573));
#835=EDGE_LOOP('',(#2574,#2575,#2576,#2577));
#836=EDGE_LOOP('',(#2578,#2579,#2580,#2581));
#837=EDGE_LOOP('',(#2582,#2583,#2584,#2585));
#838=EDGE_LOOP('',(#2586,#2587,#2588,#2589));
#839=EDGE_LOOP('',(#2590,#2591,#2592,#2593));
#840=EDGE_LOOP('',(#2594,#2595,#2596,#2597));
#841=EDGE_LOOP('',(#2598,#2599,#2600,#2601));
#842=EDGE_LOOP('',(#2602,#2603,#2604,#2605));
#843=EDGE_LOOP('',(#2606,#2607,#2608,#2609));
#844=EDGE_LOOP('',(#2610,#2611,#2612,#2613));
#845=EDGE_LOOP('',(#2614,#2615,#2616,#2617));
#846=EDGE_LOOP('',(#2618,#2619,#2620,#2621));
#847=EDGE_LOOP('',(#2622,#2623,#2624,#2625));
#848=EDGE_LOOP('',(#2626,#2627,#2628,#2629));
#849=EDGE_LOOP('',(#2630,#2631,#2632,#2633));
#850=EDGE_LOOP('',(#2634,#2635,#2636,#2637));
#851=EDGE_LOOP('',(#2638,#2639,#2640,#2641));
#852=EDGE_LOOP('',(#2642,#2643,#2644,#2645));
#853=EDGE_LOOP('',(#2646,#2647,#2648,#2649));
#854=EDGE_LOOP('',(#2650,#2651,#2652,#2653));
#855=EDGE_LOOP('',(#2654,#2655,#2656,#2657));
#856=EDGE_LOOP('',(#2658,#2659,#2660,#2661));
#857=EDGE_LOOP('',(#2662,#2663,#2664,#2665));
#858=EDGE_LOOP('',(#2666,#2667,#2668,#2669));
#859=EDGE_LOOP('',(#2670,#2671,#2672,#2673));
#860=EDGE_LOOP('',(#2674,#2675,#2676,#2677));
#861=EDGE_LOOP('',(#2678,#2679,#2680,#2681));
#862=EDGE_LOOP('',(#2682,#2683,#2684,#2685));
#863=EDGE_LOOP('',(#2686,#2687,#2688,#2689));
#864=EDGE_LOOP('',(#2690,#2691,#2692,#2693));
#865=EDGE_LOOP('',(#2694,#2695,#2696,#2697));
#866=EDGE_LOOP('',(#2698,#2699,#2700,#2701));
#867=EDGE_LOOP('',(#2702,#2703,#2704,#2705));
#868=EDGE_LOOP('',(#2706,#2707,#2708,#2709));
#869=EDGE_LOOP('',(#2710,#2711,#2712,#2713));
#870=EDGE_LOOP('',(#2714,#2715,#2716,#2717));
#871=EDGE_LOOP('',(#2718,#2719,#2720,#2721));
#872=EDGE_LOOP('',(#2722,#2723,#2724,#2725));
#873=EDGE_LOOP('',(#2726,#2727,#2728,#2729));
#874=EDGE_LOOP('',(#2730,#2731,#2732,#2733));
#875=EDGE_LOOP('',(#2734,#2735,#2736,#2737));
#876=EDGE_LOOP('',(#2738,#2739,#2740,#2741));
#877=EDGE_LOOP('',(#2742,#2743,#2744,#2745));
#878=EDGE_LOOP('',(#2746,#2747,#2748,#2749));
#879=EDGE_LOOP('',(#2750,#2751,#2752,#2753));
#880=EDGE_LOOP('',(#2754,#2755,#2756,#2757));
#881=EDGE_LOOP('',(#2758,#2759,#2760,#2761));
#882=EDGE_LOOP('',(#2762,#2763,#2764,#2765));
#883=EDGE_LOOP('',(#2766,#2767,#2768,#2769));
#884=EDGE_LOOP('',(#2770,#2771,#2772,#2773));
#885=EDGE_LOOP('',(#2774,#2775,#2776,#2777));
#886=EDGE_LOOP('',(#2778,#2779,#2780,#2781));
#887=EDGE_LOOP('',(#2782,#2783,#2784,#2785));
#888=EDGE_LOOP('',(#2786,#2787,#2788,#2789));
#889=EDGE_LOOP('',(#2790,#2791,#2792,#2793));
#890=EDGE_LOOP('',(#2794,#2795,#2796,#2797));
#891=EDGE_LOOP('',(#2798,#2799,#2800,#2801));
#892=EDGE_LOOP('',(#2802,#2803,#2804,#2805));
#893=EDGE_LOOP('',(#2806,#2807,#2808,#2809));
#894=EDGE_LOOP('',(#2810,#2811,#2812,#2813));
#895=EDGE_LOOP('',(#2814,#2815,#2816,#2817));
#896=EDGE_LOOP('',(#2818,#2819,#2820,#2821));
#897=EDGE_LOOP('',(#2822,#2823,#2824,#2825));
#898=EDGE_LOOP('',(#2826,#2827,#2828,#2829));
#899=EDGE_LOOP('',(#2830,#2831,#2832,#2833));
#900=EDGE_LOOP('',(#2834,#2835,#2836,#2837));
#901=EDGE_LOOP('',(#2838,#2839,#2840,#2841));
#902=EDGE_LOOP('',(#2842,#2843,#2844,#2845));
#903=EDGE_LOOP('',(#2846,#2847,#2848,#2849));
#904=EDGE_LOOP('',(#2850,#2851,#2852,#2853));
#905=EDGE_LOOP('',(#2854,#2855,#2856,#2857));
#906=EDGE_LOOP('',(#2858,#2859,#2860,#2861,#2862,#2863,#2864));
#907=EDGE_LOOP('',(#2865,#2866,#2867,#2868));
#908=EDGE_LOOP('',(#2869,#2870,#2871,#2872));
#909=EDGE_LOOP('',(#2873,#2874,#2875,#2876));
#910=EDGE_LOOP('',(#2877,#2878,#2879,#2880));
#911=EDGE_LOOP('',(#2881,#2882,#2883,#2884));
#912=CIRCLE('',#3118,1.5);
#913=CIRCLE('',#3119,1.5);
#914=CIRCLE('',#3120,1.5);
#915=CIRCLE('',#3121,1.5);
#916=CIRCLE('',#3122,1.5);
#917=CIRCLE('',#3123,1.5);
#918=CIRCLE('',#3125,1.5);
#919=CIRCLE('',#3126,8.08);
#920=CIRCLE('',#3127,6.58);
#921=CIRCLE('',#3128,6.58);
#922=CIRCLE('',#3130,6.58);
#923=CIRCLE('',#3131,6.58);
#924=CIRCLE('',#3133,1.49999999999999);
#925=CIRCLE('',#3135,1.5);
#926=CIRCLE('',#3136,3.475);
#927=CIRCLE('',#3137,4.975);
#928=CIRCLE('',#3139,1.5);
#929=CIRCLE('',#3141,7.5);
#930=CIRCLE('',#3142,7.5);
#931=CIRCLE('',#3143,3.2258);
#932=CIRCLE('',#3146,3.475);
#933=CIRCLE('',#3147,1.975);
#934=CIRCLE('',#3151,5.08);
#935=CIRCLE('',#3152,1.5);
#936=CIRCLE('',#3156,1.);
#937=CIRCLE('',#3157,0.5);
#938=CIRCLE('',#3158,1.);
#939=CIRCLE('',#3159,1.5);
#940=CIRCLE('',#3160,1.00000000000001);
#941=CIRCLE('',#3161,0.5);
#942=CIRCLE('',#3162,1.);
#943=CIRCLE('',#3163,1.5);
#944=CIRCLE('',#3165,1.5);
#945=CIRCLE('',#3166,1.5);
#946=CIRCLE('',#3167,1.5);
#947=CIRCLE('',#3168,1.5);
#948=CIRCLE('',#3171,1.5);
#949=CIRCLE('',#3172,1.5);
#950=CIRCLE('',#3176,1.5);
#951=CIRCLE('',#3178,1.5);
#952=CIRCLE('',#3179,9.);
#953=CIRCLE('',#3180,7.5);
#954=CIRCLE('',#3182,1.5);
#955=CIRCLE('',#3184,1.5);
#956=CIRCLE('',#3185,9.);
#957=CIRCLE('',#3186,7.5);
#958=CIRCLE('',#3188,1.5);
#959=CIRCLE('',#3190,1.50000000000001);
#960=CIRCLE('',#3191,4.5);
#961=CIRCLE('',#3192,3.);
#962=CIRCLE('',#3195,1.5);
#963=CIRCLE('',#3196,1.5);
#964=CIRCLE('',#3197,1.5);
#965=CIRCLE('',#3199,1.5);
#966=CIRCLE('',#3200,1.5);
#967=CIRCLE('',#3201,1.5);
#968=CIRCLE('',#3202,1.5);
#969=CIRCLE('',#3203,1.5);
#970=CIRCLE('',#3205,1.5);
#971=CIRCLE('',#3209,1.5);
#972=CIRCLE('',#3210,1.50000000000001);
#973=CIRCLE('',#3213,1.50000000000001);
#974=CIRCLE('',#3215,1.5);
#975=CIRCLE('',#3216,9.);
#976=CIRCLE('',#3218,1.5);
#977=CIRCLE('',#3220,1.5);
#978=CIRCLE('',#3221,9.);
#979=CIRCLE('',#3224,1.5);
#980=CIRCLE('',#3227,1.);
#981=CIRCLE('',#3228,2.5);
#982=CIRCLE('',#3230,2.5);
#983=CIRCLE('',#3231,1.);
#984=CIRCLE('',#3234,7.75);
#985=CIRCLE('',#3237,25.);
#986=CIRCLE('',#3238,7.5);
#987=CIRCLE('',#3239,2.);
#988=CIRCLE('',#3240,25.);
#989=CIRCLE('',#3241,24.);
#990=CIRCLE('',#3242,4.);
#991=CIRCLE('',#3243,26.);
#992=CIRCLE('',#3244,6.5);
#993=CIRCLE('',#3245,26.);
#994=CIRCLE('',#3246,4.);
#995=CIRCLE('',#3247,24.);
#996=CIRCLE('',#3248,2.);
#997=CIRCLE('',#3249,4.);
#998=CIRCLE('',#3250,4.);
#999=CIRCLE('',#3251,2.);
#1000=CIRCLE('',#3252,24.);
#1001=CIRCLE('',#3253,4.);
#1002=CIRCLE('',#3254,6.5);
#1003=CIRCLE('',#3255,4.);
#1004=CIRCLE('',#3256,24.);
#1005=CIRCLE('',#3257,25.);
#1006=CIRCLE('',#3258,7.5);
#1007=CIRCLE('',#3259,25.);
#1008=CIRCLE('',#3260,2.);
#1009=CIRCLE('',#3264,4.);
#1010=CIRCLE('',#3265,2.);
#1011=CIRCLE('',#3266,24.);
#1012=CIRCLE('',#3267,4.);
#1013=CIRCLE('',#3268,26.);
#1014=CIRCLE('',#3269,5.5);
#1015=CIRCLE('',#3270,26.);
#1016=CIRCLE('',#3271,4.);
#1017=CIRCLE('',#3272,24.);
#1018=CIRCLE('',#3273,25.);
#1019=CIRCLE('',#3274,2.);
#1020=CIRCLE('',#3275,7.5);
#1021=CIRCLE('',#3276,25.);
#1022=CIRCLE('',#3278,1.);
#1023=CIRCLE('',#3281,6.75);
#1024=CIRCLE('',#3283,1.);
#1025=CIRCLE('',#3285,2.);
#1026=CIRCLE('',#3286,25.);
#1027=CIRCLE('',#3287,7.5);
#1028=CIRCLE('',#3288,25.);
#1029=CIRCLE('',#3289,24.);
#1030=CIRCLE('',#3290,4.);
#1031=CIRCLE('',#3291,6.5);
#1032=CIRCLE('',#3292,4.);
#1033=CIRCLE('',#3293,24.);
#1034=CIRCLE('',#3294,2.);
#1035=CIRCLE('',#3295,4.);
#1036=CIRCLE('',#3297,1.);
#1037=CIRCLE('',#3301,3.2258);
#1038=CIRCLE('',#3309,5.5);
#1039=CIRCLE('',#3312,3.);
#1040=CIRCLE('',#3313,1.);
#1041=CIRCLE('',#3315,1.);
#1042=CIRCLE('',#3316,3.);
#1043=CIRCLE('',#3318,1.);
#1044=CIRCLE('',#3319,6.75);
#1045=CIRCLE('',#3320,6.75);
#1046=CIRCLE('',#3340,1.);
#1047=CIRCLE('',#3341,23.);
#1048=CIRCLE('',#3343,5.);
#1049=CIRCLE('',#3346,1.);
#1050=CIRCLE('',#3347,5.);
#1051=CIRCLE('',#3349,23.);
#1052=CIRCLE('',#3351,1.);
#1053=CIRCLE('',#3352,5.);
#1054=CIRCLE('',#3354,1.);
#1055=CIRCLE('',#3355,23.);
#1056=CIRCLE('',#3357,1.);
#1057=CIRCLE('',#3358,3.);
#1058=CIRCLE('',#3361,1.);
#1059=CIRCLE('',#3362,1.);
#1060=CIRCLE('',#3363,1.);
#1061=CIRCLE('',#3365,1.00000000000001);
#1062=CIRCLE('',#3366,1.);
#1063=CIRCLE('',#3367,5.);
#1064=CIRCLE('',#3369,1.);
#1065=CIRCLE('',#3371,1.);
#1066=CIRCLE('',#3372,5.5);
#1067=CIRCLE('',#3374,1.);
#1068=CIRCLE('',#3376,1.);
#1069=CIRCLE('',#3377,5.);
#1070=CIRCLE('',#3379,23.);
#1071=CIRCLE('',#3381,1.);
#1072=CIRCLE('',#3382,1.);
#1073=CIRCLE('',#3383,0.999999999999995);
#1074=CIRCLE('',#3386,1.);
#1075=CIRCLE('',#3387,0.999999999999999);
#1076=CIRCLE('',#3388,1.);
#1077=CIRCLE('',#3391,26.);
#1078=CIRCLE('',#3393,1.);
#1079=CIRCLE('',#3394,1.);
#1080=CIRCLE('',#3395,1.);
#1081=CIRCLE('',#3398,1.);
#1082=CIRCLE('',#3400,1.);
#1083=CIRCLE('',#3401,8.5);
#1084=CIRCLE('',#3404,1.);
#1085=CIRCLE('',#3405,1.);
#1086=CIRCLE('',#3407,26.);
#1087=CIRCLE('',#3409,0.999999999999997);
#1088=CIRCLE('',#3410,1.);
#1089=CIRCLE('',#3411,1.);
#1090=CIRCLE('',#3414,1.);
#1091=CIRCLE('',#3415,1.);
#1092=CIRCLE('',#3416,1.);
#1093=CIRCLE('',#3418,1.);
#1094=CIRCLE('',#3419,1.);
#1095=CIRCLE('',#3420,1.);
#1096=CIRCLE('',#3422,26.);
#1097=CIRCLE('',#3424,1.);
#1098=CIRCLE('',#3426,1.);
#1099=CIRCLE('',#3427,8.5);
#1100=CIRCLE('',#3430,26.);
#1101=CIRCLE('',#3433,26.);
#1102=CIRCLE('',#3435,1.);
#1103=CIRCLE('',#3437,1.);
#1104=CIRCLE('',#3438,8.5);
#1105=CIRCLE('',#3441,26.);
#1106=CIRCLE('',#3444,26.);
#1107=CIRCLE('',#3446,1.);
#1108=CIRCLE('',#3448,1.);
#1109=CIRCLE('',#3449,8.5);
#1110=CIRCLE('',#3452,26.);
#1111=CIRCLE('',#3455,1.);
#1112=CIRCLE('',#3456,23.);
#1113=CIRCLE('',#3458,1.);
#1114=CIRCLE('',#3459,5.);
#1115=CIRCLE('',#3461,1.);
#1116=CIRCLE('',#3463,1.);
#1117=CIRCLE('',#3464,5.5);
#1118=CIRCLE('',#3466,1.);
#1119=CIRCLE('',#3468,1.);
#1120=CIRCLE('',#3469,5.);
#1121=CIRCLE('',#3471,1.);
#1122=CIRCLE('',#3472,23.);
#1123=CIRCLE('',#3474,1.);
#1124=CIRCLE('',#3475,3.);
#1125=CIRCLE('',#3477,1.);
#1126=CIRCLE('',#3479,1.);
#1127=CIRCLE('',#3480,3.);
#1128=CIRCLE('',#3482,1.);
#1129=CIRCLE('',#3484,1.);
#1130=CIRCLE('',#3485,3.);
#1131=CIRCLE('',#3487,1.);
#1132=CIRCLE('',#3489,1.);
#1133=CIRCLE('',#3490,3.);
#1134=CIRCLE('',#3492,1.);
#1135=CIRCLE('',#3493,23.);
#1136=CIRCLE('',#3495,5.);
#1137=CIRCLE('',#3497,0.999999999999999);
#1138=CIRCLE('',#3498,23.);
#1139=CIRCLE('',#3500,0.999999999999998);
#1140=CIRCLE('',#3501,3.);
#1141=B_SPLINE_CURVE_WITH_KNOTS('',3,(#4662,#4663,#4664,#4665,#4666,#4667,
#4668,#4669,#4670,#4671,#4672,#4673,#4674,#4675,#4676,#4677,#4678,#4679,
#4680,#4681,#4682,#4683,#4684),.UNSPECIFIED.,.F.,.F.,(4,1,1,1,1,1,1,1,1,
1,1,1,1,1,1,1,1,1,1,1,4),(0.,0.05,0.1,0.15,0.2,0.25,0.3,0.35,0.4,0.45,0.5,
0.55,0.6,0.65,0.7,0.75,0.8,0.85,0.9,0.95,1.),.UNSPECIFIED.);
#1142=B_SPLINE_CURVE_WITH_KNOTS('',3,(#4686,#4687,#4688,#4689,#4690,#4691),
 .UNSPECIFIED.,.F.,.F.,(4,1,1,4),(0.,0.333333333333333,0.666666666666667,
1.),.UNSPECIFIED.);
#1143=B_SPLINE_CURVE_WITH_KNOTS('',3,(#4693,#4694,#4695,#4696,#4697,#4698,
#4699,#4700,#4701,#4702,#4703,#4704,#4705,#4706,#4707,#4708,#4709,#4710,
#4711,#4712,#4713,#4714,#4715,#4716,#4717,#4718,#4719,#4720,#4721,#4722,
#4723,#4724,#4725,#4726,#4727,#4728,#4729,#4730,#4731,#4732,#4733,#4734,
#4735,#4736,#4737,#4738,#4739,#4740,#4741,#4742,#4743,#4744,#4745,#4746,
#4747,#4748,#4749,#4750,#4751,#4752,#4753,#4754,#4755,#4756,#4757,#4758,
#4759,#4760,#4761,#4762,#4763,#4764,#4765,#4766,#4767,#4768,#4769,#4770,
#4771,#4772,#4773,#4774,#4775,#4776,#4777,#4778,#4779,#4780,#4781,#4782,
#4783,#4784,#4785,#4786,#4787,#4788,#4789,#4790,#4791,#4792,#4793,#4794,
#4795,#4796,#4797,#4798,#4799,#4800,#4801,#4802,#4803,#4804),
 .UNSPECIFIED.,.F.,.F.,(4,3,3,3,3,3,3,3,3,3,3,3,3,3,3,3,3,3,3,3,3,3,3,3,
3,3,3,3,3,3,3,3,3,3,3,3,3,4),(0.421429293033123,0.442950478806982,0.468555513024271,
0.494271553527498,0.515308011115429,0.534303828411455,0.55206132388074,
0.568946385425678,0.585165737821409,0.600851188136462,0.616093433605536,
0.631552503029904,0.644632347402538,0.657434513232725,0.670902901903398,
0.685309864920081,0.701232386335756,0.721879758561856,0.740133718256336,
0.756375360865315,0.771601900811233,0.78504162251701,0.797792841161698,
0.810469166209037,0.824470020661495,0.836591852186295,0.849322508384939,
0.862900847180878,0.877818151869151,0.896745296510845,0.915819151379182,
0.930843661293324,0.944452888246123,0.957207586571282,0.969114280261083,
0.980662340082972,0.991756364581355,1.),.UNSPECIFIED.);
#1144=B_SPLINE_CURVE_WITH_KNOTS('',3,(#4945,#4946,#4947,#4948,#4949,#4950,
#4951,#4952,#4953,#4954,#4955,#4956,#4957,#4958,#4959,#4960,#4961,#4962,
#4963,#4964,#4965,#4966,#4967),.UNSPECIFIED.,.F.,.F.,(4,1,1,1,1,1,1,1,1,
1,1,1,1,1,1,1,1,1,1,1,4),(0.,0.05,0.1,0.15,0.2,0.25,0.3,0.35,0.4,0.45,0.5,
0.55,0.6,0.65,0.7,0.75,0.8,0.85,0.9,0.95,1.),.UNSPECIFIED.);
#1145=B_SPLINE_CURVE_WITH_KNOTS('',3,(#4971,#4972,#4973,#4974,#4975,#4976,
#4977,#4978,#4979,#4980,#4981,#4982,#4983,#4984,#4985,#4986,#4987,#4988,
#4989,#4990,#4991,#4992,#4993,#4994,#4995,#4996,#4997,#4998,#4999,#5000,
#5001,#5002,#5003,#5004,#5005,#5006,#5007,#5008,#5009,#5010,#5011,#5012,
#5013,#5014,#5015,#5016,#5017,#5018,#5019,#5020,#5021,#5022,#5023,#5024,
#5025,#5026,#5027,#5028,#5029,#5030,#5031,#5032,#5033,#5034,#5035,#5036,
#5037,#5038,#5039,#5040,#5041,#5042,#5043,#5044,#5045,#5046,#5047,#5048,
#5049,#5050,#5051,#5052,#5053,#5054,#5055,#5056,#5057,#5058,#5059,#5060,
#5061,#5062,#5063,#5064,#5065,#5066,#5067),.UNSPECIFIED.,.F.,.F.,(4,3,3,
3,3,3,3,3,3,3,3,3,3,3,3,3,3,3,3,3,3,3,3,3,3,3,3,3,3,3,3,3,4),(0.,0.0250850792989445,
0.050788158103338,0.0772123019057547,0.104496948314649,0.133481800434793,
0.164015851567378,0.196760770152351,0.233173033122021,0.280021632798042,
0.325020280748165,0.360803771147689,0.392929897852664,0.422933083936641,
0.451461052243061,0.478869558298239,0.509798262807647,0.536980005771996,
0.565918755411246,0.59621327813775,0.628521864931432,0.664011799490887,
0.70844773321696,0.753009691667185,0.788595551090767,0.820892878359395,
0.851187764888104,0.880061649460044,0.907844191950014,0.934374711726193,
0.960318707524373,0.98550264622326,1.),.UNSPECIFIED.);
#1146=B_SPLINE_CURVE_WITH_KNOTS('',3,(#5068,#5069,#5070,#5071,#5072,#5073,
#5074,#5075,#5076,#5077,#5078,#5079,#5080,#5081,#5082,#5083,#5084,#5085,
#5086,#5087,#5088,#5089,#5090,#5091,#5092,#5093,#5094,#5095,#5096,#5097,
#5098,#5099,#5100,#5101,#5102,#5103,#5104,#5105,#5106,#5107,#5108,#5109,
#5110,#5111,#5112,#5113,#5114,#5115,#5116,#5117,#5118,#5119,#5120,#5121,
#5122,#5123,#5124,#5125,#5126,#5127,#5128,#5129,#5130,#5131,#5132,#5133,
#5134,#5135,#5136,#5137,#5138,#5139,#5140,#5141,#5142,#5143),
 .UNSPECIFIED.,.F.,.F.,(4,3,3,3,3,3,3,3,3,3,3,3,3,3,3,3,3,3,3,3,3,3,3,3,
3,4),(0.,0.0140213329551079,0.0283443920205092,0.0430120762679027,0.0580802973043105,
0.0736243732551093,0.0897502652582697,0.106616191013571,0.124479940522152,
0.144934873224929,0.167931716335124,0.198021822003225,0.218987975435158,
0.237681402141316,0.255085821643507,0.2716041964877,0.28745433538637,0.302771710675706,
0.317954226751248,0.333161145153663,0.348733627803512,0.364746687282876,
0.381585966022131,0.399035411095996,0.4176311061285,0.421429293033123),
 .UNSPECIFIED.);
#1147=B_SPLINE_CURVE_WITH_KNOTS('',3,(#5283,#5284,#5285,#5286,#5287,#5288),
 .UNSPECIFIED.,.F.,.F.,(4,1,1,4),(0.,0.333333333333333,0.666666666666667,
1.),.UNSPECIFIED.);
#1148=B_SPLINE_CURVE_WITH_KNOTS('',3,(#5290,#5291,#5292,#5293,#5294,#5295,
#5296,#5297,#5298,#5299,#5300,#5301,#5302,#5303,#5304,#5305,#5306,#5307,
#5308,#5309,#5310,#5311,#5312,#5313,#5314,#5315,#5316,#5317,#5318,#5319,
#5320,#5321,#5322,#5323,#5324,#5325,#5326,#5327,#5328,#5329,#5330,#5331,
#5332,#5333,#5334,#5335,#5336,#5337,#5338,#5339,#5340,#5341,#5342,#5343,
#5344,#5345,#5346,#5347,#5348,#5349,#5350,#5351,#5352,#5353,#5354,#5355,
#5356,#5357,#5358,#5359,#5360,#5361,#5362,#5363,#5364,#5365,#5366,#5367,
#5368,#5369,#5370,#5371,#5372,#5373,#5374,#5375,#5376,#5377,#5378,#5379,
#5380,#5381,#5382,#5383,#5384,#5385,#5386,#5387,#5388,#5389,#5390,#5391,
#5392,#5393,#5394,#5395,#5396,#5397,#5398,#5399,#5400,#5401,#5402,#5403,
#5404,#5405,#5406,#5407,#5408,#5409,#5410,#5411,#5412,#5413,#5414,#5415,
#5416,#5417,#5418,#5419),.UNSPECIFIED.,.F.,.F.,(4,3,3,3,3,3,3,3,3,3,3,3,
3,3,3,3,3,3,3,3,3,3,3,3,3,3,3,3,3,3,3,3,3,3,3,3,3,3,3,3,3,3,3,4),(0.500000000000002,
0.513809965027716,0.527004728146965,0.539721036204955,0.552048239864175,
0.566595253899003,0.578805429299529,0.591967759633919,0.605298195765136,
0.619278081054233,0.634152902505405,0.650413587479662,0.669762995952495,
0.691194739868344,0.709363628816351,0.72501710359724,0.739441655016809,
0.753064387983254,0.766098854280789,0.778672460065835,0.790869420420724,
0.802747073686798,0.815075381581373,0.823490170924437,0.832491323032427,
0.842471484272775,0.855986796826614,0.867566150064304,0.877153666050969,
0.885907535180403,0.894139907572388,0.902075313589031,0.911021391762266,
0.918811087502427,0.927139471420066,0.93640281222273,0.949034430793933,
0.960075946102304,0.969088085842245,0.977008158717086,0.984569046134867,
0.991851782349088,0.998833227695635,1.),.UNSPECIFIED.);
#1149=B_SPLINE_CURVE_WITH_KNOTS('',3,(#5488,#5489,#5490,#5491,#5492,#5493,
#5494,#5495,#5496,#5497,#5498),.UNSPECIFIED.,.F.,.F.,(4,1,1,1,1,1,1,1,4),
(0.,0.125,0.25,0.375,0.5,0.625,0.75,0.875,1.),.UNSPECIFIED.);
#1150=B_SPLINE_CURVE_WITH_KNOTS('',3,(#5501,#5502,#5503,#5504,#5505,#5506,
#5507,#5508,#5509,#5510,#5511,#5512,#5513,#5514,#5515,#5516,#5517,#5518,
#5519,#5520,#5521,#5522,#5523,#5524,#5525,#5526,#5527,#5528,#5529,#5530,
#5531,#5532,#5533,#5534,#5535,#5536,#5537,#5538,#5539,#5540,#5541,#5542,
#5543,#5544,#5545,#5546,#5547,#5548,#5549,#5550,#5551,#5552,#5553,#5554,
#5555,#5556,#5557,#5558,#5559,#5560,#5561,#5562,#5563,#5564,#5565,#5566,
#5567,#5568,#5569,#5570,#5571,#5572,#5573,#5574,#5575,#5576,#5577,#5578,
#5579,#5580,#5581,#5582,#5583,#5584,#5585,#5586,#5587,#5588,#5589,#5590,
#5591,#5592,#5593,#5594,#5595,#5596,#5597,#5598,#5599,#5600,#5601,#5602,
#5603,#5604,#5605,#5606,#5607,#5608,#5609,#5610,#5611,#5612,#5613,#5614,
#5615,#5616,#5617,#5618),.UNSPECIFIED.,.F.,.F.,(4,3,3,3,3,3,3,3,3,3,3,3,
3,3,3,3,3,3,3,3,3,3,3,3,3,3,3,3,3,3,3,3,3,3,3,3,3,3,3,4),(0.,0.00895516064235195,
0.0181808151582288,0.0277339387012744,0.037697986648462,0.0482054707625892,
0.0594948707985693,0.0721530656737246,0.0903284228243912,0.103502703810625,
0.115893244316543,0.126812785278566,0.137034181925592,0.146765062327127,
0.15633494044031,0.166153260529031,0.176585971137498,0.187459131655115,
0.199001422926171,0.211559773827204,0.226055821378722,0.243842697459912,
0.258362324240563,0.270725800422147,0.282083947792843,0.292795310393079,
0.303035495892504,0.317974464162816,0.330206086771994,0.342777460799119,
0.355753540994958,0.369226173052812,0.383333942211798,0.398919587534956,
0.41611708470707,0.437412291485409,0.458203377025195,0.475317262838086,
0.490396060509041,0.500000000000002),.UNSPECIFIED.);
#1151=B_SPLINE_CURVE_WITH_KNOTS('',3,(#5686,#5687,#5688,#5689,#5690,#5691),
 .UNSPECIFIED.,.F.,.F.,(4,1,1,4),(0.,0.333333333333333,0.666666666666667,
1.),.UNSPECIFIED.);
#1152=B_SPLINE_CURVE_WITH_KNOTS('',3,(#5693,#5694,#5695,#5696,#5697,#5698,
#5699,#5700,#5701,#5702,#5703,#5704,#5705,#5706,#5707,#5708,#5709,#5710,
#5711,#5712,#5713,#5714,#5715,#5716,#5717,#5718,#5719,#5720,#5721,#5722,
#5723,#5724,#5725,#5726,#5727,#5728,#5729,#5730,#5731,#5732),
 .UNSPECIFIED.,.F.,.F.,(4,3,3,3,3,3,3,3,3,3,3,3,3,4),(0.500000000000009,
0.556828640540553,0.620339526770786,0.667797085924437,0.713191134321462,
0.759414103286059,0.806270930217406,0.854703197663055,0.889053369854039,
0.917146841023403,0.940481059985679,0.97024052999284,0.98784478524453,1.),
 .UNSPECIFIED.);
#1153=B_SPLINE_CURVE_WITH_KNOTS('',3,(#5788,#5789,#5790,#5791,#5792,#5793,
#5794,#5795,#5796,#5797),.UNSPECIFIED.,.F.,.F.,(4,1,1,1,1,2,4),(-0.785866988445068,
-0.628693590756054,-0.471520193067041,-0.314346795378027,-0.157173397689014,
0.,0.00105365375020164),.UNSPECIFIED.);
#1154=B_SPLINE_CURVE_WITH_KNOTS('',3,(#5798,#5799,#5800,#5801,#5802,#5803,
#5804,#5805,#5806,#5807),.UNSPECIFIED.,.F.,.F.,(4,2,1,1,1,1,4),(-0.00105365375020164,
0.,0.157173397689014,0.314346795378027,0.471520193067041,0.628693590756054,
0.785866988445068),.UNSPECIFIED.);
#1155=B_SPLINE_CURVE_WITH_KNOTS('',3,(#5877,#5878,#5879,#5880,#5881,#5882,
#5883,#5884,#5885,#5886,#5887,#5888),.UNSPECIFIED.,.F.,.F.,(4,1,1,1,1,1,
1,2,4),(0.,0.157173397688523,0.314346795377047,0.47152019306557,0.550106891909832,
0.628693590754094,0.707280289598355,0.785866988442617,0.786920642193133),
 .UNSPECIFIED.);
#1156=B_SPLINE_CURVE_WITH_KNOTS('',3,(#5889,#5890,#5891,#5892,#5893,#5894,
#5895,#5896,#5897,#5898,#5899,#5900),.UNSPECIFIED.,.F.,.F.,(4,2,1,1,1,1,
1,1,4),(-0.786920642193133,-0.785866988442617,-0.707280289598355,-0.628693590754094,
-0.550106891909832,-0.47152019306557,-0.314346795377047,-0.157173397688523,
0.),.UNSPECIFIED.);
#1157=B_SPLINE_CURVE_WITH_KNOTS('',3,(#5909,#5910,#5911,#5912,#5913,#5914,
#5915),.UNSPECIFIED.,.F.,.F.,(4,1,1,1,4),(3.24178058260326,3.37874312452724,
3.6526682083752,3.92659329222316,4.20051837607113),.UNSPECIFIED.);
#1158=B_SPLINE_CURVE_WITH_KNOTS('',3,(#5917,#5918,#5919,#5920),
 .UNSPECIFIED.,.F.,.F.,(4,4),(0.,0.186009127044553),.UNSPECIFIED.);
#1159=B_SPLINE_CURVE_WITH_KNOTS('',3,(#5927,#5928,#5929,#5930,#5931,#5932),
 .UNSPECIFIED.,.F.,.F.,(4,1,1,4),(0.159923924866363,0.366122938048871,0.50358894683721,
0.641054955625549),.UNSPECIFIED.);
#1160=B_SPLINE_CURVE_WITH_KNOTS('',3,(#5965,#5966,#5967,#5968,#5969,#5970,
#5971,#5972,#5973,#5974),.UNSPECIFIED.,.F.,.F.,(4,2,2,2,4),(0.,0.075580815279886,
0.165296011945099,0.256429155879447,0.257613100833293),.UNSPECIFIED.);
#1161=B_SPLINE_CURVE_WITH_KNOTS('',3,(#5977,#5978,#5979,#5980,#5981),
 .UNSPECIFIED.,.F.,.F.,(4,1,4),(-0.641054955625549,-0.50358894683721,-0.410495554844207),
 .UNSPECIFIED.);
#1162=B_SPLINE_CURVE_WITH_KNOTS('',3,(#6050,#6051,#6052,#6053,#6054,#6055,
#6056,#6057,#6058,#6059),.UNSPECIFIED.,.F.,.F.,(4,2,2,2,4),(-3.96887929465881E-5,
0.,0.00273088271743253,0.00603968233997163,0.0110336850563363),
 .UNSPECIFIED.);
#1163=B_SPLINE_CURVE_WITH_KNOTS('',3,(#6060,#6061,#6062,#6063,#6064,#6065,
#6066,#6067,#6068,#6069,#6070,#6071,#6072,#6073,#6074,#6075,#6076,#6077,
#6078,#6079,#6080,#6081,#6082,#6083,#6084,#6085,#6086,#6087,#6088,#6089,
#6090,#6091,#6092,#6093,#6094,#6095,#6096,#6097,#6098,#6099,#6100,#6101,
#6102,#6103,#6104,#6105,#6106,#6107,#6108,#6109,#6110,#6111,#6112,#6113,
#6114,#6115,#6116,#6117,#6118,#6119,#6120,#6121,#6122,#6123,#6124,#6125,
#6126,#6127,#6128,#6129,#6130,#6131,#6132,#6133,#6134,#6135,#6136,#6137,
#6138,#6139,#6140,#6141),.UNSPECIFIED.,.F.,.F.,(4,3,3,3,3,3,3,3,3,3,3,3,
3,3,3,3,3,3,3,3,3,3,3,3,3,3,3,4),(0.249887906999302,0.255890996084093,0.261440530408461,
0.270264964920359,0.279591998939402,0.284736197926352,0.291734508584834,
0.319463665843086,0.331155994326798,0.359188867916897,0.38744680184573,
0.415508962084271,0.424003834346625,0.429940815187273,0.470429885629783,
0.493677893241678,0.516937833140403,0.57281282218051,0.623341132512248,
0.628687811220617,0.692513111561575,0.702733663326604,0.759358827361996,
0.770634374497989,0.805706042990405,0.838956931035911,0.870109010335295,
0.888244346658846),.UNSPECIFIED.);
#1164=B_SPLINE_CURVE_WITH_KNOTS('',3,(#6142,#6143,#6144,#6145,#6146,#6147,
#6148,#6149,#6150,#6151,#6152,#6153,#6154,#6155,#6156,#6157,#6158,#6159,
#6160,#6161,#6162,#6163,#6164,#6165,#6166,#6167,#6168,#6169,#6170,#6171,
#6172,#6173,#6174,#6175,#6176,#6177,#6178,#6179,#6180,#6181,#6182,#6183,
#6184,#6185,#6186,#6187,#6188,#6189,#6190,#6191,#6192,#6193,#6194,#6195,
#6196,#6197,#6198,#6199,#6200,#6201,#6202,#6203,#6204,#6205,#6206,#6207,
#6208,#6209,#6210,#6211,#6212,#6213,#6214,#6215,#6216,#6217,#6218,#6219,
#6220,#6221,#6222,#6223,#6224,#6225,#6226,#6227,#6228,#6229,#6230,#6231,
#6232,#6233,#6234,#6235,#6236,#6237,#6238,#6239,#6240,#6241,#6242,#6243,
#6244,#6245,#6246,#6247),.UNSPECIFIED.,.F.,.F.,(4,3,3,3,3,3,3,3,3,3,3,3,
3,3,3,3,3,3,3,3,3,3,3,3,3,3,3,3,3,3,3,3,3,3,3,4),(-0.888244346658846,-0.852855417978111,
-0.813988063441565,-0.78615999701165,-0.774013165633213,-0.765143300541705,
-0.702675797721905,-0.656230925166585,-0.637505862945519,-0.628805123866872,
-0.620478740757167,-0.564168743174517,-0.516896307500622,-0.493638031337209,
-0.470391494138763,-0.447178898571745,-0.431856944463569,-0.424465280106888,
-0.423966303004728,-0.367165477015802,-0.331075180902797,-0.300372295826703,
-0.291734508584834,-0.284734606572446,-0.270824107138993,-0.269276816200269,
-0.261564166811686,-0.258047970007987,-0.25422974797936,-0.251154693155472,
-0.248298097106885,-0.246339889939665,-0.244039356392736,-0.24277508189348,
-0.24037979950721,-0.238731039971255),.UNSPECIFIED.);
#1165=B_SPLINE_CURVE_WITH_KNOTS('',3,(#6271,#6272,#6273,#6274,#6275,#6276,
#6277,#6278,#6279,#6280,#6281,#6282,#6283,#6284),.UNSPECIFIED.,.F.,.F.,
(4,2,2,2,2,2,4),(-0.25253573013403,-0.251932933883057,-0.210830567490615,
-0.169874470043469,-0.109341666315279,-0.0536601496207416,0.),
 .UNSPECIFIED.);
#1166=B_SPLINE_CURVE_WITH_KNOTS('',3,(#6287,#6288,#6289,#6290,#6291,#6292,
#6293,#6294,#6295,#6296,#6297,#6298,#6299,#6300),.UNSPECIFIED.,.F.,.F.,
(4,2,2,2,2,2,4),(-0.000605747488861782,0.,0.0413035999951792,0.0824602149250571,
0.14328938198332,0.19924351052953,0.253166375564968),.UNSPECIFIED.);
#1167=B_SPLINE_CURVE_WITH_KNOTS('',3,(#6309,#6310,#6311,#6312),
 .UNSPECIFIED.,.F.,.F.,(4,4),(0.248965565923724,0.266207141968354),
 .UNSPECIFIED.);
#1168=B_SPLINE_CURVE_WITH_KNOTS('',3,(#6316,#6317,#6318,#6319),
 .UNSPECIFIED.,.F.,.F.,(4,4),(-0.337230147543954,-0.334901293276418),
 .UNSPECIFIED.);
#1169=B_SPLINE_CURVE_WITH_KNOTS('',3,(#6397,#6398,#6399,#6400,#6401),
 .UNSPECIFIED.,.F.,.F.,(4,1,4),(0.0576648188928372,0.904881586858528,2.03450394414612),
 .UNSPECIFIED.);
#1170=B_SPLINE_CURVE_WITH_KNOTS('',3,(#6404,#6405,#6406,#6407,#6408),
 .UNSPECIFIED.,.F.,.F.,(4,1,4),(-2.03450394414612,-0.904881586858528,-0.0576648188928372),
 .UNSPECIFIED.);
#1171=B_SPLINE_CURVE_WITH_KNOTS('',3,(#6523,#6524,#6525,#6526),
 .UNSPECIFIED.,.F.,.F.,(4,4),(-0.621453224879286,0.),.UNSPECIFIED.);
#1172=B_SPLINE_CURVE_WITH_KNOTS('',3,(#6529,#6530,#6531,#6532),
 .UNSPECIFIED.,.F.,.F.,(4,4),(0.,0.621453224879286),.UNSPECIFIED.);
#1173=B_SPLINE_CURVE_WITH_KNOTS('',3,(#6568,#6569,#6570,#6571,#6572,#6573,
#6574),.UNSPECIFIED.,.F.,.F.,(4,1,1,1,4),(-1.95885544126166,-1.39918245804404,
-0.839509474826425,-0.279836491608808,0.),.UNSPECIFIED.);
#1174=B_SPLINE_CURVE_WITH_KNOTS('',3,(#6575,#6576,#6577,#6578,#6579,#6580,
#6581),.UNSPECIFIED.,.F.,.F.,(4,1,1,1,4),(0.,0.279836491608808,0.839509474826425,
1.39918245804404,1.95885544126166),.UNSPECIFIED.);
#1175=B_SPLINE_CURVE_WITH_KNOTS('',3,(#6598,#6599,#6600,#6601),
 .UNSPECIFIED.,.F.,.F.,(4,4),(0.136936300748793,1.2962287002894),
 .UNSPECIFIED.);
#1176=B_SPLINE_CURVE_WITH_KNOTS('',3,(#6604,#6605,#6606,#6607),
 .UNSPECIFIED.,.F.,.F.,(4,4),(-1.2962287002894,-0.136936300748793),
 .UNSPECIFIED.);
#1177=B_SPLINE_CURVE_WITH_KNOTS('',3,(#6624,#6625,#6626,#6627),
 .UNSPECIFIED.,.F.,.F.,(4,4),(-0.186009127044553,0.),.UNSPECIFIED.);
#1178=B_SPLINE_CURVE_WITH_KNOTS('',3,(#6768,#6769,#6770,#6771,#6772,#6773,
#6774,#6775,#6776,#6777,#6778,#6779,#6780,#6781,#6782,#6783,#6784,#6785,
#6786,#6787,#6788,#6789,#6790,#6791,#6792,#6793,#6794,#6795,#6796,#6797,
#6798,#6799,#6800,#6801,#6802,#6803,#6804,#6805,#6806,#6807),
 .UNSPECIFIED.,.F.,.F.,(4,3,3,3,3,3,3,3,3,3,3,3,3,4),(0.,0.0286008429921341,
0.0607874823299379,0.0973224513372065,0.139101212108518,0.174358679082078,
0.205714136368923,0.245371361487794,0.28816220515441,0.336940295255737,
0.378757054327927,0.417541604485802,0.464756806040001,0.500000000000009),
 .UNSPECIFIED.);
#1179=B_SPLINE_CURVE_WITH_KNOTS('',3,(#6842,#6843,#6844,#6845,#6846,#6847,
#6848,#6849,#6850,#6851,#6852,#6853,#6854,#6855,#6856,#6857,#6858,#6859,
#6860,#6861,#6862,#6863,#6864,#6865,#6866,#6867,#6868,#6869,#6870,#6871,
#6872,#6873,#6874,#6875,#6876,#6877,#6878,#6879,#6880,#6881,#6882,#6883,
#6884),.UNSPECIFIED.,.F.,.F.,(4,3,3,3,3,3,3,3,3,3,3,3,3,3,4),(-0.000567091133090679,
0.,0.0200345891869235,0.040069178373847,0.059098587638559,0.077788874365548,
0.0801483151877719,0.0984214002583427,0.116131625408983,0.121708322549968,
0.140582232218624,0.158727476707401,0.177527210761661,0.194753847993362,
0.196326944815921),.UNSPECIFIED.);
#1180=B_SPLINE_CURVE_WITH_KNOTS('',3,(#6913,#6914,#6915,#6916,#6917,#6918,
#6919,#6920,#6921,#6922,#6923,#6924,#6925,#6926,#6927,#6928,#6929,#6930,
#6931,#6932,#6933,#6934,#6935,#6936,#6937,#6938,#6939,#6940,#6941,#6942,
#6943,#6944,#6945,#6946,#6947,#6948,#6949),.UNSPECIFIED.,.F.,.F.,(4,3,3,
3,3,3,3,3,3,3,3,3,4),(-0.000530036776464369,0.,0.0183190195644302,0.0366380391288604,
0.0549748155621123,0.0733115919953642,0.0812151455564575,0.0993419175985249,
0.117584164551246,0.13221980013656,0.150428900263912,0.168847973373858,
0.187267046483804),.UNSPECIFIED.);
#1181=B_SPLINE_CURVE_WITH_KNOTS('',3,(#6987,#6988,#6989,#6990,#6991,#6992,
#6993,#6994,#6995,#6996,#6997,#6998,#6999,#7000,#7001,#7002,#7003,#7004,
#7005,#7006,#7007,#7008,#7009,#7010,#7011,#7012,#7013,#7014,#7015,#7016,
#7017,#7018,#7019,#7020,#7021,#7022,#7023,#7024,#7025,#7026,#7027,#7028,
#7029,#7030,#7031,#7032,#7033,#7034,#7035,#7036,#7037,#7038,#7039,#7040,
#7041,#7042,#7043,#7044,#7045,#7046,#7047,#7048,#7049,#7050,#7051,#7052,
#7053),.UNSPECIFIED.,.F.,.F.,(4,3,3,3,3,3,3,3,3,3,3,3,3,3,3,3,3,3,3,3,3,
3,4),(-4.20051837607113,-4.14990876001527,-4.11029120210466,-4.04916625734313,
-3.98768771176795,-3.92659478430702,-3.91529252394228,-3.85081181390282,
-3.78707175942414,-3.73311143479114,-3.66986721188208,-3.6526279408801,
-3.59089050449252,-3.56353361242223,-3.51173176424696,-3.45946563013194,
-3.40657839748104,-3.39377277465503,-3.37876006333131,-3.34225541910726,
-3.31706349603863,-3.2672577785205,-3.24178058260326),.UNSPECIFIED.);
#1182=B_SPLINE_CURVE_WITH_KNOTS('',3,(#7078,#7079,#7080,#7081),
 .UNSPECIFIED.,.F.,.F.,(4,4),(0.930211659750685,0.992267712734755),
 .UNSPECIFIED.);
#1183=B_SPLINE_CURVE_WITH_KNOTS('',3,(#7085,#7086,#7087,#7088,#7089,#7090,
#7091,#7092,#7093,#7094,#7095,#7096,#7097,#7098),.UNSPECIFIED.,.F.,.F.,
(4,2,2,2,2,2,4),(-0.000821185360546831,0.,0.0308706565694721,0.0617691541312988,
0.119554857349494,0.154815534137336,0.194119749829621),.UNSPECIFIED.);
#1184=B_SPLINE_CURVE_WITH_KNOTS('',3,(#7102,#7103,#7104,#7105,#7106,#7107,
#7108,#7109,#7110,#7111,#7112,#7113,#7114,#7115),.UNSPECIFIED.,.F.,.F.,
(4,2,2,2,2,2,4),(1.28363070746118E-6,0.0326578015228162,0.0641209423961322,
0.112300861713482,0.137766658896803,0.163216126631468,0.163879655368975),
 .UNSPECIFIED.);
#1185=B_SPLINE_CURVE_WITH_KNOTS('',3,(#7120,#7121,#7122,#7123),
 .UNSPECIFIED.,.F.,.F.,(4,4),(0.,0.062054873675679),.UNSPECIFIED.);
#1186=B_SPLINE_CURVE_WITH_KNOTS('',3,(#7124,#7125,#7126,#7127),
 .UNSPECIFIED.,.F.,.F.,(4,4),(0.062054873675679,0.0620560529840712),
 .UNSPECIFIED.);
#1187=B_SPLINE_CURVE_WITH_KNOTS('',3,(#7132,#7133,#7134,#7135,#7136,#7137,
#7138,#7139,#7140,#7141,#7142,#7143,#7144,#7145),.UNSPECIFIED.,.F.,.F.,
(4,2,2,2,2,2,4),(-0.34380871502896,-0.343279911865811,-0.313261553386137,
-0.2838107845332,-0.24165349825607,-0.205386929646135,-0.171639955932911),
 .UNSPECIFIED.);
#1188=B_SPLINE_CURVE_WITH_KNOTS('',3,(#7167,#7168,#7169,#7170),
 .UNSPECIFIED.,.F.,.F.,(4,4),(3.83470966213041,4.24865500515544),
 .UNSPECIFIED.);
#1189=B_SPLINE_CURVE_WITH_KNOTS('',3,(#7265,#7266,#7267,#7268,#7269,#7270,
#7271,#7272,#7273,#7274,#7275,#7276,#7277,#7278),.UNSPECIFIED.,.F.,.F.,
(4,2,2,2,2,2,4),(-0.000528803162688323,0.,0.0300183584647889,0.0594691273004688,
0.101626413552891,0.137892982141578,0.171639955835029),.UNSPECIFIED.);
#1190=B_SPLINE_CURVE_WITH_KNOTS('',3,(#7323,#7324,#7325,#7326,#7327,#7328,
#7329,#7330),.UNSPECIFIED.,.F.,.F.,(4,2,2,4),(2.78146866061373,2.7823610748125,
3.04141305070085,3.3004650265892),.UNSPECIFIED.);
#1191=B_SPLINE_CURVE_WITH_KNOTS('',3,(#7332,#7333,#7334,#7335,#7336,#7337,
#7338,#7339,#7340,#7341,#7342,#7343,#7344,#7345,#7346,#7347,#7348,#7349,
#7350,#7351,#7352,#7353,#7354,#7355,#7356,#7357,#7358,#7359,#7360),
 .UNSPECIFIED.,.F.,.F.,(4,2,2,2,2,3,2,2,2,2,2,2,2,4),(3.3004650265892,3.62606123702304,
3.95165744745689,4.24488271419737,4.39149534756761,4.53810798093785,4.68472061430809,
4.83133324767832,5.1245585144188,5.45015472485265,5.7757509352865,6.03480291117485,
6.2938548870632,6.29474730126324),.UNSPECIFIED.);
#1192=B_SPLINE_CURVE_WITH_KNOTS('',3,(#7367,#7368,#7369,#7370,#7371,#7372,
#7373,#7374,#7375,#7376,#7377,#7378),.UNSPECIFIED.,.F.,.F.,(4,2,1,1,1,1,
1,1,4),(-0.410042449754499,-0.409409993958969,-0.286586995771278,-0.245645996375382,
-0.163763997583588,-0.122822998187691,-0.0818819987917939,-0.0409409993958969,
0.),.UNSPECIFIED.);
#1193=B_SPLINE_CURVE_WITH_KNOTS('',3,(#7385,#7386,#7387,#7388,#7389,#7390,
#7391,#7392),.UNSPECIFIED.,.F.,.F.,(4,1,1,2,4),(-0.409409993958413,-0.245645996375048,
-0.163763997583365,0.,0.000632455795529819),.UNSPECIFIED.);
#1194=B_SPLINE_CURVE_WITH_KNOTS('',3,(#7458,#7459,#7460,#7461,#7462,#7463,
#7464,#7465,#7466,#7467,#7468,#7469),.UNSPECIFIED.,.F.,.F.,(4,2,2,2,2,4),
(0.176511425880953,0.197962349115882,0.236868903832088,0.275343162551402,
0.313342977051319,0.334135710526385),.UNSPECIFIED.);
#1195=B_SPLINE_CURVE_WITH_KNOTS('',3,(#7471,#7472,#7473,#7474,#7475,#7476,
#7477,#7478,#7479,#7480,#7481,#7482),.UNSPECIFIED.,.F.,.F.,(4,2,2,2,2,4),
(0.0188674963976434,0.0399240242217535,0.0796423129489493,0.119546710002625,
0.158873674116285,0.176509058820431),.UNSPECIFIED.);
#1196=B_SPLINE_CURVE_WITH_KNOTS('',3,(#7486,#7487,#7488,#7489,#7490,#7491,
#7492,#7493,#7494,#7495,#7496,#7497),.UNSPECIFIED.,.F.,.F.,(4,2,2,2,2,4),
(0.34325060792791,0.378495247400118,0.42157004447742,0.461510035891461,
0.499378277433876,0.508029245367797),.UNSPECIFIED.);
#1197=B_SPLINE_CURVE_WITH_KNOTS('',3,(#7500,#7501,#7502,#7503,#7504,#7505,
#7506,#7507,#7508,#7509,#7510,#7511),.UNSPECIFIED.,.F.,.F.,(4,2,2,2,2,4),
(0.508029245367733,0.536621980283713,0.574436328408224,0.614058396332595,
0.643008190530469,0.672645890905126),.UNSPECIFIED.);
#1198=B_SPLINE_CURVE_WITH_KNOTS('',3,(#7553,#7554,#7555,#7556,#7557,#7558,
#7559,#7560),.UNSPECIFIED.,.F.,.F.,(4,2,1,1,4),(-0.000632455795529819,0.,
0.163763997583365,0.245645996375048,0.409409993958413),.UNSPECIFIED.);
#1199=B_SPLINE_CURVE_WITH_KNOTS('',3,(#7625,#7626,#7627,#7628,#7629,#7630,
#7631,#7632,#7633,#7634,#7635,#7636),.UNSPECIFIED.,.F.,.F.,(4,1,1,1,1,1,
1,2,4),(0.,0.0409409993958969,0.0818819987917939,0.122822998187691,0.163763997583588,
0.245645996375382,0.286586995771278,0.409409993958969,0.410042449754499),
 .UNSPECIFIED.);
#1200=B_SPLINE_CURVE_WITH_KNOTS('',3,(#7684,#7685,#7686,#7687,#7688,#7689,
#7690,#7691,#7692,#7693),.UNSPECIFIED.,.F.,.F.,(4,2,2,2,4),(0.346026991272378,
0.37952170618626,0.419139582711891,0.466649540768742,0.520492724264294),
 .UNSPECIFIED.);
#1201=B_SPLINE_CURVE_WITH_KNOTS('',3,(#7702,#7703,#7704,#7705,#7706,#7707,
#7708,#7709,#7710,#7711),.UNSPECIFIED.,.F.,.F.,(4,2,2,2,4),(0.863615240825216,
0.917458424320769,0.96496838237762,1.00458625890325,1.03808097381713),
 .UNSPECIFIED.);
#1202=B_SPLINE_CURVE_WITH_KNOTS('',3,(#7713,#7714,#7715,#7716,#7717,#7718,
#7719,#7720,#7721,#7722),.UNSPECIFIED.,.F.,.F.,(4,2,2,2,4),(0.680179253220526,
0.714456025157333,0.753100902577239,0.797897454807993,0.849057376254527),
 .UNSPECIFIED.);
#1203=B_SPLINE_CURVE_WITH_KNOTS('',3,(#7725,#7726,#7727,#7728,#7729,#7730,
#7731,#7732,#7733,#7734),.UNSPECIFIED.,.F.,.F.,(4,2,2,2,4),(0.511301130186525,
0.562461051633059,0.607257603863813,0.645902481283719,0.680179253220526),
 .UNSPECIFIED.);
#1204=B_SPLINE_CURVE_WITH_KNOTS('',3,(#7746,#7747,#7748,#7749,#7750,#7751,
#7752,#7753,#7754,#7755),.UNSPECIFIED.,.F.,.F.,(4,2,2,2,4),(0.,0.0466090772605675,
0.0887022869250011,0.127972563096147,0.164844066386032),.UNSPECIFIED.);
#1205=B_SPLINE_CURVE_WITH_KNOTS('',3,(#7816,#7817,#7818,#7819,#7820,#7821,
#7822,#7823,#7824,#7825,#7826,#7827,#7828,#7829),.UNSPECIFIED.,.F.,.F.,
(4,2,2,2,2,2,4),(-0.353079462623545,-0.352524969072814,-0.319132939187842,
-0.286615182164252,-0.243983379570936,-0.208625395232728,-0.17626248453637),
 .UNSPECIFIED.);
#1206=B_SPLINE_CURVE_WITH_KNOTS('',3,(#7850,#7851,#7852,#7853,#7854,#7855,
#7856,#7857,#7858,#7859,#7860,#7861,#7862,#7863),.UNSPECIFIED.,.F.,.F.,
(4,2,2,2,2,2,4),(-0.000554488823074319,0.,0.0333914032846094,0.0659085962363067,
0.108540329061428,0.143898479485168,0.176261633730538),.UNSPECIFIED.);
#1207=B_SPLINE_CURVE_WITH_KNOTS('',3,(#7892,#7893,#7894,#7895,#7896,#7897,
#7898,#7899,#7900,#7901,#7902,#7903,#7904,#7905),.UNSPECIFIED.,.F.,.F.,
(4,2,2,2,2,2,4),(-0.353077752435019,-0.352523263622592,-0.319131861750262,
-0.286614670069778,-0.243982937402427,-0.208624786605007,-0.176261631811413),
 .UNSPECIFIED.);
#1208=B_SPLINE_CURVE_WITH_KNOTS('',3,(#7928,#7929,#7930,#7931,#7932,#7933,
#7934,#7935,#7936,#7937,#7938,#7939,#7940,#7941),.UNSPECIFIED.,.F.,.F.,
(4,2,2,2,2,2,4),(-0.000554488812264755,0.,0.0333914018722819,0.0659085935524017,
0.108540326219192,0.143898477016148,0.176261631809316),.UNSPECIFIED.);
#1209=B_SPLINE_CURVE_WITH_KNOTS('',3,(#7954,#7955,#7956,#7957,#7958,#7959,
#7960,#7961,#7962,#7963,#7964,#7965,#7966,#7967),.UNSPECIFIED.,.F.,.F.,
(4,2,2,2,2,2,4),(-0.353077756260526,-0.352523267437593,-0.319131864154917,
-0.286614671205445,-0.243982938383248,-0.208624787961932,-0.17626163371878),
 .UNSPECIFIED.);
#1210=B_SPLINE_CURVE_WITH_KNOTS('',3,(#7973,#7974,#7975,#7976,#7977,#7978,
#7979,#7980,#7981,#7982,#7983,#7984,#7985,#7986),.UNSPECIFIED.,.F.,.F.,
(4,2,2,2,2,2,4),(-0.000554493550818604,0.,0.0333920298865947,0.0659097869122456,
0.10854158950826,0.143899573848713,0.176262484547125),.UNSPECIFIED.);
#1211=B_SPLINE_CURVE_WITH_KNOTS('',3,(#8056,#8057,#8058,#8059,#8060,#8061,
#8062,#8063,#8064,#8065,#8066,#8067,#8068,#8069),.UNSPECIFIED.,.F.,.F.,
(4,2,2,2,2,2,4),(0.164844066386046,0.165575262792818,0.202867129284397,
0.241027237098938,0.281340598862538,0.325264249686105,0.329564326027757),
 .UNSPECIFIED.);
#1212=VERTEX_POINT('',#4660);
#1213=VERTEX_POINT('',#4661);
#1214=VERTEX_POINT('',#4685);
#1215=VERTEX_POINT('',#4692);
#1216=VERTEX_POINT('',#4944);
#1217=VERTEX_POINT('',#4968);
#1218=VERTEX_POINT('',#4970);
#1219=VERTEX_POINT('',#5282);
#1220=VERTEX_POINT('',#5289);
#1221=VERTEX_POINT('',#5487);
#1222=VERTEX_POINT('',#5499);
#1223=VERTEX_POINT('',#5685);
#1224=VERTEX_POINT('',#5692);
#1225=VERTEX_POINT('',#5784);
#1226=VERTEX_POINT('',#5785);
#1227=VERTEX_POINT('',#5787);
#1228=VERTEX_POINT('',#5809);
#1229=VERTEX_POINT('',#5810);
#1230=VERTEX_POINT('',#5813);
#1231=VERTEX_POINT('',#5876);
#1232=VERTEX_POINT('',#5902);
#1233=VERTEX_POINT('',#5903);
#1234=VERTEX_POINT('',#5906);
#1235=VERTEX_POINT('',#5908);
#1236=VERTEX_POINT('',#5916);
#1237=VERTEX_POINT('',#5924);
#1238=VERTEX_POINT('',#5926);
#1239=VERTEX_POINT('',#5964);
#1240=VERTEX_POINT('',#5975);
#1241=VERTEX_POINT('',#5983);
#1242=VERTEX_POINT('',#5984);
#1243=VERTEX_POINT('',#6048);
#1244=VERTEX_POINT('',#6049);
#1245=VERTEX_POINT('',#6249);
#1246=VERTEX_POINT('',#6251);
#1247=VERTEX_POINT('',#6255);
#1248=VERTEX_POINT('',#6257);
#1249=VERTEX_POINT('',#6259);
#1250=VERTEX_POINT('',#6261);
#1251=VERTEX_POINT('',#6264);
#1252=VERTEX_POINT('',#6267);
#1253=VERTEX_POINT('',#6268);
#1254=VERTEX_POINT('',#6270);
#1255=VERTEX_POINT('',#6285);
#1256=VERTEX_POINT('',#6306);
#1257=VERTEX_POINT('',#6308);
#1258=VERTEX_POINT('',#6313);
#1259=VERTEX_POINT('',#6315);
#1260=VERTEX_POINT('',#6324);
#1261=VERTEX_POINT('',#6339);
#1262=VERTEX_POINT('',#6340);
#1263=VERTEX_POINT('',#6342);
#1264=VERTEX_POINT('',#6344);
#1265=VERTEX_POINT('',#6356);
#1266=VERTEX_POINT('',#6357);
#1267=VERTEX_POINT('',#6359);
#1268=VERTEX_POINT('',#6361);
#1269=VERTEX_POINT('',#6365);
#1270=VERTEX_POINT('',#6366);
#1271=VERTEX_POINT('',#6368);
#1272=VERTEX_POINT('',#6396);
#1273=VERTEX_POINT('',#6402);
#1274=VERTEX_POINT('',#6413);
#1275=VERTEX_POINT('',#6414);
#1276=VERTEX_POINT('',#6443);
#1277=VERTEX_POINT('',#6444);
#1278=VERTEX_POINT('',#6449);
#1279=VERTEX_POINT('',#6450);
#1280=VERTEX_POINT('',#6455);
#1281=VERTEX_POINT('',#6456);
#1282=VERTEX_POINT('',#6461);
#1283=VERTEX_POINT('',#6462);
#1284=VERTEX_POINT('',#6467);
#1285=VERTEX_POINT('',#6468);
#1286=VERTEX_POINT('',#6473);
#1287=VERTEX_POINT('',#6474);
#1288=VERTEX_POINT('',#6479);
#1289=VERTEX_POINT('',#6480);
#1290=VERTEX_POINT('',#6488);
#1291=VERTEX_POINT('',#6490);
#1292=VERTEX_POINT('',#6494);
#1293=VERTEX_POINT('',#6495);
#1294=VERTEX_POINT('',#6497);
#1295=VERTEX_POINT('',#6499);
#1296=VERTEX_POINT('',#6522);
#1297=VERTEX_POINT('',#6527);
#1298=VERTEX_POINT('',#6602);
#1299=VERTEX_POINT('',#6766);
#1300=VERTEX_POINT('',#6809);
#1301=VERTEX_POINT('',#6810);
#1302=VERTEX_POINT('',#6840);
#1303=VERTEX_POINT('',#6886);
#1304=VERTEX_POINT('',#6893);
#1305=VERTEX_POINT('',#6897);
#1306=VERTEX_POINT('',#6901);
#1307=VERTEX_POINT('',#6905);
#1308=VERTEX_POINT('',#6911);
#1309=VERTEX_POINT('',#6985);
#1310=VERTEX_POINT('',#7076);
#1311=VERTEX_POINT('',#7077);
#1312=VERTEX_POINT('',#7083);
#1313=VERTEX_POINT('',#7100);
#1314=VERTEX_POINT('',#7101);
#1315=VERTEX_POINT('',#7117);
#1316=VERTEX_POINT('',#7119);
#1317=VERTEX_POINT('',#7129);
#1318=VERTEX_POINT('',#7131);
#1319=VERTEX_POINT('',#7174);
#1320=VERTEX_POINT('',#7176);
#1321=VERTEX_POINT('',#7177);
#1322=VERTEX_POINT('',#7179);
#1323=VERTEX_POINT('',#7181);
#1324=VERTEX_POINT('',#7187);
#1325=VERTEX_POINT('',#7189);
#1326=VERTEX_POINT('',#7191);
#1327=VERTEX_POINT('',#7193);
#1328=VERTEX_POINT('',#7195);
#1329=VERTEX_POINT('',#7197);
#1330=VERTEX_POINT('',#7199);
#1331=VERTEX_POINT('',#7201);
#1332=VERTEX_POINT('',#7203);
#1333=VERTEX_POINT('',#7205);
#1334=VERTEX_POINT('',#7207);
#1335=VERTEX_POINT('',#7209);
#1336=VERTEX_POINT('',#7211);
#1337=VERTEX_POINT('',#7213);
#1338=VERTEX_POINT('',#7215);
#1339=VERTEX_POINT('',#7217);
#1340=VERTEX_POINT('',#7219);
#1341=VERTEX_POINT('',#7221);
#1342=VERTEX_POINT('',#7223);
#1343=VERTEX_POINT('',#7225);
#1344=VERTEX_POINT('',#7227);
#1345=VERTEX_POINT('',#7229);
#1346=VERTEX_POINT('',#7231);
#1347=VERTEX_POINT('',#7233);
#1348=VERTEX_POINT('',#7235);
#1349=VERTEX_POINT('',#7237);
#1350=VERTEX_POINT('',#7239);
#1351=VERTEX_POINT('',#7241);
#1352=VERTEX_POINT('',#7243);
#1353=VERTEX_POINT('',#7245);
#1354=VERTEX_POINT('',#7247);
#1355=VERTEX_POINT('',#7249);
#1356=VERTEX_POINT('',#7251);
#1357=VERTEX_POINT('',#7253);
#1358=VERTEX_POINT('',#7255);
#1359=VERTEX_POINT('',#7259);
#1360=VERTEX_POINT('',#7263);
#1361=VERTEX_POINT('',#7280);
#1362=VERTEX_POINT('',#7282);
#1363=VERTEX_POINT('',#7284);
#1364=VERTEX_POINT('',#7286);
#1365=VERTEX_POINT('',#7288);
#1366=VERTEX_POINT('',#7290);
#1367=VERTEX_POINT('',#7292);
#1368=VERTEX_POINT('',#7294);
#1369=VERTEX_POINT('',#7296);
#1370=VERTEX_POINT('',#7298);
#1371=VERTEX_POINT('',#7300);
#1372=VERTEX_POINT('',#7302);
#1373=VERTEX_POINT('',#7304);
#1374=VERTEX_POINT('',#7306);
#1375=VERTEX_POINT('',#7308);
#1376=VERTEX_POINT('',#7310);
#1377=VERTEX_POINT('',#7312);
#1378=VERTEX_POINT('',#7316);
#1379=VERTEX_POINT('',#7320);
#1380=VERTEX_POINT('',#7322);
#1381=VERTEX_POINT('',#7331);
#1382=VERTEX_POINT('',#7364);
#1383=VERTEX_POINT('',#7366);
#1384=VERTEX_POINT('',#7379);
#1385=VERTEX_POINT('',#7381);
#1386=VERTEX_POINT('',#7383);
#1387=VERTEX_POINT('',#7394);
#1388=VERTEX_POINT('',#7398);
#1389=VERTEX_POINT('',#7400);
#1390=VERTEX_POINT('',#7402);
#1391=VERTEX_POINT('',#7404);
#1392=VERTEX_POINT('',#7406);
#1393=VERTEX_POINT('',#7408);
#1394=VERTEX_POINT('',#7410);
#1395=VERTEX_POINT('',#7412);
#1396=VERTEX_POINT('',#7414);
#1397=VERTEX_POINT('',#7416);
#1398=VERTEX_POINT('',#7418);
#1399=VERTEX_POINT('',#7420);
#1400=VERTEX_POINT('',#7422);
#1401=VERTEX_POINT('',#7424);
#1402=VERTEX_POINT('',#7426);
#1403=VERTEX_POINT('',#7428);
#1404=VERTEX_POINT('',#7430);
#1405=VERTEX_POINT('',#7434);
#1406=VERTEX_POINT('',#7444);
#1407=VERTEX_POINT('',#7449);
#1408=VERTEX_POINT('',#7457);
#1409=VERTEX_POINT('',#7470);
#1410=VERTEX_POINT('',#7485);
#1411=VERTEX_POINT('',#7498);
#1412=VERTEX_POINT('',#7562);
#1413=VERTEX_POINT('',#7638);
#1414=VERTEX_POINT('',#7642);
#1415=VERTEX_POINT('',#7644);
#1416=VERTEX_POINT('',#7650);
#1417=VERTEX_POINT('',#7652);
#1418=VERTEX_POINT('',#7656);
#1419=VERTEX_POINT('',#7657);
#1420=VERTEX_POINT('',#7666);
#1421=VERTEX_POINT('',#7667);
#1422=VERTEX_POINT('',#7672);
#1423=VERTEX_POINT('',#7676);
#1424=VERTEX_POINT('',#7683);
#1425=VERTEX_POINT('',#7694);
#1426=VERTEX_POINT('',#7700);
#1427=VERTEX_POINT('',#7712);
#1428=VERTEX_POINT('',#7723);
#1429=VERTEX_POINT('',#7736);
#1430=VERTEX_POINT('',#7742);
#1431=VERTEX_POINT('',#7744);
#1432=VERTEX_POINT('',#7757);
#1433=VERTEX_POINT('',#7761);
#1434=VERTEX_POINT('',#7767);
#1435=VERTEX_POINT('',#7768);
#1436=VERTEX_POINT('',#7773);
#1437=VERTEX_POINT('',#7775);
#1438=VERTEX_POINT('',#7779);
#1439=VERTEX_POINT('',#7783);
#1440=VERTEX_POINT('',#7787);
#1441=VERTEX_POINT('',#7791);
#1442=VERTEX_POINT('',#7797);
#1443=VERTEX_POINT('',#7798);
#1444=VERTEX_POINT('',#7805);
#1445=VERTEX_POINT('',#7807);
#1446=VERTEX_POINT('',#7814);
#1447=VERTEX_POINT('',#7831);
#1448=VERTEX_POINT('',#7833);
#1449=VERTEX_POINT('',#7840);
#1450=VERTEX_POINT('',#7844);
#1451=VERTEX_POINT('',#7848);
#1452=VERTEX_POINT('',#7865);
#1453=VERTEX_POINT('',#7871);
#1454=VERTEX_POINT('',#7878);
#1455=VERTEX_POINT('',#7880);
#1456=VERTEX_POINT('',#7884);
#1457=VERTEX_POINT('',#7885);
#1458=VERTEX_POINT('',#7890);
#1459=VERTEX_POINT('',#7907);
#1460=VERTEX_POINT('',#7911);
#1461=VERTEX_POINT('',#7924);
#1462=VERTEX_POINT('',#7925);
#1463=VERTEX_POINT('',#7943);
#1464=VERTEX_POINT('',#7952);
#1465=VERTEX_POINT('',#7969);
#1466=VERTEX_POINT('',#7970);
#1467=VERTEX_POINT('',#7988);
#1468=VERTEX_POINT('',#7998);
#1469=VERTEX_POINT('',#8002);
#1470=VERTEX_POINT('',#8006);
#1471=VERTEX_POINT('',#8010);
#1472=VERTEX_POINT('',#8014);
#1473=VERTEX_POINT('',#8018);
#1474=VERTEX_POINT('',#8022);
#1475=VERTEX_POINT('',#8026);
#1476=VERTEX_POINT('',#8030);
#1477=VERTEX_POINT('',#8039);
#1478=VERTEX_POINT('',#8043);
#1479=VERTEX_POINT('',#8047);
#1480=VERTEX_POINT('',#8051);
#1481=VERTEX_POINT('',#8055);
#1482=VERTEX_POINT('',#8072);
#1483=VERTEX_POINT('',#8076);
#1484=EDGE_CURVE('',#1212,#1213,#1141,.T.);
#1485=EDGE_CURVE('',#1212,#1214,#1142,.T.);
#1486=EDGE_CURVE('',#1214,#1215,#1143,.T.);
#1487=EDGE_CURVE('',#1213,#1215,#912,.T.);
#1488=EDGE_CURVE('',#1212,#1216,#1144,.T.);
#1489=EDGE_CURVE('',#1217,#1216,#913,.T.);
#1490=EDGE_CURVE('',#1217,#1218,#1145,.T.);
#1491=EDGE_CURVE('',#1218,#1214,#1146,.T.);
#1492=EDGE_CURVE('',#1212,#1219,#1147,.T.);
#1493=EDGE_CURVE('',#1219,#1220,#1148,.T.);
#1494=EDGE_CURVE('',#1216,#1220,#914,.T.);
#1495=EDGE_CURVE('',#1212,#1221,#1149,.T.);
#1496=EDGE_CURVE('',#1222,#1221,#915,.T.);
#1497=EDGE_CURVE('',#1222,#1219,#1150,.T.);
#1498=EDGE_CURVE('',#1212,#1223,#1151,.T.);
#1499=EDGE_CURVE('',#1223,#1224,#1152,.T.);
#1500=EDGE_CURVE('',#1221,#1224,#916,.T.);
#1501=EDGE_CURVE('',#1225,#1226,#917,.T.);
#1502=EDGE_CURVE('',#1226,#1227,#1153,.T.);
#1503=EDGE_CURVE('',#1227,#1225,#1154,.T.);
#1504=EDGE_CURVE('',#1228,#1229,#918,.T.);
#1505=EDGE_CURVE('',#1229,#1226,#919,.T.);
#1506=EDGE_CURVE('',#1225,#1230,#920,.T.);
#1507=EDGE_CURVE('',#1230,#1228,#921,.T.);
#1508=EDGE_CURVE('',#1228,#1231,#1155,.T.);
#1509=EDGE_CURVE('',#1231,#1229,#1156,.T.);
#1510=EDGE_CURVE('',#1232,#1233,#922,.T.);
#1511=EDGE_CURVE('',#1232,#1230,#69,.T.);
#1512=EDGE_CURVE('',#1234,#1227,#70,.T.);
#1513=EDGE_CURVE('',#1235,#1234,#1157,.T.);
#1514=EDGE_CURVE('',#1236,#1235,#1158,.T.);
#1515=EDGE_CURVE('',#1236,#1231,#71,.T.);
#1516=EDGE_CURVE('',#1233,#1232,#923,.T.);
#1517=EDGE_CURVE('',#1226,#1237,#72,.T.);
#1518=EDGE_CURVE('',#1238,#1237,#1159,.T.);
#1519=EDGE_CURVE('',#1238,#1227,#73,.T.);
#1520=EDGE_CURVE('',#1238,#1239,#1160,.F.);
#1521=EDGE_CURVE('',#1237,#1240,#924,.T.);
#1522=EDGE_CURVE('',#1240,#1239,#1161,.T.);
#1523=EDGE_CURVE('',#1241,#1242,#925,.T.);
#1524=EDGE_CURVE('',#1242,#1240,#926,.T.);
#1525=EDGE_CURVE('',#1237,#1241,#927,.T.);
#1526=EDGE_CURVE('',#1243,#1244,#1162,.T.);
#1527=EDGE_CURVE('',#1244,#1242,#1163,.T.);
#1528=EDGE_CURVE('',#1241,#1243,#1164,.T.);
#1529=EDGE_CURVE('',#1241,#1245,#74,.T.);
#1530=EDGE_CURVE('',#1245,#1246,#928,.F.);
#1531=EDGE_CURVE('',#1246,#1243,#75,.T.);
#1532=EDGE_CURVE('',#1247,#1229,#76,.T.);
#1533=EDGE_CURVE('',#1248,#1247,#929,.T.);
#1534=EDGE_CURVE('',#1249,#1248,#77,.T.);
#1535=EDGE_CURVE('',#1250,#1249,#930,.T.);
#1536=EDGE_CURVE('',#1245,#1250,#78,.T.);
#1537=EDGE_CURVE('',#1251,#1251,#931,.T.);
#1538=EDGE_CURVE('',#1252,#1253,#79,.T.);
#1539=EDGE_CURVE('',#1253,#1254,#1165,.T.);
#1540=EDGE_CURVE('',#1254,#1255,#80,.T.);
#1541=EDGE_CURVE('',#1252,#1255,#1166,.T.);
#1542=EDGE_CURVE('',#1255,#1254,#932,.T.);
#1543=EDGE_CURVE('',#1253,#1252,#933,.T.);
#1544=EDGE_CURVE('',#1244,#1254,#81,.T.);
#1545=EDGE_CURVE('',#1256,#1244,#82,.T.);
#1546=EDGE_CURVE('',#1257,#1256,#1167,.T.);
#1547=EDGE_CURVE('',#1258,#1257,#83,.T.);
#1548=EDGE_CURVE('',#1259,#1258,#1168,.T.);
#1549=EDGE_CURVE('',#1259,#1239,#84,.T.);
#1550=EDGE_CURVE('',#1239,#1255,#85,.T.);
#1551=EDGE_CURVE('',#1260,#1260,#934,.T.);
#1552=EDGE_CURVE('',#1260,#1233,#935,.T.);
#1553=EDGE_CURVE('',#1234,#1259,#24,.T.);
#1554=EDGE_CURVE('',#1261,#1262,#936,.T.);
#1555=EDGE_CURVE('',#1262,#1263,#937,.T.);
#1556=EDGE_CURVE('',#1263,#1264,#938,.T.);
#1557=EDGE_CURVE('',#1264,#1261,#939,.T.);
#1558=EDGE_CURVE('',#1265,#1266,#940,.T.);
#1559=EDGE_CURVE('',#1266,#1267,#941,.T.);
#1560=EDGE_CURVE('',#1267,#1268,#942,.T.);
#1561=EDGE_CURVE('',#1268,#1265,#943,.T.);
#1562=EDGE_CURVE('',#1269,#1270,#944,.F.);
#1563=EDGE_CURVE('',#1271,#1269,#945,.F.);
#1564=EDGE_CURVE('',#1270,#1271,#946,.F.);
#1565=EDGE_CURVE('',#1269,#1272,#1169,.T.);
#1566=EDGE_CURVE('',#1272,#1273,#947,.T.);
#1567=EDGE_CURVE('',#1273,#1271,#1170,.T.);
#1568=EDGE_CURVE('',#1264,#1273,#86,.T.);
#1569=EDGE_CURVE('',#1272,#1261,#87,.T.);
#1570=EDGE_CURVE('',#1274,#1275,#948,.T.);
#1571=EDGE_CURVE('',#1275,#1270,#88,.T.);
#1572=EDGE_CURVE('',#1271,#1274,#89,.T.);
#1573=EDGE_CURVE('',#1276,#1277,#949,.T.);
#1574=EDGE_CURVE('',#1277,#1275,#25,.T.);
#1575=EDGE_CURVE('',#1274,#1276,#26,.T.);
#1576=EDGE_CURVE('',#1278,#1279,#950,.T.);
#1577=EDGE_CURVE('',#1279,#1277,#90,.T.);
#1578=EDGE_CURVE('',#1276,#1278,#91,.T.);
#1579=EDGE_CURVE('',#1280,#1281,#951,.T.);
#1580=EDGE_CURVE('',#1281,#1279,#952,.T.);
#1581=EDGE_CURVE('',#1278,#1280,#953,.T.);
#1582=EDGE_CURVE('',#1282,#1283,#954,.T.);
#1583=EDGE_CURVE('',#1283,#1281,#92,.T.);
#1584=EDGE_CURVE('',#1280,#1282,#93,.T.);
#1585=EDGE_CURVE('',#1284,#1285,#955,.T.);
#1586=EDGE_CURVE('',#1285,#1283,#956,.T.);
#1587=EDGE_CURVE('',#1282,#1284,#957,.T.);
#1588=EDGE_CURVE('',#1286,#1287,#958,.T.);
#1589=EDGE_CURVE('',#1287,#1285,#94,.T.);
#1590=EDGE_CURVE('',#1284,#1286,#95,.T.);
#1591=EDGE_CURVE('',#1288,#1289,#959,.T.);
#1592=EDGE_CURVE('',#1289,#1287,#960,.T.);
#1593=EDGE_CURVE('',#1286,#1288,#961,.T.);
#1594=EDGE_CURVE('',#1268,#1289,#96,.T.);
#1595=EDGE_CURVE('',#1288,#1265,#97,.T.);
#1596=EDGE_CURVE('',#1290,#1235,#962,.F.);
#1597=EDGE_CURVE('',#1291,#1290,#963,.F.);
#1598=EDGE_CURVE('',#1235,#1291,#964,.F.);
#1599=EDGE_CURVE('',#1292,#1293,#965,.T.);
#1600=EDGE_CURVE('',#1293,#1294,#98,.T.);
#1601=EDGE_CURVE('',#1294,#1295,#966,.T.);
#1602=EDGE_CURVE('',#1295,#1292,#99,.T.);
#1603=EDGE_CURVE('',#1292,#1296,#1171,.T.);
#1604=EDGE_CURVE('',#1296,#1297,#967,.T.);
#1605=EDGE_CURVE('',#1297,#1293,#1172,.T.);
#1606=EDGE_CURVE('',#1290,#1297,#1173,.T.);
#1607=EDGE_CURVE('',#1296,#1291,#1174,.T.);
#1608=EDGE_CURVE('',#1270,#1236,#1175,.T.);
#1609=EDGE_CURVE('',#1236,#1298,#968,.T.);
#1610=EDGE_CURVE('',#1298,#1269,#1176,.T.);
#1611=EDGE_CURVE('',#1291,#1298,#1177,.T.);
#1612=EDGE_CURVE('',#1299,#1213,#969,.T.);
#1613=EDGE_CURVE('',#1299,#1223,#1178,.T.);
#1614=EDGE_CURVE('',#1300,#1301,#970,.T.);
#1615=EDGE_CURVE('',#1301,#1217,#100,.T.);
#1616=EDGE_CURVE('',#1220,#1300,#101,.T.);
#1617=EDGE_CURVE('',#1256,#1299,#27,.T.);
#1618=EDGE_CURVE('',#1215,#1302,#28,.T.);
#1619=EDGE_CURVE('',#1302,#1257,#1179,.T.);
#1620=EDGE_CURVE('',#1303,#1245,#971,.F.);
#1621=EDGE_CURVE('',#1246,#1303,#972,.F.);
#1622=EDGE_CURVE('',#1224,#1246,#102,.T.);
#1623=EDGE_CURVE('',#1303,#1222,#103,.T.);
#1624=EDGE_CURVE('',#1231,#1304,#104,.T.);
#1625=EDGE_CURVE('',#1304,#1247,#973,.T.);
#1626=EDGE_CURVE('',#1305,#1248,#974,.T.);
#1627=EDGE_CURVE('',#1304,#1305,#975,.T.);
#1628=EDGE_CURVE('',#1306,#1249,#976,.T.);
#1629=EDGE_CURVE('',#1305,#1306,#105,.T.);
#1630=EDGE_CURVE('',#1307,#1250,#977,.T.);
#1631=EDGE_CURVE('',#1306,#1307,#978,.T.);
#1632=EDGE_CURVE('',#1307,#1303,#106,.T.);
#1633=EDGE_CURVE('',#1302,#1308,#107,.T.);
#1634=EDGE_CURVE('',#1308,#1258,#1180,.T.);
#1635=EDGE_CURVE('',#1234,#1309,#979,.T.);
#1636=EDGE_CURVE('',#1309,#1290,#1181,.T.);
#1637=EDGE_CURVE('',#1308,#1309,#29,.T.);
#1638=EDGE_CURVE('',#1310,#1311,#1182,.T.);
#1639=EDGE_CURVE('',#1311,#1301,#980,.T.);
#1640=EDGE_CURVE('',#1300,#1312,#981,.T.);
#1641=EDGE_CURVE('',#1312,#1310,#1183,.T.);
#1642=EDGE_CURVE('',#1313,#1314,#1184,.T.);
#1643=EDGE_CURVE('',#1314,#1295,#982,.T.);
#1644=EDGE_CURVE('',#1294,#1315,#983,.T.);
#1645=EDGE_CURVE('',#1315,#1316,#1185,.T.);
#1646=EDGE_CURVE('',#1316,#1313,#1186,.T.);
#1647=EDGE_CURVE('',#1261,#1317,#108,.T.);
#1648=EDGE_CURVE('',#1318,#1317,#1187,.T.);
#1649=EDGE_CURVE('',#1318,#1262,#109,.T.);
#1650=EDGE_CURVE('',#1292,#1272,#1188,.T.);
#1651=EDGE_CURVE('',#1265,#1264,#110,.T.);
#1652=EDGE_CURVE('',#1274,#1288,#111,.T.);
#1653=EDGE_CURVE('',#1319,#1319,#984,.T.);
#1654=EDGE_CURVE('',#1320,#1321,#112,.T.);
#1655=EDGE_CURVE('',#1322,#1320,#113,.T.);
#1656=EDGE_CURVE('',#1323,#1322,#114,.T.);
#1657=EDGE_CURVE('',#1321,#1323,#115,.T.);
#1658=EDGE_CURVE('',#1263,#1266,#116,.T.);
#1659=EDGE_CURVE('',#1324,#1318,#985,.T.);
#1660=EDGE_CURVE('',#1325,#1324,#117,.T.);
#1661=EDGE_CURVE('',#1326,#1325,#986,.T.);
#1662=EDGE_CURVE('',#1327,#1326,#118,.T.);
#1663=EDGE_CURVE('',#1328,#1327,#987,.T.);
#1664=EDGE_CURVE('',#1329,#1328,#988,.T.);
#1665=EDGE_CURVE('',#1329,#1330,#119,.T.);
#1666=EDGE_CURVE('',#1331,#1330,#989,.T.);
#1667=EDGE_CURVE('',#1332,#1331,#990,.T.);
#1668=EDGE_CURVE('',#1332,#1333,#991,.T.);
#1669=EDGE_CURVE('',#1334,#1333,#992,.T.);
#1670=EDGE_CURVE('',#1334,#1335,#993,.T.);
#1671=EDGE_CURVE('',#1336,#1335,#994,.T.);
#1672=EDGE_CURVE('',#1337,#1336,#995,.T.);
#1673=EDGE_CURVE('',#1338,#1337,#996,.T.);
#1674=EDGE_CURVE('',#1339,#1338,#120,.T.);
#1675=EDGE_CURVE('',#1340,#1339,#997,.T.);
#1676=EDGE_CURVE('',#1341,#1340,#121,.T.);
#1677=EDGE_CURVE('',#1342,#1341,#998,.T.);
#1678=EDGE_CURVE('',#1343,#1342,#122,.T.);
#1679=EDGE_CURVE('',#1344,#1343,#999,.T.);
#1680=EDGE_CURVE('',#1345,#1344,#1000,.T.);
#1681=EDGE_CURVE('',#1346,#1345,#1001,.T.);
#1682=EDGE_CURVE('',#1347,#1346,#123,.T.);
#1683=EDGE_CURVE('',#1348,#1347,#1002,.T.);
#1684=EDGE_CURVE('',#1349,#1348,#124,.T.);
#1685=EDGE_CURVE('',#1350,#1349,#1003,.T.);
#1686=EDGE_CURVE('',#1351,#1350,#1004,.T.);
#1687=EDGE_CURVE('',#1352,#1351,#125,.T.);
#1688=EDGE_CURVE('',#1353,#1352,#1005,.T.);
#1689=EDGE_CURVE('',#1354,#1353,#126,.T.);
#1690=EDGE_CURVE('',#1355,#1354,#1006,.T.);
#1691=EDGE_CURVE('',#1356,#1355,#127,.T.);
#1692=EDGE_CURVE('',#1357,#1356,#1007,.T.);
#1693=EDGE_CURVE('',#1358,#1357,#1008,.T.);
#1694=EDGE_CURVE('',#1267,#1358,#128,.T.);
#1695=EDGE_CURVE('',#1359,#1314,#129,.T.);
#1696=EDGE_CURVE('',#1359,#1317,#130,.T.);
#1697=EDGE_CURVE('',#1313,#1360,#131,.T.);
#1698=EDGE_CURVE('',#1360,#1359,#1189,.T.);
#1699=EDGE_CURVE('',#1361,#1315,#132,.T.);
#1700=EDGE_CURVE('',#1362,#1361,#1009,.T.);
#1701=EDGE_CURVE('',#1363,#1362,#133,.T.);
#1702=EDGE_CURVE('',#1364,#1363,#1010,.T.);
#1703=EDGE_CURVE('',#1365,#1364,#1011,.T.);
#1704=EDGE_CURVE('',#1366,#1365,#1012,.T.);
#1705=EDGE_CURVE('',#1366,#1367,#1013,.T.);
#1706=EDGE_CURVE('',#1367,#1368,#1014,.T.);
#1707=EDGE_CURVE('',#1368,#1369,#1015,.T.);
#1708=EDGE_CURVE('',#1370,#1369,#1016,.T.);
#1709=EDGE_CURVE('',#1371,#1370,#1017,.T.);
#1710=EDGE_CURVE('',#1372,#1371,#134,.T.);
#1711=EDGE_CURVE('',#1373,#1372,#1018,.T.);
#1712=EDGE_CURVE('',#1374,#1373,#1019,.T.);
#1713=EDGE_CURVE('',#1375,#1374,#135,.T.);
#1714=EDGE_CURVE('',#1376,#1375,#1020,.T.);
#1715=EDGE_CURVE('',#1377,#1376,#136,.T.);
#1716=EDGE_CURVE('',#1360,#1377,#1021,.T.);
#1717=EDGE_CURVE('',#1294,#1378,#137,.T.);
#1718=EDGE_CURVE('',#1378,#1361,#1022,.T.);
#1719=EDGE_CURVE('',#1218,#1379,#138,.T.);
#1720=EDGE_CURVE('',#1380,#1379,#1190,.F.);
#1721=EDGE_CURVE('',#1381,#1380,#1191,.F.);
#1722=EDGE_CURVE('',#1381,#1297,#139,.T.);
#1723=EDGE_CURVE('',#1381,#1379,#1023,.T.);
#1724=EDGE_CURVE('',#1382,#1301,#140,.T.);
#1725=EDGE_CURVE('',#1383,#1382,#1192,.T.);
#1726=EDGE_CURVE('',#1384,#1383,#141,.T.);
#1727=EDGE_CURVE('',#1385,#1384,#142,.T.);
#1728=EDGE_CURVE('',#1386,#1385,#143,.T.);
#1729=EDGE_CURVE('',#1378,#1386,#1193,.T.);
#1730=EDGE_CURVE('',#1311,#1387,#144,.T.);
#1731=EDGE_CURVE('',#1382,#1387,#1024,.T.);
#1732=EDGE_CURVE('',#1388,#1310,#145,.T.);
#1733=EDGE_CURVE('',#1389,#1388,#1025,.T.);
#1734=EDGE_CURVE('',#1390,#1389,#1026,.T.);
#1735=EDGE_CURVE('',#1391,#1390,#146,.T.);
#1736=EDGE_CURVE('',#1392,#1391,#1027,.T.);
#1737=EDGE_CURVE('',#1393,#1392,#147,.T.);
#1738=EDGE_CURVE('',#1394,#1393,#1028,.T.);
#1739=EDGE_CURVE('',#1395,#1394,#148,.T.);
#1740=EDGE_CURVE('',#1396,#1395,#1029,.T.);
#1741=EDGE_CURVE('',#1397,#1396,#1030,.T.);
#1742=EDGE_CURVE('',#1398,#1397,#149,.T.);
#1743=EDGE_CURVE('',#1399,#1398,#1031,.T.);
#1744=EDGE_CURVE('',#1400,#1399,#150,.T.);
#1745=EDGE_CURVE('',#1401,#1400,#1032,.T.);
#1746=EDGE_CURVE('',#1402,#1401,#1033,.T.);
#1747=EDGE_CURVE('',#1403,#1402,#1034,.T.);
#1748=EDGE_CURVE('',#1404,#1403,#151,.T.);
#1749=EDGE_CURVE('',#1387,#1404,#1035,.T.);
#1750=EDGE_CURVE('',#1312,#1405,#152,.T.);
#1751=EDGE_CURVE('',#1405,#1388,#1036,.T.);
#1752=EDGE_CURVE('',#1281,#1305,#153,.T.);
#1753=EDGE_CURVE('',#1304,#1279,#154,.T.);
#1754=EDGE_CURVE('',#1306,#1283,#155,.T.);
#1755=EDGE_CURVE('',#1286,#1276,#156,.T.);
#1756=EDGE_CURVE('',#1406,#1406,#1037,.T.);
#1757=EDGE_CURVE('',#1285,#1307,#157,.T.);
#1758=EDGE_CURVE('',#1407,#1268,#158,.T.);
#1759=EDGE_CURVE('',#1405,#1407,#159,.T.);
#1760=EDGE_CURVE('',#1408,#1334,#1194,.T.);
#1761=EDGE_CURVE('',#1333,#1409,#1195,.T.);
#1762=EDGE_CURVE('',#1409,#1408,#1038,.T.);
#1763=EDGE_CURVE('',#1410,#1332,#1196,.F.);
#1764=EDGE_CURVE('',#1411,#1410,#160,.T.);
#1765=EDGE_CURVE('',#1369,#1411,#1197,.F.);
#1766=EDGE_CURVE('',#1368,#1409,#161,.T.);
#1767=EDGE_CURVE('',#1386,#1361,#1198,.T.);
#1768=EDGE_CURVE('',#1386,#1412,#1039,.T.);
#1769=EDGE_CURVE('',#1362,#1412,#1040,.T.);
#1770=EDGE_CURVE('',#1387,#1383,#1199,.T.);
#1771=EDGE_CURVE('',#1413,#1404,#1041,.T.);
#1772=EDGE_CURVE('',#1413,#1383,#1042,.T.);
#1773=EDGE_CURVE('',#1319,#1414,#1043,.T.);
#1774=EDGE_CURVE('',#1414,#1415,#1044,.T.);
#1775=EDGE_CURVE('',#1415,#1414,#1045,.T.);
#1776=EDGE_CURVE('',#1415,#1380,#162,.T.);
#1777=EDGE_CURVE('',#1322,#1416,#30,.T.);
#1778=EDGE_CURVE('',#1417,#1416,#163,.T.);
#1779=EDGE_CURVE('',#1417,#1323,#31,.T.);
#1780=EDGE_CURVE('',#1418,#1419,#164,.T.);
#1781=EDGE_CURVE('',#1418,#1320,#32,.T.);
#1782=EDGE_CURVE('',#1419,#1321,#33,.T.);
#1783=EDGE_CURVE('',#1416,#1418,#165,.T.);
#1784=EDGE_CURVE('',#1419,#1417,#166,.T.);
#1785=EDGE_CURVE('',#1420,#1421,#167,.T.);
#1786=EDGE_CURVE('',#1421,#1416,#34,.T.);
#1787=EDGE_CURVE('',#1420,#1418,#35,.T.);
#1788=EDGE_CURVE('',#1421,#1422,#168,.T.);
#1789=EDGE_CURVE('',#1422,#1417,#36,.T.);
#1790=EDGE_CURVE('',#1422,#1423,#169,.T.);
#1791=EDGE_CURVE('',#1423,#1419,#37,.T.);
#1792=EDGE_CURVE('',#1423,#1420,#170,.T.);
#1793=EDGE_CURVE('',#1424,#1371,#1200,.T.);
#1794=EDGE_CURVE('',#1370,#1425,#1046,.T.);
#1795=EDGE_CURVE('',#1425,#1424,#1047,.T.);
#1796=EDGE_CURVE('',#1411,#1425,#1048,.T.);
#1797=EDGE_CURVE('',#1424,#1426,#171,.T.);
#1798=EDGE_CURVE('',#1330,#1426,#1201,.T.);
#1799=EDGE_CURVE('',#1427,#1329,#1202,.T.);
#1800=EDGE_CURVE('',#1428,#1427,#172,.T.);
#1801=EDGE_CURVE('',#1372,#1428,#1203,.T.);
#1802=EDGE_CURVE('',#1331,#1429,#1049,.T.);
#1803=EDGE_CURVE('',#1429,#1410,#1050,.T.);
#1804=EDGE_CURVE('',#1426,#1429,#1051,.T.);
#1805=EDGE_CURVE('',#1365,#1430,#1052,.T.);
#1806=EDGE_CURVE('',#1430,#1431,#1053,.T.);
#1807=EDGE_CURVE('',#1431,#1366,#1204,.F.);
#1808=EDGE_CURVE('',#1364,#1432,#1054,.T.);
#1809=EDGE_CURVE('',#1432,#1430,#1055,.T.);
#1810=EDGE_CURVE('',#1363,#1433,#1056,.T.);
#1811=EDGE_CURVE('',#1433,#1432,#1057,.T.);
#1812=EDGE_CURVE('',#1412,#1433,#173,.T.);
#1813=EDGE_CURVE('',#1434,#1435,#1058,.F.);
#1814=EDGE_CURVE('',#1395,#1434,#1059,.F.);
#1815=EDGE_CURVE('',#1435,#1395,#1060,.F.);
#1816=EDGE_CURVE('',#1436,#1401,#1061,.T.);
#1817=EDGE_CURVE('',#1400,#1437,#1062,.T.);
#1818=EDGE_CURVE('',#1437,#1436,#1063,.T.);
#1819=EDGE_CURVE('',#1399,#1438,#1064,.T.);
#1820=EDGE_CURVE('',#1438,#1437,#174,.T.);
#1821=EDGE_CURVE('',#1398,#1439,#1065,.T.);
#1822=EDGE_CURVE('',#1439,#1438,#1066,.T.);
#1823=EDGE_CURVE('',#1397,#1440,#1067,.T.);
#1824=EDGE_CURVE('',#1440,#1439,#175,.T.);
#1825=EDGE_CURVE('',#1396,#1441,#1068,.T.);
#1826=EDGE_CURVE('',#1441,#1440,#1069,.T.);
#1827=EDGE_CURVE('',#1434,#1441,#1070,.T.);
#1828=EDGE_CURVE('',#1442,#1443,#1071,.F.);
#1829=EDGE_CURVE('',#1394,#1442,#1072,.F.);
#1830=EDGE_CURVE('',#1443,#1394,#1073,.F.);
#1831=EDGE_CURVE('',#1442,#1435,#176,.T.);
#1832=EDGE_CURVE('',#1444,#1351,#1074,.F.);
#1833=EDGE_CURVE('',#1445,#1444,#1075,.F.);
#1834=EDGE_CURVE('',#1351,#1445,#1076,.F.);
#1835=EDGE_CURVE('',#1444,#1434,#177,.T.);
#1836=EDGE_CURVE('',#1435,#1445,#178,.T.);
#1837=EDGE_CURVE('',#1446,#1443,#1077,.T.);
#1838=EDGE_CURVE('',#1393,#1446,#1205,.T.);
#1839=EDGE_CURVE('',#1447,#1352,#1078,.F.);
#1840=EDGE_CURVE('',#1448,#1447,#1079,.F.);
#1841=EDGE_CURVE('',#1352,#1448,#1080,.F.);
#1842=EDGE_CURVE('',#1447,#1442,#179,.T.);
#1843=EDGE_CURVE('',#1443,#1448,#180,.T.);
#1844=EDGE_CURVE('',#1392,#1449,#1081,.T.);
#1845=EDGE_CURVE('',#1449,#1446,#181,.T.);
#1846=EDGE_CURVE('',#1391,#1450,#1082,.T.);
#1847=EDGE_CURVE('',#1450,#1449,#1083,.T.);
#1848=EDGE_CURVE('',#1451,#1450,#182,.T.);
#1849=EDGE_CURVE('',#1390,#1451,#1206,.T.);
#1850=EDGE_CURVE('',#1452,#1405,#1084,.F.);
#1851=EDGE_CURVE('',#1389,#1452,#1085,.T.);
#1852=EDGE_CURVE('',#1452,#1451,#1086,.T.);
#1853=EDGE_CURVE('',#1453,#1357,#1087,.T.);
#1854=EDGE_CURVE('',#1407,#1453,#1088,.F.);
#1855=EDGE_CURVE('',#1358,#1407,#1089,.T.);
#1856=EDGE_CURVE('',#1453,#1452,#183,.T.);
#1857=EDGE_CURVE('',#1454,#1327,#1090,.T.);
#1858=EDGE_CURVE('',#1455,#1454,#1091,.F.);
#1859=EDGE_CURVE('',#1328,#1455,#1092,.T.);
#1860=EDGE_CURVE('',#1456,#1457,#1093,.F.);
#1861=EDGE_CURVE('',#1374,#1456,#1094,.T.);
#1862=EDGE_CURVE('',#1457,#1373,#1095,.T.);
#1863=EDGE_CURVE('',#1458,#1359,#1096,.T.);
#1864=EDGE_CURVE('',#1377,#1458,#1207,.T.);
#1865=EDGE_CURVE('',#1459,#1375,#1097,.T.);
#1866=EDGE_CURVE('',#1456,#1459,#184,.T.);
#1867=EDGE_CURVE('',#1460,#1376,#1098,.T.);
#1868=EDGE_CURVE('',#1459,#1460,#1099,.T.);
#1869=EDGE_CURVE('',#1460,#1458,#185,.T.);
#1870=EDGE_CURVE('',#1428,#1457,#1100,.T.);
#1871=EDGE_CURVE('',#1454,#1456,#186,.T.);
#1872=EDGE_CURVE('',#1457,#1455,#187,.T.);
#1873=EDGE_CURVE('',#1455,#1427,#1101,.T.);
#1874=EDGE_CURVE('',#1461,#1462,#188,.T.);
#1875=EDGE_CURVE('',#1462,#1325,#1102,.T.);
#1876=EDGE_CURVE('',#1324,#1461,#1208,.T.);
#1877=EDGE_CURVE('',#1463,#1326,#1103,.T.);
#1878=EDGE_CURVE('',#1462,#1463,#1104,.T.);
#1879=EDGE_CURVE('',#1463,#1454,#189,.T.);
#1880=EDGE_CURVE('',#1317,#1461,#1105,.T.);
#1881=EDGE_CURVE('',#1464,#1453,#1106,.T.);
#1882=EDGE_CURVE('',#1356,#1464,#1209,.T.);
#1883=EDGE_CURVE('',#1465,#1466,#190,.T.);
#1884=EDGE_CURVE('',#1466,#1354,#1107,.T.);
#1885=EDGE_CURVE('',#1353,#1465,#1210,.T.);
#1886=EDGE_CURVE('',#1467,#1355,#1108,.T.);
#1887=EDGE_CURVE('',#1466,#1467,#1109,.T.);
#1888=EDGE_CURVE('',#1467,#1464,#191,.T.);
#1889=EDGE_CURVE('',#1448,#1465,#1110,.T.);
#1890=EDGE_CURVE('',#1445,#1447,#192,.T.);
#1891=EDGE_CURVE('',#1350,#1468,#1111,.T.);
#1892=EDGE_CURVE('',#1468,#1444,#1112,.T.);
#1893=EDGE_CURVE('',#1349,#1469,#1113,.T.);
#1894=EDGE_CURVE('',#1469,#1468,#1114,.T.);
#1895=EDGE_CURVE('',#1348,#1470,#1115,.T.);
#1896=EDGE_CURVE('',#1470,#1469,#193,.T.);
#1897=EDGE_CURVE('',#1347,#1471,#1116,.T.);
#1898=EDGE_CURVE('',#1471,#1470,#1117,.T.);
#1899=EDGE_CURVE('',#1346,#1472,#1118,.T.);
#1900=EDGE_CURVE('',#1472,#1471,#194,.T.);
#1901=EDGE_CURVE('',#1345,#1473,#1119,.T.);
#1902=EDGE_CURVE('',#1473,#1472,#1120,.T.);
#1903=EDGE_CURVE('',#1344,#1474,#1121,.T.);
#1904=EDGE_CURVE('',#1474,#1473,#1122,.T.);
#1905=EDGE_CURVE('',#1343,#1475,#1123,.T.);
#1906=EDGE_CURVE('',#1475,#1474,#1124,.T.);
#1907=EDGE_CURVE('',#1342,#1476,#1125,.T.);
#1908=EDGE_CURVE('',#1476,#1475,#195,.T.);
#1909=EDGE_CURVE('',#1341,#1384,#1126,.T.);
#1910=EDGE_CURVE('',#1384,#1476,#1127,.T.);
#1911=EDGE_CURVE('',#1340,#1385,#1128,.T.);
#1912=EDGE_CURVE('',#1339,#1477,#1129,.T.);
#1913=EDGE_CURVE('',#1477,#1385,#1130,.T.);
#1914=EDGE_CURVE('',#1338,#1478,#1131,.T.);
#1915=EDGE_CURVE('',#1478,#1477,#196,.T.);
#1916=EDGE_CURVE('',#1337,#1479,#1132,.T.);
#1917=EDGE_CURVE('',#1479,#1478,#1133,.T.);
#1918=EDGE_CURVE('',#1336,#1480,#1134,.T.);
#1919=EDGE_CURVE('',#1480,#1479,#1135,.T.);
#1920=EDGE_CURVE('',#1335,#1481,#1211,.F.);
#1921=EDGE_CURVE('',#1481,#1480,#1136,.T.);
#1922=EDGE_CURVE('',#1482,#1402,#1137,.T.);
#1923=EDGE_CURVE('',#1436,#1482,#1138,.T.);
#1924=EDGE_CURVE('',#1483,#1403,#1139,.T.);
#1925=EDGE_CURVE('',#1482,#1483,#1140,.T.);
#1926=EDGE_CURVE('',#1483,#1413,#197,.T.);
#1927=EDGE_CURVE('',#1451,#1464,#198,.T.);
#1928=EDGE_CURVE('',#1458,#1461,#199,.T.);
#1929=EDGE_CURVE('',#1460,#1462,#200,.T.);
#1930=EDGE_CURVE('',#1441,#1468,#201,.T.);
#1931=EDGE_CURVE('',#1469,#1440,#202,.T.);
#1932=EDGE_CURVE('',#1439,#1470,#203,.T.);
#1933=EDGE_CURVE('',#1438,#1471,#204,.T.);
#1934=EDGE_CURVE('',#1437,#1472,#205,.T.);
#1935=EDGE_CURVE('',#1473,#1436,#206,.T.);
#1936=EDGE_CURVE('',#1482,#1474,#207,.T.);
#1937=EDGE_CURVE('',#1475,#1483,#208,.T.);
#1938=EDGE_CURVE('',#1413,#1476,#209,.T.);
#1939=EDGE_CURVE('',#1477,#1412,#210,.T.);
#1940=EDGE_CURVE('',#1433,#1478,#211,.T.);
#1941=EDGE_CURVE('',#1479,#1432,#212,.T.);
#1942=EDGE_CURVE('',#1430,#1480,#213,.T.);
#1943=EDGE_CURVE('',#1431,#1481,#214,.T.);
#1944=EDGE_CURVE('',#1429,#1425,#215,.T.);
#1945=EDGE_CURVE('',#1251,#1406,#216,.T.);
#1946=EDGE_CURVE('',#1450,#1467,#217,.T.);
#1947=EDGE_CURVE('',#1449,#1466,#218,.T.);
#1948=EDGE_CURVE('',#1446,#1465,#219,.T.);
#1949=EDGE_CURVE('',#1367,#1408,#220,.T.);
#1950=EDGE_CURVE('',#1459,#1463,#221,.T.);
#1951=ORIENTED_EDGE('',*,*,#1484,.F.);
#1952=ORIENTED_EDGE('',*,*,#1485,.T.);
#1953=ORIENTED_EDGE('',*,*,#1486,.T.);
#1954=ORIENTED_EDGE('',*,*,#1487,.F.);
#1955=ORIENTED_EDGE('',*,*,#1485,.F.);
#1956=ORIENTED_EDGE('',*,*,#1488,.T.);
#1957=ORIENTED_EDGE('',*,*,#1489,.F.);
#1958=ORIENTED_EDGE('',*,*,#1490,.T.);
#1959=ORIENTED_EDGE('',*,*,#1491,.T.);
#1960=ORIENTED_EDGE('',*,*,#1488,.F.);
#1961=ORIENTED_EDGE('',*,*,#1492,.T.);
#1962=ORIENTED_EDGE('',*,*,#1493,.T.);
#1963=ORIENTED_EDGE('',*,*,#1494,.F.);
#1964=ORIENTED_EDGE('',*,*,#1492,.F.);
#1965=ORIENTED_EDGE('',*,*,#1495,.T.);
#1966=ORIENTED_EDGE('',*,*,#1496,.F.);
#1967=ORIENTED_EDGE('',*,*,#1497,.T.);
#1968=ORIENTED_EDGE('',*,*,#1495,.F.);
#1969=ORIENTED_EDGE('',*,*,#1498,.T.);
#1970=ORIENTED_EDGE('',*,*,#1499,.T.);
#1971=ORIENTED_EDGE('',*,*,#1500,.F.);
#1972=ORIENTED_EDGE('',*,*,#1501,.T.);
#1973=ORIENTED_EDGE('',*,*,#1502,.T.);
#1974=ORIENTED_EDGE('',*,*,#1503,.T.);
#1975=ORIENTED_EDGE('',*,*,#1504,.T.);
#1976=ORIENTED_EDGE('',*,*,#1505,.T.);
#1977=ORIENTED_EDGE('',*,*,#1501,.F.);
#1978=ORIENTED_EDGE('',*,*,#1506,.T.);
#1979=ORIENTED_EDGE('',*,*,#1507,.T.);
#1980=ORIENTED_EDGE('',*,*,#1508,.T.);
#1981=ORIENTED_EDGE('',*,*,#1509,.T.);
#1982=ORIENTED_EDGE('',*,*,#1504,.F.);
#1983=ORIENTED_EDGE('',*,*,#1510,.F.);
#1984=ORIENTED_EDGE('',*,*,#1511,.T.);
#1985=ORIENTED_EDGE('',*,*,#1506,.F.);
#1986=ORIENTED_EDGE('',*,*,#1503,.F.);
#1987=ORIENTED_EDGE('',*,*,#1512,.F.);
#1988=ORIENTED_EDGE('',*,*,#1513,.F.);
#1989=ORIENTED_EDGE('',*,*,#1514,.F.);
#1990=ORIENTED_EDGE('',*,*,#1515,.T.);
#1991=ORIENTED_EDGE('',*,*,#1508,.F.);
#1992=ORIENTED_EDGE('',*,*,#1507,.F.);
#1993=ORIENTED_EDGE('',*,*,#1511,.F.);
#1994=ORIENTED_EDGE('',*,*,#1516,.F.);
#1995=ORIENTED_EDGE('',*,*,#1502,.F.);
#1996=ORIENTED_EDGE('',*,*,#1517,.T.);
#1997=ORIENTED_EDGE('',*,*,#1518,.F.);
#1998=ORIENTED_EDGE('',*,*,#1519,.T.);
#1999=ORIENTED_EDGE('',*,*,#1520,.F.);
#2000=ORIENTED_EDGE('',*,*,#1518,.T.);
#2001=ORIENTED_EDGE('',*,*,#1521,.T.);
#2002=ORIENTED_EDGE('',*,*,#1522,.T.);
#2003=ORIENTED_EDGE('',*,*,#1523,.T.);
#2004=ORIENTED_EDGE('',*,*,#1524,.T.);
#2005=ORIENTED_EDGE('',*,*,#1521,.F.);
#2006=ORIENTED_EDGE('',*,*,#1525,.T.);
#2007=ORIENTED_EDGE('',*,*,#1526,.T.);
#2008=ORIENTED_EDGE('',*,*,#1527,.T.);
#2009=ORIENTED_EDGE('',*,*,#1523,.F.);
#2010=ORIENTED_EDGE('',*,*,#1528,.T.);
#2011=ORIENTED_EDGE('',*,*,#1528,.F.);
#2012=ORIENTED_EDGE('',*,*,#1529,.T.);
#2013=ORIENTED_EDGE('',*,*,#1530,.T.);
#2014=ORIENTED_EDGE('',*,*,#1531,.T.);
#2015=ORIENTED_EDGE('',*,*,#1505,.F.);
#2016=ORIENTED_EDGE('',*,*,#1532,.F.);
#2017=ORIENTED_EDGE('',*,*,#1533,.F.);
#2018=ORIENTED_EDGE('',*,*,#1534,.F.);
#2019=ORIENTED_EDGE('',*,*,#1535,.F.);
#2020=ORIENTED_EDGE('',*,*,#1536,.F.);
#2021=ORIENTED_EDGE('',*,*,#1529,.F.);
#2022=ORIENTED_EDGE('',*,*,#1525,.F.);
#2023=ORIENTED_EDGE('',*,*,#1517,.F.);
#2024=ORIENTED_EDGE('',*,*,#1537,.T.);
#2025=ORIENTED_EDGE('',*,*,#1538,.T.);
#2026=ORIENTED_EDGE('',*,*,#1539,.T.);
#2027=ORIENTED_EDGE('',*,*,#1540,.T.);
#2028=ORIENTED_EDGE('',*,*,#1541,.F.);
#2029=ORIENTED_EDGE('',*,*,#1542,.T.);
#2030=ORIENTED_EDGE('',*,*,#1539,.F.);
#2031=ORIENTED_EDGE('',*,*,#1543,.T.);
#2032=ORIENTED_EDGE('',*,*,#1541,.T.);
#2033=ORIENTED_EDGE('',*,*,#1540,.F.);
#2034=ORIENTED_EDGE('',*,*,#1544,.F.);
#2035=ORIENTED_EDGE('',*,*,#1545,.F.);
#2036=ORIENTED_EDGE('',*,*,#1546,.F.);
#2037=ORIENTED_EDGE('',*,*,#1547,.F.);
#2038=ORIENTED_EDGE('',*,*,#1548,.F.);
#2039=ORIENTED_EDGE('',*,*,#1549,.T.);
#2040=ORIENTED_EDGE('',*,*,#1550,.T.);
#2041=ORIENTED_EDGE('',*,*,#1538,.F.);
#2042=ORIENTED_EDGE('',*,*,#1543,.F.);
#2043=ORIENTED_EDGE('',*,*,#1551,.T.);
#2044=ORIENTED_EDGE('',*,*,#1552,.T.);
#2045=ORIENTED_EDGE('',*,*,#1516,.T.);
#2046=ORIENTED_EDGE('',*,*,#1510,.T.);
#2047=ORIENTED_EDGE('',*,*,#1552,.F.);
#2048=ORIENTED_EDGE('',*,*,#1551,.F.);
#2049=ORIENTED_EDGE('',*,*,#1549,.F.);
#2050=ORIENTED_EDGE('',*,*,#1553,.F.);
#2051=ORIENTED_EDGE('',*,*,#1512,.T.);
#2052=ORIENTED_EDGE('',*,*,#1519,.F.);
#2053=ORIENTED_EDGE('',*,*,#1520,.T.);
#2054=ORIENTED_EDGE('',*,*,#1554,.T.);
#2055=ORIENTED_EDGE('',*,*,#1555,.T.);
#2056=ORIENTED_EDGE('',*,*,#1556,.T.);
#2057=ORIENTED_EDGE('',*,*,#1557,.T.);
#2058=ORIENTED_EDGE('',*,*,#1558,.T.);
#2059=ORIENTED_EDGE('',*,*,#1559,.T.);
#2060=ORIENTED_EDGE('',*,*,#1560,.T.);
#2061=ORIENTED_EDGE('',*,*,#1561,.T.);
#2062=ORIENTED_EDGE('',*,*,#1562,.F.);
#2063=ORIENTED_EDGE('',*,*,#1563,.F.);
#2064=ORIENTED_EDGE('',*,*,#1564,.F.);
#2065=ORIENTED_EDGE('',*,*,#1563,.T.);
#2066=ORIENTED_EDGE('',*,*,#1565,.T.);
#2067=ORIENTED_EDGE('',*,*,#1566,.T.);
#2068=ORIENTED_EDGE('',*,*,#1567,.T.);
#2069=ORIENTED_EDGE('',*,*,#1557,.F.);
#2070=ORIENTED_EDGE('',*,*,#1568,.T.);
#2071=ORIENTED_EDGE('',*,*,#1566,.F.);
#2072=ORIENTED_EDGE('',*,*,#1569,.T.);
#2073=ORIENTED_EDGE('',*,*,#1570,.T.);
#2074=ORIENTED_EDGE('',*,*,#1571,.T.);
#2075=ORIENTED_EDGE('',*,*,#1564,.T.);
#2076=ORIENTED_EDGE('',*,*,#1572,.T.);
#2077=ORIENTED_EDGE('',*,*,#1573,.T.);
#2078=ORIENTED_EDGE('',*,*,#1574,.T.);
#2079=ORIENTED_EDGE('',*,*,#1570,.F.);
#2080=ORIENTED_EDGE('',*,*,#1575,.T.);
#2081=ORIENTED_EDGE('',*,*,#1576,.T.);
#2082=ORIENTED_EDGE('',*,*,#1577,.T.);
#2083=ORIENTED_EDGE('',*,*,#1573,.F.);
#2084=ORIENTED_EDGE('',*,*,#1578,.T.);
#2085=ORIENTED_EDGE('',*,*,#1579,.T.);
#2086=ORIENTED_EDGE('',*,*,#1580,.T.);
#2087=ORIENTED_EDGE('',*,*,#1576,.F.);
#2088=ORIENTED_EDGE('',*,*,#1581,.T.);
#2089=ORIENTED_EDGE('',*,*,#1582,.T.);
#2090=ORIENTED_EDGE('',*,*,#1583,.T.);
#2091=ORIENTED_EDGE('',*,*,#1579,.F.);
#2092=ORIENTED_EDGE('',*,*,#1584,.T.);
#2093=ORIENTED_EDGE('',*,*,#1585,.T.);
#2094=ORIENTED_EDGE('',*,*,#1586,.T.);
#2095=ORIENTED_EDGE('',*,*,#1582,.F.);
#2096=ORIENTED_EDGE('',*,*,#1587,.T.);
#2097=ORIENTED_EDGE('',*,*,#1588,.T.);
#2098=ORIENTED_EDGE('',*,*,#1589,.T.);
#2099=ORIENTED_EDGE('',*,*,#1585,.F.);
#2100=ORIENTED_EDGE('',*,*,#1590,.T.);
#2101=ORIENTED_EDGE('',*,*,#1591,.T.);
#2102=ORIENTED_EDGE('',*,*,#1592,.T.);
#2103=ORIENTED_EDGE('',*,*,#1588,.F.);
#2104=ORIENTED_EDGE('',*,*,#1593,.T.);
#2105=ORIENTED_EDGE('',*,*,#1561,.F.);
#2106=ORIENTED_EDGE('',*,*,#1594,.T.);
#2107=ORIENTED_EDGE('',*,*,#1591,.F.);
#2108=ORIENTED_EDGE('',*,*,#1595,.T.);
#2109=ORIENTED_EDGE('',*,*,#1596,.F.);
#2110=ORIENTED_EDGE('',*,*,#1597,.F.);
#2111=ORIENTED_EDGE('',*,*,#1598,.F.);
#2112=ORIENTED_EDGE('',*,*,#1599,.T.);
#2113=ORIENTED_EDGE('',*,*,#1600,.T.);
#2114=ORIENTED_EDGE('',*,*,#1601,.T.);
#2115=ORIENTED_EDGE('',*,*,#1602,.T.);
#2116=ORIENTED_EDGE('',*,*,#1599,.F.);
#2117=ORIENTED_EDGE('',*,*,#1603,.T.);
#2118=ORIENTED_EDGE('',*,*,#1604,.T.);
#2119=ORIENTED_EDGE('',*,*,#1605,.T.);
#2120=ORIENTED_EDGE('',*,*,#1597,.T.);
#2121=ORIENTED_EDGE('',*,*,#1606,.T.);
#2122=ORIENTED_EDGE('',*,*,#1604,.F.);
#2123=ORIENTED_EDGE('',*,*,#1607,.T.);
#2124=ORIENTED_EDGE('',*,*,#1562,.T.);
#2125=ORIENTED_EDGE('',*,*,#1608,.T.);
#2126=ORIENTED_EDGE('',*,*,#1609,.T.);
#2127=ORIENTED_EDGE('',*,*,#1610,.T.);
#2128=ORIENTED_EDGE('',*,*,#1598,.T.);
#2129=ORIENTED_EDGE('',*,*,#1611,.T.);
#2130=ORIENTED_EDGE('',*,*,#1609,.F.);
#2131=ORIENTED_EDGE('',*,*,#1514,.T.);
#2132=ORIENTED_EDGE('',*,*,#1484,.T.);
#2133=ORIENTED_EDGE('',*,*,#1612,.F.);
#2134=ORIENTED_EDGE('',*,*,#1613,.T.);
#2135=ORIENTED_EDGE('',*,*,#1498,.F.);
#2136=ORIENTED_EDGE('',*,*,#1614,.T.);
#2137=ORIENTED_EDGE('',*,*,#1615,.T.);
#2138=ORIENTED_EDGE('',*,*,#1489,.T.);
#2139=ORIENTED_EDGE('',*,*,#1494,.T.);
#2140=ORIENTED_EDGE('',*,*,#1616,.T.);
#2141=ORIENTED_EDGE('',*,*,#1617,.T.);
#2142=ORIENTED_EDGE('',*,*,#1612,.T.);
#2143=ORIENTED_EDGE('',*,*,#1487,.T.);
#2144=ORIENTED_EDGE('',*,*,#1618,.T.);
#2145=ORIENTED_EDGE('',*,*,#1619,.T.);
#2146=ORIENTED_EDGE('',*,*,#1546,.T.);
#2147=ORIENTED_EDGE('',*,*,#1620,.F.);
#2148=ORIENTED_EDGE('',*,*,#1621,.F.);
#2149=ORIENTED_EDGE('',*,*,#1530,.F.);
#2150=ORIENTED_EDGE('',*,*,#1496,.T.);
#2151=ORIENTED_EDGE('',*,*,#1500,.T.);
#2152=ORIENTED_EDGE('',*,*,#1622,.T.);
#2153=ORIENTED_EDGE('',*,*,#1621,.T.);
#2154=ORIENTED_EDGE('',*,*,#1623,.T.);
#2155=ORIENTED_EDGE('',*,*,#1509,.F.);
#2156=ORIENTED_EDGE('',*,*,#1624,.T.);
#2157=ORIENTED_EDGE('',*,*,#1625,.T.);
#2158=ORIENTED_EDGE('',*,*,#1532,.T.);
#2159=ORIENTED_EDGE('',*,*,#1626,.T.);
#2160=ORIENTED_EDGE('',*,*,#1533,.T.);
#2161=ORIENTED_EDGE('',*,*,#1625,.F.);
#2162=ORIENTED_EDGE('',*,*,#1627,.T.);
#2163=ORIENTED_EDGE('',*,*,#1628,.T.);
#2164=ORIENTED_EDGE('',*,*,#1534,.T.);
#2165=ORIENTED_EDGE('',*,*,#1626,.F.);
#2166=ORIENTED_EDGE('',*,*,#1629,.T.);
#2167=ORIENTED_EDGE('',*,*,#1630,.T.);
#2168=ORIENTED_EDGE('',*,*,#1535,.T.);
#2169=ORIENTED_EDGE('',*,*,#1628,.F.);
#2170=ORIENTED_EDGE('',*,*,#1631,.T.);
#2171=ORIENTED_EDGE('',*,*,#1620,.T.);
#2172=ORIENTED_EDGE('',*,*,#1536,.T.);
#2173=ORIENTED_EDGE('',*,*,#1630,.F.);
#2174=ORIENTED_EDGE('',*,*,#1632,.T.);
#2175=ORIENTED_EDGE('',*,*,#1547,.T.);
#2176=ORIENTED_EDGE('',*,*,#1619,.F.);
#2177=ORIENTED_EDGE('',*,*,#1633,.T.);
#2178=ORIENTED_EDGE('',*,*,#1634,.T.);
#2179=ORIENTED_EDGE('',*,*,#1635,.T.);
#2180=ORIENTED_EDGE('',*,*,#1636,.T.);
#2181=ORIENTED_EDGE('',*,*,#1596,.T.);
#2182=ORIENTED_EDGE('',*,*,#1513,.T.);
#2183=ORIENTED_EDGE('',*,*,#1637,.T.);
#2184=ORIENTED_EDGE('',*,*,#1635,.F.);
#2185=ORIENTED_EDGE('',*,*,#1553,.T.);
#2186=ORIENTED_EDGE('',*,*,#1548,.T.);
#2187=ORIENTED_EDGE('',*,*,#1634,.F.);
#2188=ORIENTED_EDGE('',*,*,#1638,.T.);
#2189=ORIENTED_EDGE('',*,*,#1639,.T.);
#2190=ORIENTED_EDGE('',*,*,#1614,.F.);
#2191=ORIENTED_EDGE('',*,*,#1640,.T.);
#2192=ORIENTED_EDGE('',*,*,#1641,.T.);
#2193=ORIENTED_EDGE('',*,*,#1642,.T.);
#2194=ORIENTED_EDGE('',*,*,#1643,.T.);
#2195=ORIENTED_EDGE('',*,*,#1601,.F.);
#2196=ORIENTED_EDGE('',*,*,#1644,.T.);
#2197=ORIENTED_EDGE('',*,*,#1645,.T.);
#2198=ORIENTED_EDGE('',*,*,#1646,.T.);
#2199=ORIENTED_EDGE('',*,*,#1554,.F.);
#2200=ORIENTED_EDGE('',*,*,#1647,.T.);
#2201=ORIENTED_EDGE('',*,*,#1648,.F.);
#2202=ORIENTED_EDGE('',*,*,#1649,.T.);
#2203=ORIENTED_EDGE('',*,*,#1565,.F.);
#2204=ORIENTED_EDGE('',*,*,#1610,.F.);
#2205=ORIENTED_EDGE('',*,*,#1611,.F.);
#2206=ORIENTED_EDGE('',*,*,#1607,.F.);
#2207=ORIENTED_EDGE('',*,*,#1603,.F.);
#2208=ORIENTED_EDGE('',*,*,#1650,.T.);
#2209=ORIENTED_EDGE('',*,*,#1572,.F.);
#2210=ORIENTED_EDGE('',*,*,#1567,.F.);
#2211=ORIENTED_EDGE('',*,*,#1568,.F.);
#2212=ORIENTED_EDGE('',*,*,#1651,.F.);
#2213=ORIENTED_EDGE('',*,*,#1595,.F.);
#2214=ORIENTED_EDGE('',*,*,#1652,.F.);
#2215=ORIENTED_EDGE('',*,*,#1653,.F.);
#2216=ORIENTED_EDGE('',*,*,#1654,.F.);
#2217=ORIENTED_EDGE('',*,*,#1655,.F.);
#2218=ORIENTED_EDGE('',*,*,#1656,.F.);
#2219=ORIENTED_EDGE('',*,*,#1657,.F.);
#2220=ORIENTED_EDGE('',*,*,#1556,.F.);
#2221=ORIENTED_EDGE('',*,*,#1658,.T.);
#2222=ORIENTED_EDGE('',*,*,#1558,.F.);
#2223=ORIENTED_EDGE('',*,*,#1651,.T.);
#2224=ORIENTED_EDGE('',*,*,#1555,.F.);
#2225=ORIENTED_EDGE('',*,*,#1649,.F.);
#2226=ORIENTED_EDGE('',*,*,#1659,.F.);
#2227=ORIENTED_EDGE('',*,*,#1660,.F.);
#2228=ORIENTED_EDGE('',*,*,#1661,.F.);
#2229=ORIENTED_EDGE('',*,*,#1662,.F.);
#2230=ORIENTED_EDGE('',*,*,#1663,.F.);
#2231=ORIENTED_EDGE('',*,*,#1664,.F.);
#2232=ORIENTED_EDGE('',*,*,#1665,.T.);
#2233=ORIENTED_EDGE('',*,*,#1666,.F.);
#2234=ORIENTED_EDGE('',*,*,#1667,.F.);
#2235=ORIENTED_EDGE('',*,*,#1668,.T.);
#2236=ORIENTED_EDGE('',*,*,#1669,.F.);
#2237=ORIENTED_EDGE('',*,*,#1670,.T.);
#2238=ORIENTED_EDGE('',*,*,#1671,.F.);
#2239=ORIENTED_EDGE('',*,*,#1672,.F.);
#2240=ORIENTED_EDGE('',*,*,#1673,.F.);
#2241=ORIENTED_EDGE('',*,*,#1674,.F.);
#2242=ORIENTED_EDGE('',*,*,#1675,.F.);
#2243=ORIENTED_EDGE('',*,*,#1676,.F.);
#2244=ORIENTED_EDGE('',*,*,#1677,.F.);
#2245=ORIENTED_EDGE('',*,*,#1678,.F.);
#2246=ORIENTED_EDGE('',*,*,#1679,.F.);
#2247=ORIENTED_EDGE('',*,*,#1680,.F.);
#2248=ORIENTED_EDGE('',*,*,#1681,.F.);
#2249=ORIENTED_EDGE('',*,*,#1682,.F.);
#2250=ORIENTED_EDGE('',*,*,#1683,.F.);
#2251=ORIENTED_EDGE('',*,*,#1684,.F.);
#2252=ORIENTED_EDGE('',*,*,#1685,.F.);
#2253=ORIENTED_EDGE('',*,*,#1686,.F.);
#2254=ORIENTED_EDGE('',*,*,#1687,.F.);
#2255=ORIENTED_EDGE('',*,*,#1688,.F.);
#2256=ORIENTED_EDGE('',*,*,#1689,.F.);
#2257=ORIENTED_EDGE('',*,*,#1690,.F.);
#2258=ORIENTED_EDGE('',*,*,#1691,.F.);
#2259=ORIENTED_EDGE('',*,*,#1692,.F.);
#2260=ORIENTED_EDGE('',*,*,#1693,.F.);
#2261=ORIENTED_EDGE('',*,*,#1694,.F.);
#2262=ORIENTED_EDGE('',*,*,#1559,.F.);
#2263=ORIENTED_EDGE('',*,*,#1658,.F.);
#2264=ORIENTED_EDGE('',*,*,#1569,.F.);
#2265=ORIENTED_EDGE('',*,*,#1650,.F.);
#2266=ORIENTED_EDGE('',*,*,#1602,.F.);
#2267=ORIENTED_EDGE('',*,*,#1643,.F.);
#2268=ORIENTED_EDGE('',*,*,#1695,.F.);
#2269=ORIENTED_EDGE('',*,*,#1696,.T.);
#2270=ORIENTED_EDGE('',*,*,#1647,.F.);
#2271=ORIENTED_EDGE('',*,*,#1642,.F.);
#2272=ORIENTED_EDGE('',*,*,#1697,.T.);
#2273=ORIENTED_EDGE('',*,*,#1698,.T.);
#2274=ORIENTED_EDGE('',*,*,#1695,.T.);
#2275=ORIENTED_EDGE('',*,*,#1646,.F.);
#2276=ORIENTED_EDGE('',*,*,#1645,.F.);
#2277=ORIENTED_EDGE('',*,*,#1699,.F.);
#2278=ORIENTED_EDGE('',*,*,#1700,.F.);
#2279=ORIENTED_EDGE('',*,*,#1701,.F.);
#2280=ORIENTED_EDGE('',*,*,#1702,.F.);
#2281=ORIENTED_EDGE('',*,*,#1703,.F.);
#2282=ORIENTED_EDGE('',*,*,#1704,.F.);
#2283=ORIENTED_EDGE('',*,*,#1705,.T.);
#2284=ORIENTED_EDGE('',*,*,#1706,.T.);
#2285=ORIENTED_EDGE('',*,*,#1707,.T.);
#2286=ORIENTED_EDGE('',*,*,#1708,.F.);
#2287=ORIENTED_EDGE('',*,*,#1709,.F.);
#2288=ORIENTED_EDGE('',*,*,#1710,.F.);
#2289=ORIENTED_EDGE('',*,*,#1711,.F.);
#2290=ORIENTED_EDGE('',*,*,#1712,.F.);
#2291=ORIENTED_EDGE('',*,*,#1713,.F.);
#2292=ORIENTED_EDGE('',*,*,#1714,.F.);
#2293=ORIENTED_EDGE('',*,*,#1715,.F.);
#2294=ORIENTED_EDGE('',*,*,#1716,.F.);
#2295=ORIENTED_EDGE('',*,*,#1697,.F.);
#2296=ORIENTED_EDGE('',*,*,#1644,.F.);
#2297=ORIENTED_EDGE('',*,*,#1717,.T.);
#2298=ORIENTED_EDGE('',*,*,#1718,.T.);
#2299=ORIENTED_EDGE('',*,*,#1699,.T.);
#2300=ORIENTED_EDGE('',*,*,#1606,.F.);
#2301=ORIENTED_EDGE('',*,*,#1636,.F.);
#2302=ORIENTED_EDGE('',*,*,#1637,.F.);
#2303=ORIENTED_EDGE('',*,*,#1633,.F.);
#2304=ORIENTED_EDGE('',*,*,#1618,.F.);
#2305=ORIENTED_EDGE('',*,*,#1486,.F.);
#2306=ORIENTED_EDGE('',*,*,#1491,.F.);
#2307=ORIENTED_EDGE('',*,*,#1719,.T.);
#2308=ORIENTED_EDGE('',*,*,#1720,.F.);
#2309=ORIENTED_EDGE('',*,*,#1721,.F.);
#2310=ORIENTED_EDGE('',*,*,#1722,.T.);
#2311=ORIENTED_EDGE('',*,*,#1600,.F.);
#2312=ORIENTED_EDGE('',*,*,#1605,.F.);
#2313=ORIENTED_EDGE('',*,*,#1722,.F.);
#2314=ORIENTED_EDGE('',*,*,#1723,.T.);
#2315=ORIENTED_EDGE('',*,*,#1719,.F.);
#2316=ORIENTED_EDGE('',*,*,#1490,.F.);
#2317=ORIENTED_EDGE('',*,*,#1615,.F.);
#2318=ORIENTED_EDGE('',*,*,#1724,.F.);
#2319=ORIENTED_EDGE('',*,*,#1725,.F.);
#2320=ORIENTED_EDGE('',*,*,#1726,.F.);
#2321=ORIENTED_EDGE('',*,*,#1727,.F.);
#2322=ORIENTED_EDGE('',*,*,#1728,.F.);
#2323=ORIENTED_EDGE('',*,*,#1729,.F.);
#2324=ORIENTED_EDGE('',*,*,#1717,.F.);
#2325=ORIENTED_EDGE('',*,*,#1639,.F.);
#2326=ORIENTED_EDGE('',*,*,#1730,.T.);
#2327=ORIENTED_EDGE('',*,*,#1731,.F.);
#2328=ORIENTED_EDGE('',*,*,#1724,.T.);
#2329=ORIENTED_EDGE('',*,*,#1638,.F.);
#2330=ORIENTED_EDGE('',*,*,#1732,.F.);
#2331=ORIENTED_EDGE('',*,*,#1733,.F.);
#2332=ORIENTED_EDGE('',*,*,#1734,.F.);
#2333=ORIENTED_EDGE('',*,*,#1735,.F.);
#2334=ORIENTED_EDGE('',*,*,#1736,.F.);
#2335=ORIENTED_EDGE('',*,*,#1737,.F.);
#2336=ORIENTED_EDGE('',*,*,#1738,.F.);
#2337=ORIENTED_EDGE('',*,*,#1739,.F.);
#2338=ORIENTED_EDGE('',*,*,#1740,.F.);
#2339=ORIENTED_EDGE('',*,*,#1741,.F.);
#2340=ORIENTED_EDGE('',*,*,#1742,.F.);
#2341=ORIENTED_EDGE('',*,*,#1743,.F.);
#2342=ORIENTED_EDGE('',*,*,#1744,.F.);
#2343=ORIENTED_EDGE('',*,*,#1745,.F.);
#2344=ORIENTED_EDGE('',*,*,#1746,.F.);
#2345=ORIENTED_EDGE('',*,*,#1747,.F.);
#2346=ORIENTED_EDGE('',*,*,#1748,.F.);
#2347=ORIENTED_EDGE('',*,*,#1749,.F.);
#2348=ORIENTED_EDGE('',*,*,#1730,.F.);
#2349=ORIENTED_EDGE('',*,*,#1641,.F.);
#2350=ORIENTED_EDGE('',*,*,#1750,.T.);
#2351=ORIENTED_EDGE('',*,*,#1751,.T.);
#2352=ORIENTED_EDGE('',*,*,#1732,.T.);
#2353=ORIENTED_EDGE('',*,*,#1580,.F.);
#2354=ORIENTED_EDGE('',*,*,#1752,.T.);
#2355=ORIENTED_EDGE('',*,*,#1627,.F.);
#2356=ORIENTED_EDGE('',*,*,#1753,.T.);
#2357=ORIENTED_EDGE('',*,*,#1583,.F.);
#2358=ORIENTED_EDGE('',*,*,#1754,.F.);
#2359=ORIENTED_EDGE('',*,*,#1629,.F.);
#2360=ORIENTED_EDGE('',*,*,#1752,.F.);
#2361=ORIENTED_EDGE('',*,*,#1578,.F.);
#2362=ORIENTED_EDGE('',*,*,#1755,.F.);
#2363=ORIENTED_EDGE('',*,*,#1590,.F.);
#2364=ORIENTED_EDGE('',*,*,#1587,.F.);
#2365=ORIENTED_EDGE('',*,*,#1584,.F.);
#2366=ORIENTED_EDGE('',*,*,#1581,.F.);
#2367=ORIENTED_EDGE('',*,*,#1756,.T.);
#2368=ORIENTED_EDGE('',*,*,#1586,.F.);
#2369=ORIENTED_EDGE('',*,*,#1757,.T.);
#2370=ORIENTED_EDGE('',*,*,#1631,.F.);
#2371=ORIENTED_EDGE('',*,*,#1754,.T.);
#2372=ORIENTED_EDGE('',*,*,#1594,.F.);
#2373=ORIENTED_EDGE('',*,*,#1758,.F.);
#2374=ORIENTED_EDGE('',*,*,#1759,.F.);
#2375=ORIENTED_EDGE('',*,*,#1750,.F.);
#2376=ORIENTED_EDGE('',*,*,#1640,.F.);
#2377=ORIENTED_EDGE('',*,*,#1616,.F.);
#2378=ORIENTED_EDGE('',*,*,#1493,.F.);
#2379=ORIENTED_EDGE('',*,*,#1497,.F.);
#2380=ORIENTED_EDGE('',*,*,#1623,.F.);
#2381=ORIENTED_EDGE('',*,*,#1632,.F.);
#2382=ORIENTED_EDGE('',*,*,#1757,.F.);
#2383=ORIENTED_EDGE('',*,*,#1589,.F.);
#2384=ORIENTED_EDGE('',*,*,#1592,.F.);
#2385=ORIENTED_EDGE('',*,*,#1575,.F.);
#2386=ORIENTED_EDGE('',*,*,#1652,.T.);
#2387=ORIENTED_EDGE('',*,*,#1593,.F.);
#2388=ORIENTED_EDGE('',*,*,#1755,.T.);
#2389=ORIENTED_EDGE('',*,*,#1617,.F.);
#2390=ORIENTED_EDGE('',*,*,#1545,.T.);
#2391=ORIENTED_EDGE('',*,*,#1526,.F.);
#2392=ORIENTED_EDGE('',*,*,#1531,.F.);
#2393=ORIENTED_EDGE('',*,*,#1622,.F.);
#2394=ORIENTED_EDGE('',*,*,#1499,.F.);
#2395=ORIENTED_EDGE('',*,*,#1613,.F.);
#2396=ORIENTED_EDGE('',*,*,#1527,.F.);
#2397=ORIENTED_EDGE('',*,*,#1544,.T.);
#2398=ORIENTED_EDGE('',*,*,#1542,.F.);
#2399=ORIENTED_EDGE('',*,*,#1550,.F.);
#2400=ORIENTED_EDGE('',*,*,#1522,.F.);
#2401=ORIENTED_EDGE('',*,*,#1524,.F.);
#2402=ORIENTED_EDGE('',*,*,#1577,.F.);
#2403=ORIENTED_EDGE('',*,*,#1753,.F.);
#2404=ORIENTED_EDGE('',*,*,#1624,.F.);
#2405=ORIENTED_EDGE('',*,*,#1515,.F.);
#2406=ORIENTED_EDGE('',*,*,#1608,.F.);
#2407=ORIENTED_EDGE('',*,*,#1571,.F.);
#2408=ORIENTED_EDGE('',*,*,#1574,.F.);
#2409=ORIENTED_EDGE('',*,*,#1760,.T.);
#2410=ORIENTED_EDGE('',*,*,#1669,.T.);
#2411=ORIENTED_EDGE('',*,*,#1761,.T.);
#2412=ORIENTED_EDGE('',*,*,#1762,.T.);
#2413=ORIENTED_EDGE('',*,*,#1761,.F.);
#2414=ORIENTED_EDGE('',*,*,#1668,.F.);
#2415=ORIENTED_EDGE('',*,*,#1763,.F.);
#2416=ORIENTED_EDGE('',*,*,#1764,.F.);
#2417=ORIENTED_EDGE('',*,*,#1765,.F.);
#2418=ORIENTED_EDGE('',*,*,#1707,.F.);
#2419=ORIENTED_EDGE('',*,*,#1766,.T.);
#2420=ORIENTED_EDGE('',*,*,#1729,.T.);
#2421=ORIENTED_EDGE('',*,*,#1767,.T.);
#2422=ORIENTED_EDGE('',*,*,#1718,.F.);
#2423=ORIENTED_EDGE('',*,*,#1767,.F.);
#2424=ORIENTED_EDGE('',*,*,#1768,.T.);
#2425=ORIENTED_EDGE('',*,*,#1769,.F.);
#2426=ORIENTED_EDGE('',*,*,#1700,.T.);
#2427=ORIENTED_EDGE('',*,*,#1731,.T.);
#2428=ORIENTED_EDGE('',*,*,#1770,.T.);
#2429=ORIENTED_EDGE('',*,*,#1725,.T.);
#2430=ORIENTED_EDGE('',*,*,#1770,.F.);
#2431=ORIENTED_EDGE('',*,*,#1749,.T.);
#2432=ORIENTED_EDGE('',*,*,#1771,.F.);
#2433=ORIENTED_EDGE('',*,*,#1772,.T.);
#2434=ORIENTED_EDGE('',*,*,#1653,.T.);
#2435=ORIENTED_EDGE('',*,*,#1773,.T.);
#2436=ORIENTED_EDGE('',*,*,#1774,.T.);
#2437=ORIENTED_EDGE('',*,*,#1775,.T.);
#2438=ORIENTED_EDGE('',*,*,#1773,.F.);
#2439=ORIENTED_EDGE('',*,*,#1775,.F.);
#2440=ORIENTED_EDGE('',*,*,#1776,.T.);
#2441=ORIENTED_EDGE('',*,*,#1720,.T.);
#2442=ORIENTED_EDGE('',*,*,#1723,.F.);
#2443=ORIENTED_EDGE('',*,*,#1721,.T.);
#2444=ORIENTED_EDGE('',*,*,#1776,.F.);
#2445=ORIENTED_EDGE('',*,*,#1774,.F.);
#2446=ORIENTED_EDGE('',*,*,#1656,.T.);
#2447=ORIENTED_EDGE('',*,*,#1777,.T.);
#2448=ORIENTED_EDGE('',*,*,#1778,.F.);
#2449=ORIENTED_EDGE('',*,*,#1779,.T.);
#2450=ORIENTED_EDGE('',*,*,#1780,.F.);
#2451=ORIENTED_EDGE('',*,*,#1781,.T.);
#2452=ORIENTED_EDGE('',*,*,#1654,.T.);
#2453=ORIENTED_EDGE('',*,*,#1782,.F.);
#2454=ORIENTED_EDGE('',*,*,#1655,.T.);
#2455=ORIENTED_EDGE('',*,*,#1781,.F.);
#2456=ORIENTED_EDGE('',*,*,#1783,.F.);
#2457=ORIENTED_EDGE('',*,*,#1777,.F.);
#2458=ORIENTED_EDGE('',*,*,#1657,.T.);
#2459=ORIENTED_EDGE('',*,*,#1779,.F.);
#2460=ORIENTED_EDGE('',*,*,#1784,.F.);
#2461=ORIENTED_EDGE('',*,*,#1782,.T.);
#2462=ORIENTED_EDGE('',*,*,#1785,.T.);
#2463=ORIENTED_EDGE('',*,*,#1786,.T.);
#2464=ORIENTED_EDGE('',*,*,#1783,.T.);
#2465=ORIENTED_EDGE('',*,*,#1787,.F.);
#2466=ORIENTED_EDGE('',*,*,#1788,.T.);
#2467=ORIENTED_EDGE('',*,*,#1789,.T.);
#2468=ORIENTED_EDGE('',*,*,#1778,.T.);
#2469=ORIENTED_EDGE('',*,*,#1786,.F.);
#2470=ORIENTED_EDGE('',*,*,#1790,.T.);
#2471=ORIENTED_EDGE('',*,*,#1791,.T.);
#2472=ORIENTED_EDGE('',*,*,#1784,.T.);
#2473=ORIENTED_EDGE('',*,*,#1789,.F.);
#2474=ORIENTED_EDGE('',*,*,#1780,.T.);
#2475=ORIENTED_EDGE('',*,*,#1791,.F.);
#2476=ORIENTED_EDGE('',*,*,#1792,.T.);
#2477=ORIENTED_EDGE('',*,*,#1787,.T.);
#2478=ORIENTED_EDGE('',*,*,#1785,.F.);
#2479=ORIENTED_EDGE('',*,*,#1792,.F.);
#2480=ORIENTED_EDGE('',*,*,#1790,.F.);
#2481=ORIENTED_EDGE('',*,*,#1788,.F.);
#2482=ORIENTED_EDGE('',*,*,#1793,.T.);
#2483=ORIENTED_EDGE('',*,*,#1709,.T.);
#2484=ORIENTED_EDGE('',*,*,#1794,.T.);
#2485=ORIENTED_EDGE('',*,*,#1795,.T.);
#2486=ORIENTED_EDGE('',*,*,#1765,.T.);
#2487=ORIENTED_EDGE('',*,*,#1796,.T.);
#2488=ORIENTED_EDGE('',*,*,#1794,.F.);
#2489=ORIENTED_EDGE('',*,*,#1708,.T.);
#2490=ORIENTED_EDGE('',*,*,#1793,.F.);
#2491=ORIENTED_EDGE('',*,*,#1797,.T.);
#2492=ORIENTED_EDGE('',*,*,#1798,.F.);
#2493=ORIENTED_EDGE('',*,*,#1665,.F.);
#2494=ORIENTED_EDGE('',*,*,#1799,.F.);
#2495=ORIENTED_EDGE('',*,*,#1800,.F.);
#2496=ORIENTED_EDGE('',*,*,#1801,.F.);
#2497=ORIENTED_EDGE('',*,*,#1710,.T.);
#2498=ORIENTED_EDGE('',*,*,#1802,.T.);
#2499=ORIENTED_EDGE('',*,*,#1803,.T.);
#2500=ORIENTED_EDGE('',*,*,#1763,.T.);
#2501=ORIENTED_EDGE('',*,*,#1667,.T.);
#2502=ORIENTED_EDGE('',*,*,#1798,.T.);
#2503=ORIENTED_EDGE('',*,*,#1804,.T.);
#2504=ORIENTED_EDGE('',*,*,#1802,.F.);
#2505=ORIENTED_EDGE('',*,*,#1666,.T.);
#2506=ORIENTED_EDGE('',*,*,#1805,.T.);
#2507=ORIENTED_EDGE('',*,*,#1806,.T.);
#2508=ORIENTED_EDGE('',*,*,#1807,.T.);
#2509=ORIENTED_EDGE('',*,*,#1704,.T.);
#2510=ORIENTED_EDGE('',*,*,#1808,.T.);
#2511=ORIENTED_EDGE('',*,*,#1809,.T.);
#2512=ORIENTED_EDGE('',*,*,#1805,.F.);
#2513=ORIENTED_EDGE('',*,*,#1703,.T.);
#2514=ORIENTED_EDGE('',*,*,#1810,.T.);
#2515=ORIENTED_EDGE('',*,*,#1811,.T.);
#2516=ORIENTED_EDGE('',*,*,#1808,.F.);
#2517=ORIENTED_EDGE('',*,*,#1702,.T.);
#2518=ORIENTED_EDGE('',*,*,#1769,.T.);
#2519=ORIENTED_EDGE('',*,*,#1812,.T.);
#2520=ORIENTED_EDGE('',*,*,#1810,.F.);
#2521=ORIENTED_EDGE('',*,*,#1701,.T.);
#2522=ORIENTED_EDGE('',*,*,#1813,.F.);
#2523=ORIENTED_EDGE('',*,*,#1814,.F.);
#2524=ORIENTED_EDGE('',*,*,#1815,.F.);
#2525=ORIENTED_EDGE('',*,*,#1816,.T.);
#2526=ORIENTED_EDGE('',*,*,#1745,.T.);
#2527=ORIENTED_EDGE('',*,*,#1817,.T.);
#2528=ORIENTED_EDGE('',*,*,#1818,.T.);
#2529=ORIENTED_EDGE('',*,*,#1819,.T.);
#2530=ORIENTED_EDGE('',*,*,#1820,.T.);
#2531=ORIENTED_EDGE('',*,*,#1817,.F.);
#2532=ORIENTED_EDGE('',*,*,#1744,.T.);
#2533=ORIENTED_EDGE('',*,*,#1821,.T.);
#2534=ORIENTED_EDGE('',*,*,#1822,.T.);
#2535=ORIENTED_EDGE('',*,*,#1819,.F.);
#2536=ORIENTED_EDGE('',*,*,#1743,.T.);
#2537=ORIENTED_EDGE('',*,*,#1823,.T.);
#2538=ORIENTED_EDGE('',*,*,#1824,.T.);
#2539=ORIENTED_EDGE('',*,*,#1821,.F.);
#2540=ORIENTED_EDGE('',*,*,#1742,.T.);
#2541=ORIENTED_EDGE('',*,*,#1825,.T.);
#2542=ORIENTED_EDGE('',*,*,#1826,.T.);
#2543=ORIENTED_EDGE('',*,*,#1823,.F.);
#2544=ORIENTED_EDGE('',*,*,#1741,.T.);
#2545=ORIENTED_EDGE('',*,*,#1825,.F.);
#2546=ORIENTED_EDGE('',*,*,#1740,.T.);
#2547=ORIENTED_EDGE('',*,*,#1814,.T.);
#2548=ORIENTED_EDGE('',*,*,#1827,.T.);
#2549=ORIENTED_EDGE('',*,*,#1828,.F.);
#2550=ORIENTED_EDGE('',*,*,#1829,.F.);
#2551=ORIENTED_EDGE('',*,*,#1830,.F.);
#2552=ORIENTED_EDGE('',*,*,#1829,.T.);
#2553=ORIENTED_EDGE('',*,*,#1831,.T.);
#2554=ORIENTED_EDGE('',*,*,#1815,.T.);
#2555=ORIENTED_EDGE('',*,*,#1739,.T.);
#2556=ORIENTED_EDGE('',*,*,#1832,.F.);
#2557=ORIENTED_EDGE('',*,*,#1833,.F.);
#2558=ORIENTED_EDGE('',*,*,#1834,.F.);
#2559=ORIENTED_EDGE('',*,*,#1833,.T.);
#2560=ORIENTED_EDGE('',*,*,#1835,.T.);
#2561=ORIENTED_EDGE('',*,*,#1813,.T.);
#2562=ORIENTED_EDGE('',*,*,#1836,.T.);
#2563=ORIENTED_EDGE('',*,*,#1837,.T.);
#2564=ORIENTED_EDGE('',*,*,#1830,.T.);
#2565=ORIENTED_EDGE('',*,*,#1738,.T.);
#2566=ORIENTED_EDGE('',*,*,#1838,.T.);
#2567=ORIENTED_EDGE('',*,*,#1839,.F.);
#2568=ORIENTED_EDGE('',*,*,#1840,.F.);
#2569=ORIENTED_EDGE('',*,*,#1841,.F.);
#2570=ORIENTED_EDGE('',*,*,#1840,.T.);
#2571=ORIENTED_EDGE('',*,*,#1842,.T.);
#2572=ORIENTED_EDGE('',*,*,#1828,.T.);
#2573=ORIENTED_EDGE('',*,*,#1843,.T.);
#2574=ORIENTED_EDGE('',*,*,#1737,.T.);
#2575=ORIENTED_EDGE('',*,*,#1844,.T.);
#2576=ORIENTED_EDGE('',*,*,#1845,.T.);
#2577=ORIENTED_EDGE('',*,*,#1838,.F.);
#2578=ORIENTED_EDGE('',*,*,#1846,.T.);
#2579=ORIENTED_EDGE('',*,*,#1847,.T.);
#2580=ORIENTED_EDGE('',*,*,#1844,.F.);
#2581=ORIENTED_EDGE('',*,*,#1736,.T.);
#2582=ORIENTED_EDGE('',*,*,#1848,.T.);
#2583=ORIENTED_EDGE('',*,*,#1846,.F.);
#2584=ORIENTED_EDGE('',*,*,#1735,.T.);
#2585=ORIENTED_EDGE('',*,*,#1849,.T.);
#2586=ORIENTED_EDGE('',*,*,#1850,.F.);
#2587=ORIENTED_EDGE('',*,*,#1851,.F.);
#2588=ORIENTED_EDGE('',*,*,#1733,.T.);
#2589=ORIENTED_EDGE('',*,*,#1751,.F.);
#2590=ORIENTED_EDGE('',*,*,#1734,.T.);
#2591=ORIENTED_EDGE('',*,*,#1851,.T.);
#2592=ORIENTED_EDGE('',*,*,#1852,.T.);
#2593=ORIENTED_EDGE('',*,*,#1849,.F.);
#2594=ORIENTED_EDGE('',*,*,#1853,.F.);
#2595=ORIENTED_EDGE('',*,*,#1854,.F.);
#2596=ORIENTED_EDGE('',*,*,#1855,.F.);
#2597=ORIENTED_EDGE('',*,*,#1693,.T.);
#2598=ORIENTED_EDGE('',*,*,#1854,.T.);
#2599=ORIENTED_EDGE('',*,*,#1856,.T.);
#2600=ORIENTED_EDGE('',*,*,#1850,.T.);
#2601=ORIENTED_EDGE('',*,*,#1759,.T.);
#2602=ORIENTED_EDGE('',*,*,#1857,.F.);
#2603=ORIENTED_EDGE('',*,*,#1858,.F.);
#2604=ORIENTED_EDGE('',*,*,#1859,.F.);
#2605=ORIENTED_EDGE('',*,*,#1663,.T.);
#2606=ORIENTED_EDGE('',*,*,#1860,.F.);
#2607=ORIENTED_EDGE('',*,*,#1861,.F.);
#2608=ORIENTED_EDGE('',*,*,#1712,.T.);
#2609=ORIENTED_EDGE('',*,*,#1862,.F.);
#2610=ORIENTED_EDGE('',*,*,#1863,.T.);
#2611=ORIENTED_EDGE('',*,*,#1698,.F.);
#2612=ORIENTED_EDGE('',*,*,#1716,.T.);
#2613=ORIENTED_EDGE('',*,*,#1864,.T.);
#2614=ORIENTED_EDGE('',*,*,#1865,.T.);
#2615=ORIENTED_EDGE('',*,*,#1713,.T.);
#2616=ORIENTED_EDGE('',*,*,#1861,.T.);
#2617=ORIENTED_EDGE('',*,*,#1866,.T.);
#2618=ORIENTED_EDGE('',*,*,#1867,.T.);
#2619=ORIENTED_EDGE('',*,*,#1714,.T.);
#2620=ORIENTED_EDGE('',*,*,#1865,.F.);
#2621=ORIENTED_EDGE('',*,*,#1868,.T.);
#2622=ORIENTED_EDGE('',*,*,#1715,.T.);
#2623=ORIENTED_EDGE('',*,*,#1867,.F.);
#2624=ORIENTED_EDGE('',*,*,#1869,.T.);
#2625=ORIENTED_EDGE('',*,*,#1864,.F.);
#2626=ORIENTED_EDGE('',*,*,#1801,.T.);
#2627=ORIENTED_EDGE('',*,*,#1870,.T.);
#2628=ORIENTED_EDGE('',*,*,#1862,.T.);
#2629=ORIENTED_EDGE('',*,*,#1711,.T.);
#2630=ORIENTED_EDGE('',*,*,#1858,.T.);
#2631=ORIENTED_EDGE('',*,*,#1871,.T.);
#2632=ORIENTED_EDGE('',*,*,#1860,.T.);
#2633=ORIENTED_EDGE('',*,*,#1872,.T.);
#2634=ORIENTED_EDGE('',*,*,#1799,.T.);
#2635=ORIENTED_EDGE('',*,*,#1664,.T.);
#2636=ORIENTED_EDGE('',*,*,#1859,.T.);
#2637=ORIENTED_EDGE('',*,*,#1873,.T.);
#2638=ORIENTED_EDGE('',*,*,#1874,.T.);
#2639=ORIENTED_EDGE('',*,*,#1875,.T.);
#2640=ORIENTED_EDGE('',*,*,#1660,.T.);
#2641=ORIENTED_EDGE('',*,*,#1876,.T.);
#2642=ORIENTED_EDGE('',*,*,#1877,.T.);
#2643=ORIENTED_EDGE('',*,*,#1661,.T.);
#2644=ORIENTED_EDGE('',*,*,#1875,.F.);
#2645=ORIENTED_EDGE('',*,*,#1878,.T.);
#2646=ORIENTED_EDGE('',*,*,#1857,.T.);
#2647=ORIENTED_EDGE('',*,*,#1662,.T.);
#2648=ORIENTED_EDGE('',*,*,#1877,.F.);
#2649=ORIENTED_EDGE('',*,*,#1879,.T.);
#2650=ORIENTED_EDGE('',*,*,#1880,.T.);
#2651=ORIENTED_EDGE('',*,*,#1876,.F.);
#2652=ORIENTED_EDGE('',*,*,#1659,.T.);
#2653=ORIENTED_EDGE('',*,*,#1648,.T.);
#2654=ORIENTED_EDGE('',*,*,#1560,.F.);
#2655=ORIENTED_EDGE('',*,*,#1694,.T.);
#2656=ORIENTED_EDGE('',*,*,#1855,.T.);
#2657=ORIENTED_EDGE('',*,*,#1758,.T.);
#2658=ORIENTED_EDGE('',*,*,#1881,.T.);
#2659=ORIENTED_EDGE('',*,*,#1853,.T.);
#2660=ORIENTED_EDGE('',*,*,#1692,.T.);
#2661=ORIENTED_EDGE('',*,*,#1882,.T.);
#2662=ORIENTED_EDGE('',*,*,#1883,.T.);
#2663=ORIENTED_EDGE('',*,*,#1884,.T.);
#2664=ORIENTED_EDGE('',*,*,#1689,.T.);
#2665=ORIENTED_EDGE('',*,*,#1885,.T.);
#2666=ORIENTED_EDGE('',*,*,#1886,.T.);
#2667=ORIENTED_EDGE('',*,*,#1690,.T.);
#2668=ORIENTED_EDGE('',*,*,#1884,.F.);
#2669=ORIENTED_EDGE('',*,*,#1887,.T.);
#2670=ORIENTED_EDGE('',*,*,#1691,.T.);
#2671=ORIENTED_EDGE('',*,*,#1886,.F.);
#2672=ORIENTED_EDGE('',*,*,#1888,.T.);
#2673=ORIENTED_EDGE('',*,*,#1882,.F.);
#2674=ORIENTED_EDGE('',*,*,#1688,.T.);
#2675=ORIENTED_EDGE('',*,*,#1841,.T.);
#2676=ORIENTED_EDGE('',*,*,#1889,.T.);
#2677=ORIENTED_EDGE('',*,*,#1885,.F.);
#2678=ORIENTED_EDGE('',*,*,#1839,.T.);
#2679=ORIENTED_EDGE('',*,*,#1687,.T.);
#2680=ORIENTED_EDGE('',*,*,#1834,.T.);
#2681=ORIENTED_EDGE('',*,*,#1890,.T.);
#2682=ORIENTED_EDGE('',*,*,#1891,.T.);
#2683=ORIENTED_EDGE('',*,*,#1892,.T.);
#2684=ORIENTED_EDGE('',*,*,#1832,.T.);
#2685=ORIENTED_EDGE('',*,*,#1686,.T.);
#2686=ORIENTED_EDGE('',*,*,#1893,.T.);
#2687=ORIENTED_EDGE('',*,*,#1894,.T.);
#2688=ORIENTED_EDGE('',*,*,#1891,.F.);
#2689=ORIENTED_EDGE('',*,*,#1685,.T.);
#2690=ORIENTED_EDGE('',*,*,#1895,.T.);
#2691=ORIENTED_EDGE('',*,*,#1896,.T.);
#2692=ORIENTED_EDGE('',*,*,#1893,.F.);
#2693=ORIENTED_EDGE('',*,*,#1684,.T.);
#2694=ORIENTED_EDGE('',*,*,#1897,.T.);
#2695=ORIENTED_EDGE('',*,*,#1898,.T.);
#2696=ORIENTED_EDGE('',*,*,#1895,.F.);
#2697=ORIENTED_EDGE('',*,*,#1683,.T.);
#2698=ORIENTED_EDGE('',*,*,#1899,.T.);
#2699=ORIENTED_EDGE('',*,*,#1900,.T.);
#2700=ORIENTED_EDGE('',*,*,#1897,.F.);
#2701=ORIENTED_EDGE('',*,*,#1682,.T.);
#2702=ORIENTED_EDGE('',*,*,#1901,.T.);
#2703=ORIENTED_EDGE('',*,*,#1902,.T.);
#2704=ORIENTED_EDGE('',*,*,#1899,.F.);
#2705=ORIENTED_EDGE('',*,*,#1681,.T.);
#2706=ORIENTED_EDGE('',*,*,#1903,.T.);
#2707=ORIENTED_EDGE('',*,*,#1904,.T.);
#2708=ORIENTED_EDGE('',*,*,#1901,.F.);
#2709=ORIENTED_EDGE('',*,*,#1680,.T.);
#2710=ORIENTED_EDGE('',*,*,#1905,.T.);
#2711=ORIENTED_EDGE('',*,*,#1906,.T.);
#2712=ORIENTED_EDGE('',*,*,#1903,.F.);
#2713=ORIENTED_EDGE('',*,*,#1679,.T.);
#2714=ORIENTED_EDGE('',*,*,#1907,.T.);
#2715=ORIENTED_EDGE('',*,*,#1908,.T.);
#2716=ORIENTED_EDGE('',*,*,#1905,.F.);
#2717=ORIENTED_EDGE('',*,*,#1678,.T.);
#2718=ORIENTED_EDGE('',*,*,#1909,.T.);
#2719=ORIENTED_EDGE('',*,*,#1910,.T.);
#2720=ORIENTED_EDGE('',*,*,#1907,.F.);
#2721=ORIENTED_EDGE('',*,*,#1677,.T.);
#2722=ORIENTED_EDGE('',*,*,#1911,.T.);
#2723=ORIENTED_EDGE('',*,*,#1727,.T.);
#2724=ORIENTED_EDGE('',*,*,#1909,.F.);
#2725=ORIENTED_EDGE('',*,*,#1676,.T.);
#2726=ORIENTED_EDGE('',*,*,#1912,.T.);
#2727=ORIENTED_EDGE('',*,*,#1913,.T.);
#2728=ORIENTED_EDGE('',*,*,#1911,.F.);
#2729=ORIENTED_EDGE('',*,*,#1675,.T.);
#2730=ORIENTED_EDGE('',*,*,#1914,.T.);
#2731=ORIENTED_EDGE('',*,*,#1915,.T.);
#2732=ORIENTED_EDGE('',*,*,#1912,.F.);
#2733=ORIENTED_EDGE('',*,*,#1674,.T.);
#2734=ORIENTED_EDGE('',*,*,#1916,.T.);
#2735=ORIENTED_EDGE('',*,*,#1917,.T.);
#2736=ORIENTED_EDGE('',*,*,#1914,.F.);
#2737=ORIENTED_EDGE('',*,*,#1673,.T.);
#2738=ORIENTED_EDGE('',*,*,#1918,.T.);
#2739=ORIENTED_EDGE('',*,*,#1919,.T.);
#2740=ORIENTED_EDGE('',*,*,#1916,.F.);
#2741=ORIENTED_EDGE('',*,*,#1672,.T.);
#2742=ORIENTED_EDGE('',*,*,#1920,.T.);
#2743=ORIENTED_EDGE('',*,*,#1921,.T.);
#2744=ORIENTED_EDGE('',*,*,#1918,.F.);
#2745=ORIENTED_EDGE('',*,*,#1671,.T.);
#2746=ORIENTED_EDGE('',*,*,#1922,.T.);
#2747=ORIENTED_EDGE('',*,*,#1746,.T.);
#2748=ORIENTED_EDGE('',*,*,#1816,.F.);
#2749=ORIENTED_EDGE('',*,*,#1923,.T.);
#2750=ORIENTED_EDGE('',*,*,#1924,.T.);
#2751=ORIENTED_EDGE('',*,*,#1747,.T.);
#2752=ORIENTED_EDGE('',*,*,#1922,.F.);
#2753=ORIENTED_EDGE('',*,*,#1925,.T.);
#2754=ORIENTED_EDGE('',*,*,#1771,.T.);
#2755=ORIENTED_EDGE('',*,*,#1748,.T.);
#2756=ORIENTED_EDGE('',*,*,#1924,.F.);
#2757=ORIENTED_EDGE('',*,*,#1926,.T.);
#2758=ORIENTED_EDGE('',*,*,#1852,.F.);
#2759=ORIENTED_EDGE('',*,*,#1856,.F.);
#2760=ORIENTED_EDGE('',*,*,#1881,.F.);
#2761=ORIENTED_EDGE('',*,*,#1927,.F.);
#2762=ORIENTED_EDGE('',*,*,#1874,.F.);
#2763=ORIENTED_EDGE('',*,*,#1928,.F.);
#2764=ORIENTED_EDGE('',*,*,#1869,.F.);
#2765=ORIENTED_EDGE('',*,*,#1929,.T.);
#2766=ORIENTED_EDGE('',*,*,#1880,.F.);
#2767=ORIENTED_EDGE('',*,*,#1696,.F.);
#2768=ORIENTED_EDGE('',*,*,#1863,.F.);
#2769=ORIENTED_EDGE('',*,*,#1928,.T.);
#2770=ORIENTED_EDGE('',*,*,#1827,.F.);
#2771=ORIENTED_EDGE('',*,*,#1835,.F.);
#2772=ORIENTED_EDGE('',*,*,#1892,.F.);
#2773=ORIENTED_EDGE('',*,*,#1930,.F.);
#2774=ORIENTED_EDGE('',*,*,#1826,.F.);
#2775=ORIENTED_EDGE('',*,*,#1930,.T.);
#2776=ORIENTED_EDGE('',*,*,#1894,.F.);
#2777=ORIENTED_EDGE('',*,*,#1931,.T.);
#2778=ORIENTED_EDGE('',*,*,#1824,.F.);
#2779=ORIENTED_EDGE('',*,*,#1931,.F.);
#2780=ORIENTED_EDGE('',*,*,#1896,.F.);
#2781=ORIENTED_EDGE('',*,*,#1932,.F.);
#2782=ORIENTED_EDGE('',*,*,#1822,.F.);
#2783=ORIENTED_EDGE('',*,*,#1932,.T.);
#2784=ORIENTED_EDGE('',*,*,#1898,.F.);
#2785=ORIENTED_EDGE('',*,*,#1933,.F.);
#2786=ORIENTED_EDGE('',*,*,#1820,.F.);
#2787=ORIENTED_EDGE('',*,*,#1933,.T.);
#2788=ORIENTED_EDGE('',*,*,#1900,.F.);
#2789=ORIENTED_EDGE('',*,*,#1934,.F.);
#2790=ORIENTED_EDGE('',*,*,#1818,.F.);
#2791=ORIENTED_EDGE('',*,*,#1934,.T.);
#2792=ORIENTED_EDGE('',*,*,#1902,.F.);
#2793=ORIENTED_EDGE('',*,*,#1935,.T.);
#2794=ORIENTED_EDGE('',*,*,#1923,.F.);
#2795=ORIENTED_EDGE('',*,*,#1935,.F.);
#2796=ORIENTED_EDGE('',*,*,#1904,.F.);
#2797=ORIENTED_EDGE('',*,*,#1936,.F.);
#2798=ORIENTED_EDGE('',*,*,#1925,.F.);
#2799=ORIENTED_EDGE('',*,*,#1936,.T.);
#2800=ORIENTED_EDGE('',*,*,#1906,.F.);
#2801=ORIENTED_EDGE('',*,*,#1937,.T.);
#2802=ORIENTED_EDGE('',*,*,#1926,.F.);
#2803=ORIENTED_EDGE('',*,*,#1937,.F.);
#2804=ORIENTED_EDGE('',*,*,#1908,.F.);
#2805=ORIENTED_EDGE('',*,*,#1938,.F.);
#2806=ORIENTED_EDGE('',*,*,#1772,.F.);
#2807=ORIENTED_EDGE('',*,*,#1938,.T.);
#2808=ORIENTED_EDGE('',*,*,#1910,.F.);
#2809=ORIENTED_EDGE('',*,*,#1726,.T.);
#2810=ORIENTED_EDGE('',*,*,#1768,.F.);
#2811=ORIENTED_EDGE('',*,*,#1728,.T.);
#2812=ORIENTED_EDGE('',*,*,#1913,.F.);
#2813=ORIENTED_EDGE('',*,*,#1939,.T.);
#2814=ORIENTED_EDGE('',*,*,#1812,.F.);
#2815=ORIENTED_EDGE('',*,*,#1939,.F.);
#2816=ORIENTED_EDGE('',*,*,#1915,.F.);
#2817=ORIENTED_EDGE('',*,*,#1940,.F.);
#2818=ORIENTED_EDGE('',*,*,#1811,.F.);
#2819=ORIENTED_EDGE('',*,*,#1940,.T.);
#2820=ORIENTED_EDGE('',*,*,#1917,.F.);
#2821=ORIENTED_EDGE('',*,*,#1941,.T.);
#2822=ORIENTED_EDGE('',*,*,#1809,.F.);
#2823=ORIENTED_EDGE('',*,*,#1941,.F.);
#2824=ORIENTED_EDGE('',*,*,#1919,.F.);
#2825=ORIENTED_EDGE('',*,*,#1942,.F.);
#2826=ORIENTED_EDGE('',*,*,#1806,.F.);
#2827=ORIENTED_EDGE('',*,*,#1942,.T.);
#2828=ORIENTED_EDGE('',*,*,#1921,.F.);
#2829=ORIENTED_EDGE('',*,*,#1943,.F.);
#2830=ORIENTED_EDGE('',*,*,#1831,.F.);
#2831=ORIENTED_EDGE('',*,*,#1842,.F.);
#2832=ORIENTED_EDGE('',*,*,#1890,.F.);
#2833=ORIENTED_EDGE('',*,*,#1836,.F.);
#2834=ORIENTED_EDGE('',*,*,#1796,.F.);
#2835=ORIENTED_EDGE('',*,*,#1764,.T.);
#2836=ORIENTED_EDGE('',*,*,#1803,.F.);
#2837=ORIENTED_EDGE('',*,*,#1944,.T.);
#2838=ORIENTED_EDGE('',*,*,#1537,.F.);
#2839=ORIENTED_EDGE('',*,*,#1945,.T.);
#2840=ORIENTED_EDGE('',*,*,#1756,.F.);
#2841=ORIENTED_EDGE('',*,*,#1945,.F.);
#2842=ORIENTED_EDGE('',*,*,#1848,.F.);
#2843=ORIENTED_EDGE('',*,*,#1927,.T.);
#2844=ORIENTED_EDGE('',*,*,#1888,.F.);
#2845=ORIENTED_EDGE('',*,*,#1946,.F.);
#2846=ORIENTED_EDGE('',*,*,#1847,.F.);
#2847=ORIENTED_EDGE('',*,*,#1946,.T.);
#2848=ORIENTED_EDGE('',*,*,#1887,.F.);
#2849=ORIENTED_EDGE('',*,*,#1947,.F.);
#2850=ORIENTED_EDGE('',*,*,#1845,.F.);
#2851=ORIENTED_EDGE('',*,*,#1947,.T.);
#2852=ORIENTED_EDGE('',*,*,#1883,.F.);
#2853=ORIENTED_EDGE('',*,*,#1948,.F.);
#2854=ORIENTED_EDGE('',*,*,#1837,.F.);
#2855=ORIENTED_EDGE('',*,*,#1948,.T.);
#2856=ORIENTED_EDGE('',*,*,#1889,.F.);
#2857=ORIENTED_EDGE('',*,*,#1843,.F.);
#2858=ORIENTED_EDGE('',*,*,#1760,.F.);
#2859=ORIENTED_EDGE('',*,*,#1949,.F.);
#2860=ORIENTED_EDGE('',*,*,#1705,.F.);
#2861=ORIENTED_EDGE('',*,*,#1807,.F.);
#2862=ORIENTED_EDGE('',*,*,#1943,.T.);
#2863=ORIENTED_EDGE('',*,*,#1920,.F.);
#2864=ORIENTED_EDGE('',*,*,#1670,.F.);
#2865=ORIENTED_EDGE('',*,*,#1762,.F.);
#2866=ORIENTED_EDGE('',*,*,#1766,.F.);
#2867=ORIENTED_EDGE('',*,*,#1706,.F.);
#2868=ORIENTED_EDGE('',*,*,#1949,.T.);
#2869=ORIENTED_EDGE('',*,*,#1795,.F.);
#2870=ORIENTED_EDGE('',*,*,#1944,.F.);
#2871=ORIENTED_EDGE('',*,*,#1804,.F.);
#2872=ORIENTED_EDGE('',*,*,#1797,.F.);
#2873=ORIENTED_EDGE('',*,*,#1870,.F.);
#2874=ORIENTED_EDGE('',*,*,#1800,.T.);
#2875=ORIENTED_EDGE('',*,*,#1873,.F.);
#2876=ORIENTED_EDGE('',*,*,#1872,.F.);
#2877=ORIENTED_EDGE('',*,*,#1879,.F.);
#2878=ORIENTED_EDGE('',*,*,#1950,.F.);
#2879=ORIENTED_EDGE('',*,*,#1866,.F.);
#2880=ORIENTED_EDGE('',*,*,#1871,.F.);
#2881=ORIENTED_EDGE('',*,*,#1878,.F.);
#2882=ORIENTED_EDGE('',*,*,#1929,.F.);
#2883=ORIENTED_EDGE('',*,*,#1868,.F.);
#2884=ORIENTED_EDGE('',*,*,#1950,.T.);
#2885=B_SPLINE_SURFACE_WITH_KNOTS('',3,3,((#4522,#4523,#4524,#4525,#4526,
#4527,#4528,#4529,#4530,#4531,#4532,#4533,#4534,#4535,#4536,#4537,#4538,
#4539,#4540,#4541,#4542,#4543,#4544),(#4545,#4546,#4547,#4548,#4549,#4550,
#4551,#4552,#4553,#4554,#4555,#4556,#4557,#4558,#4559,#4560,#4561,#4562,
#4563,#4564,#4565,#4566,#4567),(#4568,#4569,#4570,#4571,#4572,#4573,#4574,
#4575,#4576,#4577,#4578,#4579,#4580,#4581,#4582,#4583,#4584,#4585,#4586,
#4587,#4588,#4589,#4590),(#4591,#4592,#4593,#4594,#4595,#4596,#4597,#4598,
#4599,#4600,#4601,#4602,#4603,#4604,#4605,#4606,#4607,#4608,#4609,#4610,
#4611,#4612,#4613),(#4614,#4615,#4616,#4617,#4618,#4619,#4620,#4621,#4622,
#4623,#4624,#4625,#4626,#4627,#4628,#4629,#4630,#4631,#4632,#4633,#4634,
#4635,#4636),(#4637,#4638,#4639,#4640,#4641,#4642,#4643,#4644,#4645,#4646,
#4647,#4648,#4649,#4650,#4651,#4652,#4653,#4654,#4655,#4656,#4657,#4658,
#4659)),.UNSPECIFIED.,.F.,.F.,.F.,(4,1,1,4),(4,1,1,1,1,1,1,1,1,1,1,1,1,
1,1,1,1,1,1,1,4),(0.,0.333333333333333,0.666666666666667,1.),(0.,0.05,0.1,
0.15,0.2,0.25,0.3,0.35,0.4,0.45,0.5,0.55,0.6,0.65,0.7,0.75,0.8,0.85,0.9,
0.95,1.),.UNSPECIFIED.);
#2886=B_SPLINE_SURFACE_WITH_KNOTS('',3,3,((#4806,#4807,#4808,#4809,#4810,
#4811),(#4812,#4813,#4814,#4815,#4816,#4817),(#4818,#4819,#4820,#4821,#4822,
#4823),(#4824,#4825,#4826,#4827,#4828,#4829),(#4830,#4831,#4832,#4833,#4834,
#4835),(#4836,#4837,#4838,#4839,#4840,#4841),(#4842,#4843,#4844,#4845,#4846,
#4847),(#4848,#4849,#4850,#4851,#4852,#4853),(#4854,#4855,#4856,#4857,#4858,
#4859),(#4860,#4861,#4862,#4863,#4864,#4865),(#4866,#4867,#4868,#4869,#4870,
#4871),(#4872,#4873,#4874,#4875,#4876,#4877),(#4878,#4879,#4880,#4881,#4882,
#4883),(#4884,#4885,#4886,#4887,#4888,#4889),(#4890,#4891,#4892,#4893,#4894,
#4895),(#4896,#4897,#4898,#4899,#4900,#4901),(#4902,#4903,#4904,#4905,#4906,
#4907),(#4908,#4909,#4910,#4911,#4912,#4913),(#4914,#4915,#4916,#4917,#4918,
#4919),(#4920,#4921,#4922,#4923,#4924,#4925),(#4926,#4927,#4928,#4929,#4930,
#4931),(#4932,#4933,#4934,#4935,#4936,#4937),(#4938,#4939,#4940,#4941,#4942,
#4943)),.UNSPECIFIED.,.F.,.F.,.F.,(4,1,1,1,1,1,1,1,1,1,1,1,1,1,1,1,1,1,
1,1,4),(4,1,1,4),(0.,0.05,0.1,0.15,0.2,0.25,0.3,0.35,0.4,0.45,0.5,0.55,
0.6,0.65,0.7,0.75,0.8,0.85,0.9,0.95,1.),(0.,0.333333333333333,0.666666666666667,
1.),.UNSPECIFIED.);
#2887=B_SPLINE_SURFACE_WITH_KNOTS('',3,3,((#5144,#5145,#5146,#5147,#5148,
#5149,#5150,#5151,#5152,#5153,#5154,#5155,#5156,#5157,#5158,#5159,#5160,
#5161,#5162,#5163,#5164,#5165,#5166),(#5167,#5168,#5169,#5170,#5171,#5172,
#5173,#5174,#5175,#5176,#5177,#5178,#5179,#5180,#5181,#5182,#5183,#5184,
#5185,#5186,#5187,#5188,#5189),(#5190,#5191,#5192,#5193,#5194,#5195,#5196,
#5197,#5198,#5199,#5200,#5201,#5202,#5203,#5204,#5205,#5206,#5207,#5208,
#5209,#5210,#5211,#5212),(#5213,#5214,#5215,#5216,#5217,#5218,#5219,#5220,
#5221,#5222,#5223,#5224,#5225,#5226,#5227,#5228,#5229,#5230,#5231,#5232,
#5233,#5234,#5235),(#5236,#5237,#5238,#5239,#5240,#5241,#5242,#5243,#5244,
#5245,#5246,#5247,#5248,#5249,#5250,#5251,#5252,#5253,#5254,#5255,#5256,
#5257,#5258),(#5259,#5260,#5261,#5262,#5263,#5264,#5265,#5266,#5267,#5268,
#5269,#5270,#5271,#5272,#5273,#5274,#5275,#5276,#5277,#5278,#5279,#5280,
#5281)),.UNSPECIFIED.,.F.,.F.,.F.,(4,1,1,4),(4,1,1,1,1,1,1,1,1,1,1,1,1,
1,1,1,1,1,1,1,4),(0.,0.333333333333333,0.666666666666667,1.),(0.,0.05,0.1,
0.15,0.2,0.25,0.3,0.35,0.4,0.45,0.5,0.55,0.6,0.65,0.7,0.75,0.8,0.85,0.9,
0.95,1.),.UNSPECIFIED.);
#2888=B_SPLINE_SURFACE_WITH_KNOTS('',3,3,((#5421,#5422,#5423,#5424,#5425,
#5426),(#5427,#5428,#5429,#5430,#5431,#5432),(#5433,#5434,#5435,#5436,#5437,
#5438),(#5439,#5440,#5441,#5442,#5443,#5444),(#5445,#5446,#5447,#5448,#5449,
#5450),(#5451,#5452,#5453,#5454,#5455,#5456),(#5457,#5458,#5459,#5460,#5461,
#5462),(#5463,#5464,#5465,#5466,#5467,#5468),(#5469,#5470,#5471,#5472,#5473,
#5474),(#5475,#5476,#5477,#5478,#5479,#5480),(#5481,#5482,#5483,#5484,#5485,
#5486)),.UNSPECIFIED.,.F.,.F.,.F.,(4,1,1,1,1,1,1,1,4),(4,1,1,4),(0.,0.125,
0.25,0.375,0.5,0.625,0.75,0.875,1.),(0.,0.333333333333333,0.666666666666667,
1.),.UNSPECIFIED.);
#2889=B_SPLINE_SURFACE_WITH_KNOTS('',3,3,((#5619,#5620,#5621,#5622,#5623,
#5624,#5625,#5626,#5627,#5628,#5629),(#5630,#5631,#5632,#5633,#5634,#5635,
#5636,#5637,#5638,#5639,#5640),(#5641,#5642,#5643,#5644,#5645,#5646,#5647,
#5648,#5649,#5650,#5651),(#5652,#5653,#5654,#5655,#5656,#5657,#5658,#5659,
#5660,#5661,#5662),(#5663,#5664,#5665,#5666,#5667,#5668,#5669,#5670,#5671,
#5672,#5673),(#5674,#5675,#5676,#5677,#5678,#5679,#5680,#5681,#5682,#5683,
#5684)),.UNSPECIFIED.,.F.,.F.,.F.,(4,1,1,4),(4,1,1,1,1,1,1,1,4),(0.,0.333333333333333,
0.666666666666667,1.),(0.,0.125,0.25,0.375,0.5,0.625,0.75,0.875,1.),
 .UNSPECIFIED.);
#2890=B_SPLINE_SURFACE_WITH_KNOTS('',3,3,((#5734,#5735,#5736,#5737,#5738,
#5739,#5740,#5741,#5742,#5743),(#5744,#5745,#5746,#5747,#5748,#5749,#5750,
#5751,#5752,#5753),(#5754,#5755,#5756,#5757,#5758,#5759,#5760,#5761,#5762,
#5763),(#5764,#5765,#5766,#5767,#5768,#5769,#5770,#5771,#5772,#5773),(#5774,
#5775,#5776,#5777,#5778,#5779,#5780,#5781,#5782,#5783)),.UNSPECIFIED.,.F.,
 .F.,.F.,(4,1,4),(4,2,1,1,1,1,4),(0.,0.571428571428571,1.),(-0.00105365375020164,
0.,0.157173397689014,0.314346795378027,0.471520193067041,0.628693590756054,
0.785866988445068),.UNSPECIFIED.);
#2891=B_SPLINE_SURFACE_WITH_KNOTS('',3,3,((#5816,#5817,#5818,#5819,#5820,
#5821,#5822,#5823,#5824,#5825,#5826,#5827),(#5828,#5829,#5830,#5831,#5832,
#5833,#5834,#5835,#5836,#5837,#5838,#5839),(#5840,#5841,#5842,#5843,#5844,
#5845,#5846,#5847,#5848,#5849,#5850,#5851),(#5852,#5853,#5854,#5855,#5856,
#5857,#5858,#5859,#5860,#5861,#5862,#5863),(#5864,#5865,#5866,#5867,#5868,
#5869,#5870,#5871,#5872,#5873,#5874,#5875)),.UNSPECIFIED.,.F.,.F.,.F.,(4,
1,4),(4,1,1,1,1,1,1,2,4),(0.,0.571428571428571,1.),(0.,0.157173397688523,
0.314346795377047,0.47152019306557,0.550106891909832,0.628693590754094,
0.707280289598355,0.785866988442617,0.786920642193133),.UNSPECIFIED.);
#2892=B_SPLINE_SURFACE_WITH_KNOTS('',3,3,((#5934,#5935,#5936,#5937,#5938,
#5939),(#5940,#5941,#5942,#5943,#5944,#5945),(#5946,#5947,#5948,#5949,#5950,
#5951),(#5952,#5953,#5954,#5955,#5956,#5957),(#5958,#5959,#5960,#5961,#5962,
#5963)),.UNSPECIFIED.,.F.,.F.,.F.,(4,1,4),(4,1,1,4),(0.,0.571428571428571,
1.),(0.159923924866363,0.366122938048871,0.50358894683721,0.641054955625549),
 .UNSPECIFIED.);
#2893=B_SPLINE_SURFACE_WITH_KNOTS('',3,3,((#5988,#5989,#5990,#5991,#5992,
#5993,#5994,#5995,#5996,#5997,#5998,#5999),(#6000,#6001,#6002,#6003,#6004,
#6005,#6006,#6007,#6008,#6009,#6010,#6011),(#6012,#6013,#6014,#6015,#6016,
#6017,#6018,#6019,#6020,#6021,#6022,#6023),(#6024,#6025,#6026,#6027,#6028,
#6029,#6030,#6031,#6032,#6033,#6034,#6035),(#6036,#6037,#6038,#6039,#6040,
#6041,#6042,#6043,#6044,#6045,#6046,#6047)),.UNSPECIFIED.,.F.,.F.,.F.,(4,
1,4),(4,1,1,1,1,1,1,1,1,4),(0.,0.571428571428571,1.),(0.238731039971179,
0.261927943781453,0.285124847591727,0.331518655212275,0.42430627045337,
0.470700078073918,0.493896981884192,0.517093885694466,0.702669116176657,
0.888244346658848),.UNSPECIFIED.);
#2894=B_SPLINE_SURFACE_WITH_KNOTS('',3,3,((#6371,#6372,#6373,#6374,#6375),
(#6376,#6377,#6378,#6379,#6380),(#6381,#6382,#6383,#6384,#6385),(#6386,
#6387,#6388,#6389,#6390),(#6391,#6392,#6393,#6394,#6395)),.UNSPECIFIED.,
 .F.,.F.,.F.,(4,1,4),(4,1,4),(0.,0.571428571428571,1.),(0.0576648188928372,
0.904881586858528,2.03450394414612),.UNSPECIFIED.);
#2895=B_SPLINE_SURFACE_WITH_KNOTS('',3,3,((#6418,#6419,#6420,#6421,#6422),
(#6423,#6424,#6425,#6426,#6427),(#6428,#6429,#6430,#6431,#6432),(#6433,
#6434,#6435,#6436,#6437),(#6438,#6439,#6440,#6441,#6442)),.UNSPECIFIED.,
 .F.,.F.,.F.,(4,1,4),(4,1,4),(0.,0.571428571428571,1.),(-1.5707963267949,
-0.897597901025655,-1.2335811384724E-16),.UNSPECIFIED.);
#2896=B_SPLINE_SURFACE_WITH_KNOTS('',3,3,((#6502,#6503,#6504,#6505),(#6506,
#6507,#6508,#6509),(#6510,#6511,#6512,#6513),(#6514,#6515,#6516,#6517),
(#6518,#6519,#6520,#6521)),.UNSPECIFIED.,.F.,.F.,.F.,(4,1,4),(4,4),(0.,
0.571428571428571,1.),(0.,0.621453224879286),.UNSPECIFIED.);
#2897=B_SPLINE_SURFACE_WITH_KNOTS('',3,3,((#6533,#6534,#6535,#6536,#6537,
#6538,#6539),(#6540,#6541,#6542,#6543,#6544,#6545,#6546),(#6547,#6548,#6549,
#6550,#6551,#6552,#6553),(#6554,#6555,#6556,#6557,#6558,#6559,#6560),(#6561,
#6562,#6563,#6564,#6565,#6566,#6567)),.UNSPECIFIED.,.F.,.F.,.F.,(4,1,4),
(4,1,1,1,4),(0.,0.571428571428571,1.),(0.,0.279836491608808,0.839509474826425,
1.39918245804404,1.95885544126166),.UNSPECIFIED.);
#2898=B_SPLINE_SURFACE_WITH_KNOTS('',3,3,((#6582,#6583,#6584,#6585),(#6586,
#6587,#6588,#6589),(#6590,#6591,#6592,#6593),(#6594,#6595,#6596,#6597)),
 .UNSPECIFIED.,.F.,.F.,.F.,(4,4),(4,4),(0.,1.),(0.136936300748793,1.2962287002894),
 .UNSPECIFIED.);
#2899=B_SPLINE_SURFACE_WITH_KNOTS('',3,3,((#6608,#6609,#6610,#6611),(#6612,
#6613,#6614,#6615),(#6616,#6617,#6618,#6619),(#6620,#6621,#6622,#6623)),
 .UNSPECIFIED.,.F.,.F.,.F.,(4,4),(4,4),(0.,1.),(0.,0.186009127044553),
 .UNSPECIFIED.);
#2900=B_SPLINE_SURFACE_WITH_KNOTS('',3,3,((#6628,#6629,#6630,#6631,#6632,
#6633),(#6634,#6635,#6636,#6637,#6638,#6639),(#6640,#6641,#6642,#6643,#6644,
#6645),(#6646,#6647,#6648,#6649,#6650,#6651),(#6652,#6653,#6654,#6655,#6656,
#6657),(#6658,#6659,#6660,#6661,#6662,#6663),(#6664,#6665,#6666,#6667,#6668,
#6669),(#6670,#6671,#6672,#6673,#6674,#6675),(#6676,#6677,#6678,#6679,#6680,
#6681),(#6682,#6683,#6684,#6685,#6686,#6687),(#6688,#6689,#6690,#6691,#6692,
#6693),(#6694,#6695,#6696,#6697,#6698,#6699),(#6700,#6701,#6702,#6703,#6704,
#6705),(#6706,#6707,#6708,#6709,#6710,#6711),(#6712,#6713,#6714,#6715,#6716,
#6717),(#6718,#6719,#6720,#6721,#6722,#6723),(#6724,#6725,#6726,#6727,#6728,
#6729),(#6730,#6731,#6732,#6733,#6734,#6735),(#6736,#6737,#6738,#6739,#6740,
#6741),(#6742,#6743,#6744,#6745,#6746,#6747),(#6748,#6749,#6750,#6751,#6752,
#6753),(#6754,#6755,#6756,#6757,#6758,#6759),(#6760,#6761,#6762,#6763,#6764,
#6765)),.UNSPECIFIED.,.F.,.F.,.F.,(4,1,1,1,1,1,1,1,1,1,1,1,1,1,1,1,1,1,
1,1,4),(4,1,1,4),(0.,0.05,0.1,0.15,0.2,0.25,0.3,0.35,0.4,0.45,0.5,0.55,
0.6,0.65,0.7,0.75,0.8,0.85,0.9,0.95,1.),(0.,0.333333333333333,0.666666666666667,
1.),.UNSPECIFIED.);
#2901=B_SPLINE_SURFACE_WITH_KNOTS('',3,3,((#6814,#6815,#6816,#6817,#6818),
(#6819,#6820,#6821,#6822,#6823),(#6824,#6825,#6826,#6827,#6828),(#6829,
#6830,#6831,#6832,#6833),(#6834,#6835,#6836,#6837,#6838)),.UNSPECIFIED.,
 .F.,.F.,.F.,(4,1,4),(4,1,4),(0.,0.571428571428571,1.),(0.429587043604241,
0.909906386573192,1.27014589379991),.UNSPECIFIED.);
#2902=B_SPLINE_SURFACE_WITH_KNOTS('',3,3,((#6950,#6951,#6952,#6953,#6954,
#6955,#6956),(#6957,#6958,#6959,#6960,#6961,#6962,#6963),(#6964,#6965,#6966,
#6967,#6968,#6969,#6970),(#6971,#6972,#6973,#6974,#6975,#6976,#6977),(#6978,
#6979,#6980,#6981,#6982,#6983,#6984)),.UNSPECIFIED.,.F.,.F.,.F.,(4,1,4),
(4,1,1,1,4),(0.,0.571428571428571,1.),(3.24178058260326,3.37874312452724,
3.6526682083752,3.92659329222316,4.20051837607113),.UNSPECIFIED.);
#2903=B_SPLINE_SURFACE_WITH_KNOTS('',3,3,((#7054,#7055,#7056,#7057),(#7058,
#7059,#7060,#7061),(#7062,#7063,#7064,#7065),(#7066,#7067,#7068,#7069),
(#7070,#7071,#7072,#7073)),.UNSPECIFIED.,.F.,.F.,.F.,(4,1,4),(4,4),(0.,
0.571428571428571,1.),(-1.5265197845351,-1.2360056998772),.UNSPECIFIED.);
#2904=B_SPLINE_SURFACE_WITH_KNOTS('',3,3,((#7147,#7148,#7149,#7150),(#7151,
#7152,#7153,#7154),(#7155,#7156,#7157,#7158),(#7159,#7160,#7161,#7162),
(#7163,#7164,#7165,#7166)),.UNSPECIFIED.,.F.,.F.,.F.,(4,1,4),(4,4),(0.0323867890215217,
0.585308623866366,1.),(3.37416007702002,4.85647228268253),.UNSPECIFIED.);
#2905=B_SPLINE_SURFACE_WITH_KNOTS('',3,3,((#7513,#7514,#7515,#7516,#7517,
#7518,#7519,#7520),(#7521,#7522,#7523,#7524,#7525,#7526,#7527,#7528),(#7529,
#7530,#7531,#7532,#7533,#7534,#7535,#7536),(#7537,#7538,#7539,#7540,#7541,
#7542,#7543,#7544),(#7545,#7546,#7547,#7548,#7549,#7550,#7551,#7552)),
 .UNSPECIFIED.,.F.,.F.,.F.,(4,1,4),(4,1,1,2,4),(0.,0.571428571428571,1.),
(-0.409409993958413,-0.245645996375048,-0.163763997583365,0.,0.000632455795529819),
 .UNSPECIFIED.);
#2906=B_SPLINE_SURFACE_WITH_KNOTS('',3,3,((#7565,#7566,#7567,#7568,#7569,
#7570,#7571,#7572,#7573,#7574,#7575,#7576),(#7577,#7578,#7579,#7580,#7581,
#7582,#7583,#7584,#7585,#7586,#7587,#7588),(#7589,#7590,#7591,#7592,#7593,
#7594,#7595,#7596,#7597,#7598,#7599,#7600),(#7601,#7602,#7603,#7604,#7605,
#7606,#7607,#7608,#7609,#7610,#7611,#7612),(#7613,#7614,#7615,#7616,#7617,
#7618,#7619,#7620,#7621,#7622,#7623,#7624)),.UNSPECIFIED.,.F.,.F.,.F.,(4,
1,4),(4,2,1,1,1,1,1,1,4),(0.,0.571428571428571,1.),(-0.410042449754499,
-0.409409993958969,-0.286586995771278,-0.245645996375382,-0.163763997583588,
-0.122822998187691,-0.0818819987917939,-0.0409409993958969,0.),
 .UNSPECIFIED.);
#2907=ADVANCED_FACE('',(#514),#2885,.T.);
#2908=ADVANCED_FACE('',(#515),#2886,.T.);
#2909=ADVANCED_FACE('',(#516),#2887,.T.);
#2910=ADVANCED_FACE('',(#517),#2888,.T.);
#2911=ADVANCED_FACE('',(#518),#2889,.T.);
#2912=ADVANCED_FACE('',(#519),#2890,.T.);
#2913=ADVANCED_FACE('',(#520),#459,.F.);
#2914=ADVANCED_FACE('',(#521),#2891,.T.);
#2915=ADVANCED_FACE('',(#522),#375,.T.);
#2916=ADVANCED_FACE('',(#523),#376,.T.);
#2917=ADVANCED_FACE('',(#524),#2892,.T.);
#2918=ADVANCED_FACE('',(#525),#460,.F.);
#2919=ADVANCED_FACE('',(#526),#2893,.T.);
#2920=ADVANCED_FACE('',(#527),#377,.T.);
#2921=ADVANCED_FACE('',(#528,#38),#42,.T.);
#2922=ADVANCED_FACE('',(#529),#378,.T.);
#2923=ADVANCED_FACE('',(#530),#461,.T.);
#2924=ADVANCED_FACE('',(#531),#43,.T.);
#2925=ADVANCED_FACE('',(#532),#44,.F.);
#2926=ADVANCED_FACE('',(#533),#462,.T.);
#2927=ADVANCED_FACE('',(#534),#45,.F.);
#2928=ADVANCED_FACE('',(#535),#46,.T.);
#2929=ADVANCED_FACE('',(#536),#22,.F.);
#2930=ADVANCED_FACE('',(#537),#23,.F.);
#2931=ADVANCED_FACE('',(#538),#15,.T.);
#2932=ADVANCED_FACE('',(#539),#2894,.F.);
#2933=ADVANCED_FACE('',(#540),#379,.T.);
#2934=ADVANCED_FACE('',(#541),#380,.T.);
#2935=ADVANCED_FACE('',(#542),#2895,.F.);
#2936=ADVANCED_FACE('',(#543),#381,.T.);
#2937=ADVANCED_FACE('',(#544),#463,.T.);
#2938=ADVANCED_FACE('',(#545),#382,.T.);
#2939=ADVANCED_FACE('',(#546),#464,.T.);
#2940=ADVANCED_FACE('',(#547),#383,.T.);
#2941=ADVANCED_FACE('',(#548),#465,.T.);
#2942=ADVANCED_FACE('',(#549),#384,.T.);
#2943=ADVANCED_FACE('',(#550),#16,.T.);
#2944=ADVANCED_FACE('',(#551),#385,.T.);
#2945=ADVANCED_FACE('',(#552),#2896,.F.);
#2946=ADVANCED_FACE('',(#553),#2897,.F.);
#2947=ADVANCED_FACE('',(#554),#2898,.F.);
#2948=ADVANCED_FACE('',(#555),#2899,.F.);
#2949=ADVANCED_FACE('',(#556),#2900,.T.);
#2950=ADVANCED_FACE('',(#557),#386,.T.);
#2951=ADVANCED_FACE('',(#558),#2901,.F.);
#2952=ADVANCED_FACE('',(#559),#17,.T.);
#2953=ADVANCED_FACE('',(#560),#387,.T.);
#2954=ADVANCED_FACE('',(#561),#388,.T.);
#2955=ADVANCED_FACE('',(#562),#466,.T.);
#2956=ADVANCED_FACE('',(#563),#389,.T.);
#2957=ADVANCED_FACE('',(#564),#467,.T.);
#2958=ADVANCED_FACE('',(#565),#390,.T.);
#2959=ADVANCED_FACE('',(#566),#391,.T.);
#2960=ADVANCED_FACE('',(#567),#2902,.F.);
#2961=ADVANCED_FACE('',(#568),#2903,.F.);
#2962=ADVANCED_FACE('',(#569),#468,.T.);
#2963=ADVANCED_FACE('',(#570),#469,.T.);
#2964=ADVANCED_FACE('',(#571),#392,.T.);
#2965=ADVANCED_FACE('',(#572),#2904,.T.);
#2966=ADVANCED_FACE('',(#573,#39,#40),#47,.T.);
#2967=ADVANCED_FACE('',(#574),#393,.T.);
#2968=ADVANCED_FACE('',(#575),#48,.T.);
#2969=ADVANCED_FACE('',(#576),#49,.T.);
#2970=ADVANCED_FACE('',(#577),#394,.T.);
#2971=ADVANCED_FACE('',(#578),#50,.F.);
#2972=ADVANCED_FACE('',(#579),#395,.F.);
#2973=ADVANCED_FACE('',(#580),#396,.F.);
#2974=ADVANCED_FACE('',(#581),#51,.T.);
#2975=ADVANCED_FACE('',(#582),#397,.F.);
#2976=ADVANCED_FACE('',(#583),#52,.F.);
#2977=ADVANCED_FACE('',(#584),#398,.T.);
#2978=ADVANCED_FACE('',(#585),#399,.T.);
#2979=ADVANCED_FACE('',(#586),#53,.T.);
#2980=ADVANCED_FACE('',(#587,#41),#54,.T.);
#2981=ADVANCED_FACE('',(#588),#400,.T.);
#2982=ADVANCED_FACE('',(#589),#55,.T.);
#2983=ADVANCED_FACE('',(#590),#401,.F.);
#2984=ADVANCED_FACE('',(#591),#56,.T.);
#2985=ADVANCED_FACE('',(#592),#402,.T.);
#2986=ADVANCED_FACE('',(#593),#57,.T.);
#2987=ADVANCED_FACE('',(#594),#470,.T.);
#2988=ADVANCED_FACE('',(#595),#403,.F.);
#2989=ADVANCED_FACE('',(#596),#2905,.T.);
#2990=ADVANCED_FACE('',(#597),#471,.T.);
#2991=ADVANCED_FACE('',(#598),#2906,.T.);
#2992=ADVANCED_FACE('',(#599),#472,.T.);
#2993=ADVANCED_FACE('',(#600),#473,.T.);
#2994=ADVANCED_FACE('',(#601),#404,.F.);
#2995=ADVANCED_FACE('',(#602),#405,.F.);
#2996=ADVANCED_FACE('',(#603),#406,.F.);
#2997=ADVANCED_FACE('',(#604),#407,.F.);
#2998=ADVANCED_FACE('',(#605),#408,.F.);
#2999=ADVANCED_FACE('',(#606),#409,.T.);
#3000=ADVANCED_FACE('',(#607),#410,.T.);
#3001=ADVANCED_FACE('',(#608),#411,.T.);
#3002=ADVANCED_FACE('',(#609),#412,.T.);
#3003=ADVANCED_FACE('',(#610),#58,.T.);
#3004=ADVANCED_FACE('',(#611),#474,.T.);
#3005=ADVANCED_FACE('',(#612),#475,.T.);
#3006=ADVANCED_FACE('',(#613),#59,.T.);
#3007=ADVANCED_FACE('',(#614),#476,.T.);
#3008=ADVANCED_FACE('',(#615),#477,.T.);
#3009=ADVANCED_FACE('',(#616),#478,.T.);
#3010=ADVANCED_FACE('',(#617),#479,.T.);
#3011=ADVANCED_FACE('',(#618),#480,.T.);
#3012=ADVANCED_FACE('',(#619),#413,.T.);
#3013=ADVANCED_FACE('',(#620),#18,.T.);
#3014=ADVANCED_FACE('',(#621),#481,.T.);
#3015=ADVANCED_FACE('',(#622),#414,.T.);
#3016=ADVANCED_FACE('',(#623),#482,.T.);
#3017=ADVANCED_FACE('',(#624),#415,.T.);
#3018=ADVANCED_FACE('',(#625),#483,.T.);
#3019=ADVANCED_FACE('',(#626),#484,.T.);
#3020=ADVANCED_FACE('',(#627),#19,.T.);
#3021=ADVANCED_FACE('',(#628),#416,.T.);
#3022=ADVANCED_FACE('',(#629),#20,.T.);
#3023=ADVANCED_FACE('',(#630),#417,.T.);
#3024=ADVANCED_FACE('',(#631),#485,.T.);
#3025=ADVANCED_FACE('',(#632),#21,.T.);
#3026=ADVANCED_FACE('',(#633),#418,.T.);
#3027=ADVANCED_FACE('',(#634),#419,.T.);
#3028=ADVANCED_FACE('',(#635),#486,.T.);
#3029=ADVANCED_FACE('',(#636),#420,.T.);
#3030=ADVANCED_FACE('',(#637),#487,.T.);
#3031=ADVANCED_FACE('',(#638),#488,.T.);
#3032=ADVANCED_FACE('',(#639),#489,.T.);
#3033=ADVANCED_FACE('',(#640),#421,.F.);
#3034=ADVANCED_FACE('',(#641),#490,.T.);
#3035=ADVANCED_FACE('',(#642),#491,.T.);
#3036=ADVANCED_FACE('',(#643),#492,.T.);
#3037=ADVANCED_FACE('',(#644),#422,.T.);
#3038=ADVANCED_FACE('',(#645),#493,.T.);
#3039=ADVANCED_FACE('',(#646),#423,.T.);
#3040=ADVANCED_FACE('',(#647),#494,.T.);
#3041=ADVANCED_FACE('',(#648),#424,.F.);
#3042=ADVANCED_FACE('',(#649),#495,.T.);
#3043=ADVANCED_FACE('',(#650),#425,.T.);
#3044=ADVANCED_FACE('',(#651),#496,.T.);
#3045=ADVANCED_FACE('',(#652),#426,.T.);
#3046=ADVANCED_FACE('',(#653),#497,.T.);
#3047=ADVANCED_FACE('',(#654),#427,.T.);
#3048=ADVANCED_FACE('',(#655),#498,.T.);
#3049=ADVANCED_FACE('',(#656),#428,.T.);
#3050=ADVANCED_FACE('',(#657),#499,.T.);
#3051=ADVANCED_FACE('',(#658),#429,.T.);
#3052=ADVANCED_FACE('',(#659),#500,.T.);
#3053=ADVANCED_FACE('',(#660),#430,.T.);
#3054=ADVANCED_FACE('',(#661),#501,.T.);
#3055=ADVANCED_FACE('',(#662),#502,.T.);
#3056=ADVANCED_FACE('',(#663),#431,.T.);
#3057=ADVANCED_FACE('',(#664),#503,.T.);
#3058=ADVANCED_FACE('',(#665),#432,.T.);
#3059=ADVANCED_FACE('',(#666),#504,.T.);
#3060=ADVANCED_FACE('',(#667),#505,.T.);
#3061=ADVANCED_FACE('',(#668),#506,.T.);
#3062=ADVANCED_FACE('',(#669),#433,.T.);
#3063=ADVANCED_FACE('',(#670),#507,.T.);
#3064=ADVANCED_FACE('',(#671),#434,.T.);
#3065=ADVANCED_FACE('',(#672),#508,.T.);
#3066=ADVANCED_FACE('',(#673),#435,.T.);
#3067=ADVANCED_FACE('',(#674),#509,.T.);
#3068=ADVANCED_FACE('',(#675),#510,.T.);
#3069=ADVANCED_FACE('',(#676),#511,.T.);
#3070=ADVANCED_FACE('',(#677),#512,.T.);
#3071=ADVANCED_FACE('',(#678),#513,.T.);
#3072=ADVANCED_FACE('',(#679),#436,.T.);
#3073=ADVANCED_FACE('',(#680),#437,.T.);
#3074=ADVANCED_FACE('',(#681),#60,.T.);
#3075=ADVANCED_FACE('',(#682),#438,.T.);
#3076=ADVANCED_FACE('',(#683),#439,.F.);
#3077=ADVANCED_FACE('',(#684),#440,.T.);
#3078=ADVANCED_FACE('',(#685),#61,.T.);
#3079=ADVANCED_FACE('',(#686),#441,.F.);
#3080=ADVANCED_FACE('',(#687),#62,.T.);
#3081=ADVANCED_FACE('',(#688),#442,.T.);
#3082=ADVANCED_FACE('',(#689),#443,.F.);
#3083=ADVANCED_FACE('',(#690),#444,.T.);
#3084=ADVANCED_FACE('',(#691),#63,.T.);
#3085=ADVANCED_FACE('',(#692),#445,.F.);
#3086=ADVANCED_FACE('',(#693),#446,.F.);
#3087=ADVANCED_FACE('',(#694),#64,.T.);
#3088=ADVANCED_FACE('',(#695),#447,.T.);
#3089=ADVANCED_FACE('',(#696),#448,.F.);
#3090=ADVANCED_FACE('',(#697),#449,.T.);
#3091=ADVANCED_FACE('',(#698),#65,.T.);
#3092=ADVANCED_FACE('',(#699),#450,.T.);
#3093=ADVANCED_FACE('',(#700),#451,.F.);
#3094=ADVANCED_FACE('',(#701),#66,.T.);
#3095=ADVANCED_FACE('',(#702),#452,.T.);
#3096=ADVANCED_FACE('',(#703),#67,.T.);
#3097=ADVANCED_FACE('',(#704),#453,.T.);
#3098=ADVANCED_FACE('',(#705),#454,.F.);
#3099=ADVANCED_FACE('',(#706),#455,.F.);
#3100=ADVANCED_FACE('',(#707),#456,.F.);
#3101=ADVANCED_FACE('',(#708),#457,.T.);
#3102=ADVANCED_FACE('',(#709),#68,.T.);
#3103=ADVANCED_FACE('',(#710),#458,.T.);
#3104=CLOSED_SHELL('',(#2907,#2908,#2909,#2910,#2911,#2912,#2913,#2914,
#2915,#2916,#2917,#2918,#2919,#2920,#2921,#2922,#2923,#2924,#2925,#2926,
#2927,#2928,#2929,#2930,#2931,#2932,#2933,#2934,#2935,#2936,#2937,#2938,
#2939,#2940,#2941,#2942,#2943,#2944,#2945,#2946,#2947,#2948,#2949,#2950,
#2951,#2952,#2953,#2954,#2955,#2956,#2957,#2958,#2959,#2960,#2961,#2962,
#2963,#2964,#2965,#2966,#2967,#2968,#2969,#2970,#2971,#2972,#2973,#2974,
#2975,#2976,#2977,#2978,#2979,#2980,#2981,#2982,#2983,#2984,#2985,#2986,
#2987,#2988,#2989,#2990,#2991,#2992,#2993,#2994,#2995,#2996,#2997,#2998,
#2999,#3000,#3001,#3002,#3003,#3004,#3005,#3006,#3007,#3008,#3009,#3010,
#3011,#3012,#3013,#3014,#3015,#3016,#3017,#3018,#3019,#3020,#3021,#3022,
#3023,#3024,#3025,#3026,#3027,#3028,#3029,#3030,#3031,#3032,#3033,#3034,
#3035,#3036,#3037,#3038,#3039,#3040,#3041,#3042,#3043,#3044,#3045,#3046,
#3047,#3048,#3049,#3050,#3051,#3052,#3053,#3054,#3055,#3056,#3057,#3058,
#3059,#3060,#3061,#3062,#3063,#3064,#3065,#3066,#3067,#3068,#3069,#3070,
#3071,#3072,#3073,#3074,#3075,#3076,#3077,#3078,#3079,#3080,#3081,#3082,
#3083,#3084,#3085,#3086,#3087,#3088,#3089,#3090,#3091,#3092,#3093,#3094,
#3095,#3096,#3097,#3098,#3099,#3100,#3101,#3102,#3103));
#3105=DERIVED_UNIT_ELEMENT(#3107,1.);
#3106=DERIVED_UNIT_ELEMENT(#8141,-3.);
#3107=(
MASS_UNIT()
NAMED_UNIT(*)
SI_UNIT(.KILO.,.GRAM.)
);
#3108=DERIVED_UNIT((#3105,#3106));
#3109=MEASURE_REPRESENTATION_ITEM('density measure',
POSITIVE_RATIO_MEASURE(7850.),#3108);
#3110=PROPERTY_DEFINITION_REPRESENTATION(#3115,#3112);
#3111=PROPERTY_DEFINITION_REPRESENTATION(#3116,#3113);
#3112=REPRESENTATION('material name',(#3114),#8138);
#3113=REPRESENTATION('density',(#3109),#8138);
#3114=DESCRIPTIVE_REPRESENTATION_ITEM('Steel','Steel');
#3115=PROPERTY_DEFINITION('material property','material name',#8148);
#3116=PROPERTY_DEFINITION('material property','density of part',#8148);
#3117=AXIS2_PLACEMENT_3D('',#4521,#3534,#3535);
#3118=AXIS2_PLACEMENT_3D('',#4805,#3536,#3537);
#3119=AXIS2_PLACEMENT_3D('',#4969,#3538,#3539);
#3120=AXIS2_PLACEMENT_3D('',#5420,#3540,#3541);
#3121=AXIS2_PLACEMENT_3D('',#5500,#3542,#3543);
#3122=AXIS2_PLACEMENT_3D('',#5733,#3544,#3545);
#3123=AXIS2_PLACEMENT_3D('',#5786,#3546,#3547);
#3124=AXIS2_PLACEMENT_3D('',#5808,#3548,#3549);
#3125=AXIS2_PLACEMENT_3D('',#5811,#3550,#3551);
#3126=AXIS2_PLACEMENT_3D('',#5812,#3552,#3553);
#3127=AXIS2_PLACEMENT_3D('',#5814,#3554,#3555);
#3128=AXIS2_PLACEMENT_3D('',#5815,#3556,#3557);
#3129=AXIS2_PLACEMENT_3D('',#5901,#3558,#3559);
#3130=AXIS2_PLACEMENT_3D('',#5904,#3560,#3561);
#3131=AXIS2_PLACEMENT_3D('',#5922,#3565,#3566);
#3132=AXIS2_PLACEMENT_3D('',#5923,#3567,#3568);
#3133=AXIS2_PLACEMENT_3D('',#5976,#3571,#3572);
#3134=AXIS2_PLACEMENT_3D('',#5982,#3573,#3574);
#3135=AXIS2_PLACEMENT_3D('',#5985,#3575,#3576);
#3136=AXIS2_PLACEMENT_3D('',#5986,#3577,#3578);
#3137=AXIS2_PLACEMENT_3D('',#5987,#3579,#3580);
#3138=AXIS2_PLACEMENT_3D('',#6248,#3581,#3582);
#3139=AXIS2_PLACEMENT_3D('',#6252,#3584,#3585);
#3140=AXIS2_PLACEMENT_3D('',#6254,#3587,#3588);
#3141=AXIS2_PLACEMENT_3D('',#6258,#3590,#3591);
#3142=AXIS2_PLACEMENT_3D('',#6262,#3593,#3594);
#3143=AXIS2_PLACEMENT_3D('',#6265,#3596,#3597);
#3144=AXIS2_PLACEMENT_3D('',#6266,#3598,#3599);
#3145=AXIS2_PLACEMENT_3D('',#6301,#3602,#3603);
#3146=AXIS2_PLACEMENT_3D('',#6302,#3604,#3605);
#3147=AXIS2_PLACEMENT_3D('',#6303,#3606,#3607);
#3148=AXIS2_PLACEMENT_3D('',#6304,#3608,#3609);
#3149=AXIS2_PLACEMENT_3D('',#6322,#3615,#3616);
#3150=AXIS2_PLACEMENT_3D('',#6323,#3617,#3618);
#3151=AXIS2_PLACEMENT_3D('',#6325,#3619,#3620);
#3152=AXIS2_PLACEMENT_3D('',#6326,#3621,#3622);
#3153=AXIS2_PLACEMENT_3D('',#6327,#3623,#3624);
#3154=AXIS2_PLACEMENT_3D('',#6328,#3625,#3626);
#3155=AXIS2_PLACEMENT_3D('',#6329,#3627,#3628);
#3156=AXIS2_PLACEMENT_3D('',#6341,#3629,#3630);
#3157=AXIS2_PLACEMENT_3D('',#6343,#3631,#3632);
#3158=AXIS2_PLACEMENT_3D('',#6345,#3633,#3634);
#3159=AXIS2_PLACEMENT_3D('',#6346,#3635,#3636);
#3160=AXIS2_PLACEMENT_3D('',#6358,#3637,#3638);
#3161=AXIS2_PLACEMENT_3D('',#6360,#3639,#3640);
#3162=AXIS2_PLACEMENT_3D('',#6362,#3641,#3642);
#3163=AXIS2_PLACEMENT_3D('',#6363,#3643,#3644);
#3164=AXIS2_PLACEMENT_3D('',#6364,#3645,#3646);
#3165=AXIS2_PLACEMENT_3D('',#6367,#3647,#3648);
#3166=AXIS2_PLACEMENT_3D('',#6369,#3649,#3650);
#3167=AXIS2_PLACEMENT_3D('',#6370,#3651,#3652);
#3168=AXIS2_PLACEMENT_3D('',#6403,#3653,#3654);
#3169=AXIS2_PLACEMENT_3D('',#6409,#3655,#3656);
#3170=AXIS2_PLACEMENT_3D('',#6412,#3659,#3660);
#3171=AXIS2_PLACEMENT_3D('',#6415,#3661,#3662);
#3172=AXIS2_PLACEMENT_3D('',#6445,#3665,#3666);
#3173=AXIS2_PLACEMENT_3D('',#6446,#3667,#3668);
#3174=AXIS2_PLACEMENT_3D('',#6447,#3669,#3670);
#3175=AXIS2_PLACEMENT_3D('',#6448,#3671,#3672);
#3176=AXIS2_PLACEMENT_3D('',#6451,#3673,#3674);
#3177=AXIS2_PLACEMENT_3D('',#6454,#3677,#3678);
#3178=AXIS2_PLACEMENT_3D('',#6457,#3679,#3680);
#3179=AXIS2_PLACEMENT_3D('',#6458,#3681,#3682);
#3180=AXIS2_PLACEMENT_3D('',#6459,#3683,#3684);
#3181=AXIS2_PLACEMENT_3D('',#6460,#3685,#3686);
#3182=AXIS2_PLACEMENT_3D('',#6463,#3687,#3688);
#3183=AXIS2_PLACEMENT_3D('',#6466,#3691,#3692);
#3184=AXIS2_PLACEMENT_3D('',#6469,#3693,#3694);
#3185=AXIS2_PLACEMENT_3D('',#6470,#3695,#3696);
#3186=AXIS2_PLACEMENT_3D('',#6471,#3697,#3698);
#3187=AXIS2_PLACEMENT_3D('',#6472,#3699,#3700);
#3188=AXIS2_PLACEMENT_3D('',#6475,#3701,#3702);
#3189=AXIS2_PLACEMENT_3D('',#6478,#3705,#3706);
#3190=AXIS2_PLACEMENT_3D('',#6481,#3707,#3708);
#3191=AXIS2_PLACEMENT_3D('',#6482,#3709,#3710);
#3192=AXIS2_PLACEMENT_3D('',#6483,#3711,#3712);
#3193=AXIS2_PLACEMENT_3D('',#6484,#3713,#3714);
#3194=AXIS2_PLACEMENT_3D('',#6487,#3717,#3718);
#3195=AXIS2_PLACEMENT_3D('',#6489,#3719,#3720);
#3196=AXIS2_PLACEMENT_3D('',#6491,#3721,#3722);
#3197=AXIS2_PLACEMENT_3D('',#6492,#3723,#3724);
#3198=AXIS2_PLACEMENT_3D('',#6493,#3725,#3726);
#3199=AXIS2_PLACEMENT_3D('',#6496,#3727,#3728);
#3200=AXIS2_PLACEMENT_3D('',#6500,#3730,#3731);
#3201=AXIS2_PLACEMENT_3D('',#6528,#3733,#3734);
#3202=AXIS2_PLACEMENT_3D('',#6603,#3735,#3736);
#3203=AXIS2_PLACEMENT_3D('',#6767,#3737,#3738);
#3204=AXIS2_PLACEMENT_3D('',#6808,#3739,#3740);
#3205=AXIS2_PLACEMENT_3D('',#6811,#3741,#3742);
#3206=AXIS2_PLACEMENT_3D('',#6839,#3745,#3746);
#3207=AXIS2_PLACEMENT_3D('',#6841,#3747,#3748);
#3208=AXIS2_PLACEMENT_3D('',#6885,#3749,#3750);
#3209=AXIS2_PLACEMENT_3D('',#6887,#3751,#3752);
#3210=AXIS2_PLACEMENT_3D('',#6888,#3753,#3754);
#3211=AXIS2_PLACEMENT_3D('',#6889,#3755,#3756);
#3212=AXIS2_PLACEMENT_3D('',#6892,#3759,#3760);
#3213=AXIS2_PLACEMENT_3D('',#6895,#3762,#3763);
#3214=AXIS2_PLACEMENT_3D('',#6896,#3764,#3765);
#3215=AXIS2_PLACEMENT_3D('',#6898,#3766,#3767);
#3216=AXIS2_PLACEMENT_3D('',#6899,#3768,#3769);
#3217=AXIS2_PLACEMENT_3D('',#6900,#3770,#3771);
#3218=AXIS2_PLACEMENT_3D('',#6902,#3772,#3773);
#3219=AXIS2_PLACEMENT_3D('',#6904,#3775,#3776);
#3220=AXIS2_PLACEMENT_3D('',#6906,#3777,#3778);
#3221=AXIS2_PLACEMENT_3D('',#6907,#3779,#3780);
#3222=AXIS2_PLACEMENT_3D('',#6908,#3781,#3782);
#3223=AXIS2_PLACEMENT_3D('',#6910,#3784,#3785);
#3224=AXIS2_PLACEMENT_3D('',#6986,#3787,#3788);
#3225=AXIS2_PLACEMENT_3D('',#7074,#3789,#3790);
#3226=AXIS2_PLACEMENT_3D('',#7075,#3791,#3792);
#3227=AXIS2_PLACEMENT_3D('',#7082,#3793,#3794);
#3228=AXIS2_PLACEMENT_3D('',#7084,#3795,#3796);
#3229=AXIS2_PLACEMENT_3D('',#7099,#3797,#3798);
#3230=AXIS2_PLACEMENT_3D('',#7116,#3799,#3800);
#3231=AXIS2_PLACEMENT_3D('',#7118,#3801,#3802);
#3232=AXIS2_PLACEMENT_3D('',#7128,#3803,#3804);
#3233=AXIS2_PLACEMENT_3D('',#7171,#3807,#3808);
#3234=AXIS2_PLACEMENT_3D('',#7175,#3811,#3812);
#3235=AXIS2_PLACEMENT_3D('',#7184,#3817,#3818);
#3236=AXIS2_PLACEMENT_3D('',#7186,#3820,#3821);
#3237=AXIS2_PLACEMENT_3D('',#7188,#3822,#3823);
#3238=AXIS2_PLACEMENT_3D('',#7192,#3825,#3826);
#3239=AXIS2_PLACEMENT_3D('',#7196,#3828,#3829);
#3240=AXIS2_PLACEMENT_3D('',#7198,#3830,#3831);
#3241=AXIS2_PLACEMENT_3D('',#7202,#3833,#3834);
#3242=AXIS2_PLACEMENT_3D('',#7204,#3835,#3836);
#3243=AXIS2_PLACEMENT_3D('',#7206,#3837,#3838);
#3244=AXIS2_PLACEMENT_3D('',#7208,#3839,#3840);
#3245=AXIS2_PLACEMENT_3D('',#7210,#3841,#3842);
#3246=AXIS2_PLACEMENT_3D('',#7212,#3843,#3844);
#3247=AXIS2_PLACEMENT_3D('',#7214,#3845,#3846);
#3248=AXIS2_PLACEMENT_3D('',#7216,#3847,#3848);
#3249=AXIS2_PLACEMENT_3D('',#7220,#3850,#3851);
#3250=AXIS2_PLACEMENT_3D('',#7224,#3853,#3854);
#3251=AXIS2_PLACEMENT_3D('',#7228,#3856,#3857);
#3252=AXIS2_PLACEMENT_3D('',#7230,#3858,#3859);
#3253=AXIS2_PLACEMENT_3D('',#7232,#3860,#3861);
#3254=AXIS2_PLACEMENT_3D('',#7236,#3863,#3864);
#3255=AXIS2_PLACEMENT_3D('',#7240,#3866,#3867);
#3256=AXIS2_PLACEMENT_3D('',#7242,#3868,#3869);
#3257=AXIS2_PLACEMENT_3D('',#7246,#3871,#3872);
#3258=AXIS2_PLACEMENT_3D('',#7250,#3874,#3875);
#3259=AXIS2_PLACEMENT_3D('',#7254,#3877,#3878);
#3260=AXIS2_PLACEMENT_3D('',#7256,#3879,#3880);
#3261=AXIS2_PLACEMENT_3D('',#7258,#3882,#3883);
#3262=AXIS2_PLACEMENT_3D('',#7262,#3886,#3887);
#3263=AXIS2_PLACEMENT_3D('',#7279,#3889,#3890);
#3264=AXIS2_PLACEMENT_3D('',#7283,#3892,#3893);
#3265=AXIS2_PLACEMENT_3D('',#7287,#3895,#3896);
#3266=AXIS2_PLACEMENT_3D('',#7289,#3897,#3898);
#3267=AXIS2_PLACEMENT_3D('',#7291,#3899,#3900);
#3268=AXIS2_PLACEMENT_3D('',#7293,#3901,#3902);
#3269=AXIS2_PLACEMENT_3D('',#7295,#3903,#3904);
#3270=AXIS2_PLACEMENT_3D('',#7297,#3905,#3906);
#3271=AXIS2_PLACEMENT_3D('',#7299,#3907,#3908);
#3272=AXIS2_PLACEMENT_3D('',#7301,#3909,#3910);
#3273=AXIS2_PLACEMENT_3D('',#7305,#3912,#3913);
#3274=AXIS2_PLACEMENT_3D('',#7307,#3914,#3915);
#3275=AXIS2_PLACEMENT_3D('',#7311,#3917,#3918);
#3276=AXIS2_PLACEMENT_3D('',#7314,#3920,#3921);
#3277=AXIS2_PLACEMENT_3D('',#7315,#3922,#3923);
#3278=AXIS2_PLACEMENT_3D('',#7318,#3925,#3926);
#3279=AXIS2_PLACEMENT_3D('',#7319,#3927,#3928);
#3280=AXIS2_PLACEMENT_3D('',#7362,#3931,#3932);
#3281=AXIS2_PLACEMENT_3D('',#7363,#3933,#3934);
#3282=AXIS2_PLACEMENT_3D('',#7393,#3939,#3940);
#3283=AXIS2_PLACEMENT_3D('',#7396,#3942,#3943);
#3284=AXIS2_PLACEMENT_3D('',#7397,#3944,#3945);
#3285=AXIS2_PLACEMENT_3D('',#7401,#3947,#3948);
#3286=AXIS2_PLACEMENT_3D('',#7403,#3949,#3950);
#3287=AXIS2_PLACEMENT_3D('',#7407,#3952,#3953);
#3288=AXIS2_PLACEMENT_3D('',#7411,#3955,#3956);
#3289=AXIS2_PLACEMENT_3D('',#7415,#3958,#3959);
#3290=AXIS2_PLACEMENT_3D('',#7417,#3960,#3961);
#3291=AXIS2_PLACEMENT_3D('',#7421,#3963,#3964);
#3292=AXIS2_PLACEMENT_3D('',#7425,#3966,#3967);
#3293=AXIS2_PLACEMENT_3D('',#7427,#3968,#3969);
#3294=AXIS2_PLACEMENT_3D('',#7429,#3970,#3971);
#3295=AXIS2_PLACEMENT_3D('',#7432,#3973,#3974);
#3296=AXIS2_PLACEMENT_3D('',#7433,#3975,#3976);
#3297=AXIS2_PLACEMENT_3D('',#7436,#3978,#3979);
#3298=AXIS2_PLACEMENT_3D('',#7437,#3980,#3981);
#3299=AXIS2_PLACEMENT_3D('',#7440,#3984,#3985);
#3300=AXIS2_PLACEMENT_3D('',#7442,#3987,#3988);
#3301=AXIS2_PLACEMENT_3D('',#7445,#3990,#3991);
#3302=AXIS2_PLACEMENT_3D('',#7446,#3992,#3993);
#3303=AXIS2_PLACEMENT_3D('',#7448,#3995,#3996);
#3304=AXIS2_PLACEMENT_3D('',#7452,#3999,#4000);
#3305=AXIS2_PLACEMENT_3D('',#7453,#4001,#4002);
#3306=AXIS2_PLACEMENT_3D('',#7454,#4003,#4004);
#3307=AXIS2_PLACEMENT_3D('',#7455,#4005,#4006);
#3308=AXIS2_PLACEMENT_3D('',#7456,#4007,#4008);
#3309=AXIS2_PLACEMENT_3D('',#7483,#4009,#4010);
#3310=AXIS2_PLACEMENT_3D('',#7484,#4011,#4012);
#3311=AXIS2_PLACEMENT_3D('',#7561,#4015,#4016);
#3312=AXIS2_PLACEMENT_3D('',#7563,#4017,#4018);
#3313=AXIS2_PLACEMENT_3D('',#7564,#4019,#4020);
#3314=AXIS2_PLACEMENT_3D('',#7637,#4021,#4022);
#3315=AXIS2_PLACEMENT_3D('',#7639,#4023,#4024);
#3316=AXIS2_PLACEMENT_3D('',#7640,#4025,#4026);
#3317=AXIS2_PLACEMENT_3D('',#7641,#4027,#4028);
#3318=AXIS2_PLACEMENT_3D('',#7643,#4029,#4030);
#3319=AXIS2_PLACEMENT_3D('',#7645,#4031,#4032);
#3320=AXIS2_PLACEMENT_3D('',#7646,#4033,#4034);
#3321=AXIS2_PLACEMENT_3D('',#7647,#4035,#4036);
#3322=AXIS2_PLACEMENT_3D('',#7649,#4038,#4039);
#3323=AXIS2_PLACEMENT_3D('',#7651,#4040,#4041);
#3324=AXIS2_PLACEMENT_3D('',#7654,#4043,#4044);
#3325=AXIS2_PLACEMENT_3D('',#7655,#4045,#4046);
#3326=AXIS2_PLACEMENT_3D('',#7659,#4048,#4049);
#3327=AXIS2_PLACEMENT_3D('',#7660,#4050,#4051);
#3328=AXIS2_PLACEMENT_3D('',#7661,#4052,#4053);
#3329=AXIS2_PLACEMENT_3D('',#7663,#4055,#4056);
#3330=AXIS2_PLACEMENT_3D('',#7665,#4058,#4059);
#3331=AXIS2_PLACEMENT_3D('',#7669,#4061,#4062);
#3332=AXIS2_PLACEMENT_3D('',#7670,#4063,#4064);
#3333=AXIS2_PLACEMENT_3D('',#7671,#4065,#4066);
#3334=AXIS2_PLACEMENT_3D('',#7674,#4068,#4069);
#3335=AXIS2_PLACEMENT_3D('',#7675,#4070,#4071);
#3336=AXIS2_PLACEMENT_3D('',#7678,#4073,#4074);
#3337=AXIS2_PLACEMENT_3D('',#7679,#4075,#4076);
#3338=AXIS2_PLACEMENT_3D('',#7681,#4078,#4079);
#3339=AXIS2_PLACEMENT_3D('',#7682,#4080,#4081);
#3340=AXIS2_PLACEMENT_3D('',#7695,#4082,#4083);
#3341=AXIS2_PLACEMENT_3D('',#7696,#4084,#4085);
#3342=AXIS2_PLACEMENT_3D('',#7697,#4086,#4087);
#3343=AXIS2_PLACEMENT_3D('',#7698,#4088,#4089);
#3344=AXIS2_PLACEMENT_3D('',#7699,#4090,#4091);
#3345=AXIS2_PLACEMENT_3D('',#7735,#4094,#4095);
#3346=AXIS2_PLACEMENT_3D('',#7737,#4096,#4097);
#3347=AXIS2_PLACEMENT_3D('',#7738,#4098,#4099);
#3348=AXIS2_PLACEMENT_3D('',#7739,#4100,#4101);
#3349=AXIS2_PLACEMENT_3D('',#7740,#4102,#4103);
#3350=AXIS2_PLACEMENT_3D('',#7741,#4104,#4105);
#3351=AXIS2_PLACEMENT_3D('',#7743,#4106,#4107);
#3352=AXIS2_PLACEMENT_3D('',#7745,#4108,#4109);
#3353=AXIS2_PLACEMENT_3D('',#7756,#4110,#4111);
#3354=AXIS2_PLACEMENT_3D('',#7758,#4112,#4113);
#3355=AXIS2_PLACEMENT_3D('',#7759,#4114,#4115);
#3356=AXIS2_PLACEMENT_3D('',#7760,#4116,#4117);
#3357=AXIS2_PLACEMENT_3D('',#7762,#4118,#4119);
#3358=AXIS2_PLACEMENT_3D('',#7763,#4120,#4121);
#3359=AXIS2_PLACEMENT_3D('',#7764,#4122,#4123);
#3360=AXIS2_PLACEMENT_3D('',#7766,#4125,#4126);
#3361=AXIS2_PLACEMENT_3D('',#7769,#4127,#4128);
#3362=AXIS2_PLACEMENT_3D('',#7770,#4129,#4130);
#3363=AXIS2_PLACEMENT_3D('',#7771,#4131,#4132);
#3364=AXIS2_PLACEMENT_3D('',#7772,#4133,#4134);
#3365=AXIS2_PLACEMENT_3D('',#7774,#4135,#4136);
#3366=AXIS2_PLACEMENT_3D('',#7776,#4137,#4138);
#3367=AXIS2_PLACEMENT_3D('',#7777,#4139,#4140);
#3368=AXIS2_PLACEMENT_3D('',#7778,#4141,#4142);
#3369=AXIS2_PLACEMENT_3D('',#7780,#4143,#4144);
#3370=AXIS2_PLACEMENT_3D('',#7782,#4146,#4147);
#3371=AXIS2_PLACEMENT_3D('',#7784,#4148,#4149);
#3372=AXIS2_PLACEMENT_3D('',#7785,#4150,#4151);
#3373=AXIS2_PLACEMENT_3D('',#7786,#4152,#4153);
#3374=AXIS2_PLACEMENT_3D('',#7788,#4154,#4155);
#3375=AXIS2_PLACEMENT_3D('',#7790,#4157,#4158);
#3376=AXIS2_PLACEMENT_3D('',#7792,#4159,#4160);
#3377=AXIS2_PLACEMENT_3D('',#7793,#4161,#4162);
#3378=AXIS2_PLACEMENT_3D('',#7794,#4163,#4164);
#3379=AXIS2_PLACEMENT_3D('',#7795,#4165,#4166);
#3380=AXIS2_PLACEMENT_3D('',#7796,#4167,#4168);
#3381=AXIS2_PLACEMENT_3D('',#7799,#4169,#4170);
#3382=AXIS2_PLACEMENT_3D('',#7800,#4171,#4172);
#3383=AXIS2_PLACEMENT_3D('',#7801,#4173,#4174);
#3384=AXIS2_PLACEMENT_3D('',#7802,#4175,#4176);
#3385=AXIS2_PLACEMENT_3D('',#7804,#4178,#4179);
#3386=AXIS2_PLACEMENT_3D('',#7806,#4180,#4181);
#3387=AXIS2_PLACEMENT_3D('',#7808,#4182,#4183);
#3388=AXIS2_PLACEMENT_3D('',#7809,#4184,#4185);
#3389=AXIS2_PLACEMENT_3D('',#7810,#4186,#4187);
#3390=AXIS2_PLACEMENT_3D('',#7813,#4190,#4191);
#3391=AXIS2_PLACEMENT_3D('',#7815,#4192,#4193);
#3392=AXIS2_PLACEMENT_3D('',#7830,#4194,#4195);
#3393=AXIS2_PLACEMENT_3D('',#7832,#4196,#4197);
#3394=AXIS2_PLACEMENT_3D('',#7834,#4198,#4199);
#3395=AXIS2_PLACEMENT_3D('',#7835,#4200,#4201);
#3396=AXIS2_PLACEMENT_3D('',#7836,#4202,#4203);
#3397=AXIS2_PLACEMENT_3D('',#7839,#4206,#4207);
#3398=AXIS2_PLACEMENT_3D('',#7841,#4208,#4209);
#3399=AXIS2_PLACEMENT_3D('',#7843,#4211,#4212);
#3400=AXIS2_PLACEMENT_3D('',#7845,#4213,#4214);
#3401=AXIS2_PLACEMENT_3D('',#7846,#4215,#4216);
#3402=AXIS2_PLACEMENT_3D('',#7847,#4217,#4218);
#3403=AXIS2_PLACEMENT_3D('',#7864,#4220,#4221);
#3404=AXIS2_PLACEMENT_3D('',#7866,#4222,#4223);
#3405=AXIS2_PLACEMENT_3D('',#7867,#4224,#4225);
#3406=AXIS2_PLACEMENT_3D('',#7868,#4226,#4227);
#3407=AXIS2_PLACEMENT_3D('',#7869,#4228,#4229);
#3408=AXIS2_PLACEMENT_3D('',#7870,#4230,#4231);
#3409=AXIS2_PLACEMENT_3D('',#7872,#4232,#4233);
#3410=AXIS2_PLACEMENT_3D('',#7873,#4234,#4235);
#3411=AXIS2_PLACEMENT_3D('',#7874,#4236,#4237);
#3412=AXIS2_PLACEMENT_3D('',#7875,#4238,#4239);
#3413=AXIS2_PLACEMENT_3D('',#7877,#4241,#4242);
#3414=AXIS2_PLACEMENT_3D('',#7879,#4243,#4244);
#3415=AXIS2_PLACEMENT_3D('',#7881,#4245,#4246);
#3416=AXIS2_PLACEMENT_3D('',#7882,#4247,#4248);
#3417=AXIS2_PLACEMENT_3D('',#7883,#4249,#4250);
#3418=AXIS2_PLACEMENT_3D('',#7886,#4251,#4252);
#3419=AXIS2_PLACEMENT_3D('',#7887,#4253,#4254);
#3420=AXIS2_PLACEMENT_3D('',#7888,#4255,#4256);
#3421=AXIS2_PLACEMENT_3D('',#7889,#4257,#4258);
#3422=AXIS2_PLACEMENT_3D('',#7891,#4259,#4260);
#3423=AXIS2_PLACEMENT_3D('',#7906,#4261,#4262);
#3424=AXIS2_PLACEMENT_3D('',#7908,#4263,#4264);
#3425=AXIS2_PLACEMENT_3D('',#7910,#4266,#4267);
#3426=AXIS2_PLACEMENT_3D('',#7912,#4268,#4269);
#3427=AXIS2_PLACEMENT_3D('',#7913,#4270,#4271);
#3428=AXIS2_PLACEMENT_3D('',#7914,#4272,#4273);
#3429=AXIS2_PLACEMENT_3D('',#7916,#4275,#4276);
#3430=AXIS2_PLACEMENT_3D('',#7917,#4277,#4278);
#3431=AXIS2_PLACEMENT_3D('',#7918,#4279,#4280);
#3432=AXIS2_PLACEMENT_3D('',#7921,#4283,#4284);
#3433=AXIS2_PLACEMENT_3D('',#7922,#4285,#4286);
#3434=AXIS2_PLACEMENT_3D('',#7923,#4287,#4288);
#3435=AXIS2_PLACEMENT_3D('',#7927,#4290,#4291);
#3436=AXIS2_PLACEMENT_3D('',#7942,#4292,#4293);
#3437=AXIS2_PLACEMENT_3D('',#7944,#4294,#4295);
#3438=AXIS2_PLACEMENT_3D('',#7945,#4296,#4297);
#3439=AXIS2_PLACEMENT_3D('',#7946,#4298,#4299);
#3440=AXIS2_PLACEMENT_3D('',#7948,#4301,#4302);
#3441=AXIS2_PLACEMENT_3D('',#7949,#4303,#4304);
#3442=AXIS2_PLACEMENT_3D('',#7950,#4305,#4306);
#3443=AXIS2_PLACEMENT_3D('',#7951,#4307,#4308);
#3444=AXIS2_PLACEMENT_3D('',#7953,#4309,#4310);
#3445=AXIS2_PLACEMENT_3D('',#7968,#4311,#4312);
#3446=AXIS2_PLACEMENT_3D('',#7972,#4314,#4315);
#3447=AXIS2_PLACEMENT_3D('',#7987,#4316,#4317);
#3448=AXIS2_PLACEMENT_3D('',#7989,#4318,#4319);
#3449=AXIS2_PLACEMENT_3D('',#7990,#4320,#4321);
#3450=AXIS2_PLACEMENT_3D('',#7991,#4322,#4323);
#3451=AXIS2_PLACEMENT_3D('',#7993,#4325,#4326);
#3452=AXIS2_PLACEMENT_3D('',#7994,#4327,#4328);
#3453=AXIS2_PLACEMENT_3D('',#7995,#4329,#4330);
#3454=AXIS2_PLACEMENT_3D('',#7997,#4332,#4333);
#3455=AXIS2_PLACEMENT_3D('',#7999,#4334,#4335);
#3456=AXIS2_PLACEMENT_3D('',#8000,#4336,#4337);
#3457=AXIS2_PLACEMENT_3D('',#8001,#4338,#4339);
#3458=AXIS2_PLACEMENT_3D('',#8003,#4340,#4341);
#3459=AXIS2_PLACEMENT_3D('',#8004,#4342,#4343);
#3460=AXIS2_PLACEMENT_3D('',#8005,#4344,#4345);
#3461=AXIS2_PLACEMENT_3D('',#8007,#4346,#4347);
#3462=AXIS2_PLACEMENT_3D('',#8009,#4349,#4350);
#3463=AXIS2_PLACEMENT_3D('',#8011,#4351,#4352);
#3464=AXIS2_PLACEMENT_3D('',#8012,#4353,#4354);
#3465=AXIS2_PLACEMENT_3D('',#8013,#4355,#4356);
#3466=AXIS2_PLACEMENT_3D('',#8015,#4357,#4358);
#3467=AXIS2_PLACEMENT_3D('',#8017,#4360,#4361);
#3468=AXIS2_PLACEMENT_3D('',#8019,#4362,#4363);
#3469=AXIS2_PLACEMENT_3D('',#8020,#4364,#4365);
#3470=AXIS2_PLACEMENT_3D('',#8021,#4366,#4367);
#3471=AXIS2_PLACEMENT_3D('',#8023,#4368,#4369);
#3472=AXIS2_PLACEMENT_3D('',#8024,#4370,#4371);
#3473=AXIS2_PLACEMENT_3D('',#8025,#4372,#4373);
#3474=AXIS2_PLACEMENT_3D('',#8027,#4374,#4375);
#3475=AXIS2_PLACEMENT_3D('',#8028,#4376,#4377);
#3476=AXIS2_PLACEMENT_3D('',#8029,#4378,#4379);
#3477=AXIS2_PLACEMENT_3D('',#8031,#4380,#4381);
#3478=AXIS2_PLACEMENT_3D('',#8033,#4383,#4384);
#3479=AXIS2_PLACEMENT_3D('',#8034,#4385,#4386);
#3480=AXIS2_PLACEMENT_3D('',#8035,#4387,#4388);
#3481=AXIS2_PLACEMENT_3D('',#8036,#4389,#4390);
#3482=AXIS2_PLACEMENT_3D('',#8037,#4391,#4392);
#3483=AXIS2_PLACEMENT_3D('',#8038,#4393,#4394);
#3484=AXIS2_PLACEMENT_3D('',#8040,#4395,#4396);
#3485=AXIS2_PLACEMENT_3D('',#8041,#4397,#4398);
#3486=AXIS2_PLACEMENT_3D('',#8042,#4399,#4400);
#3487=AXIS2_PLACEMENT_3D('',#8044,#4401,#4402);
#3488=AXIS2_PLACEMENT_3D('',#8046,#4404,#4405);
#3489=AXIS2_PLACEMENT_3D('',#8048,#4406,#4407);
#3490=AXIS2_PLACEMENT_3D('',#8049,#4408,#4409);
#3491=AXIS2_PLACEMENT_3D('',#8050,#4410,#4411);
#3492=AXIS2_PLACEMENT_3D('',#8052,#4412,#4413);
#3493=AXIS2_PLACEMENT_3D('',#8053,#4414,#4415);
#3494=AXIS2_PLACEMENT_3D('',#8054,#4416,#4417);
#3495=AXIS2_PLACEMENT_3D('',#8070,#4418,#4419);
#3496=AXIS2_PLACEMENT_3D('',#8071,#4420,#4421);
#3497=AXIS2_PLACEMENT_3D('',#8073,#4422,#4423);
#3498=AXIS2_PLACEMENT_3D('',#8074,#4424,#4425);
#3499=AXIS2_PLACEMENT_3D('',#8075,#4426,#4427);
#3500=AXIS2_PLACEMENT_3D('',#8077,#4428,#4429);
#3501=AXIS2_PLACEMENT_3D('',#8078,#4430,#4431);
#3502=AXIS2_PLACEMENT_3D('',#8079,#4432,#4433);
#3503=AXIS2_PLACEMENT_3D('',#8081,#4435,#4436);
#3504=AXIS2_PLACEMENT_3D('',#8083,#4438,#4439);
#3505=AXIS2_PLACEMENT_3D('',#8086,#4442,#4443);
#3506=AXIS2_PLACEMENT_3D('',#8087,#4444,#4445);
#3507=AXIS2_PLACEMENT_3D('',#8089,#4447,#4448);
#3508=AXIS2_PLACEMENT_3D('',#8091,#4450,#4451);
#3509=AXIS2_PLACEMENT_3D('',#8093,#4453,#4454);
#3510=AXIS2_PLACEMENT_3D('',#8095,#4456,#4457);
#3511=AXIS2_PLACEMENT_3D('',#8097,#4459,#4460);
#3512=AXIS2_PLACEMENT_3D('',#8099,#4462,#4463);
#3513=AXIS2_PLACEMENT_3D('',#8101,#4465,#4466);
#3514=AXIS2_PLACEMENT_3D('',#8103,#4468,#4469);
#3515=AXIS2_PLACEMENT_3D('',#8105,#4471,#4472);
#3516=AXIS2_PLACEMENT_3D('',#8106,#4473,#4474);
#3517=AXIS2_PLACEMENT_3D('',#8108,#4476,#4477);
#3518=AXIS2_PLACEMENT_3D('',#8110,#4479,#4480);
#3519=AXIS2_PLACEMENT_3D('',#8112,#4482,#4483);
#3520=AXIS2_PLACEMENT_3D('',#8114,#4485,#4486);
#3521=AXIS2_PLACEMENT_3D('',#8116,#4488,#4489);
#3522=AXIS2_PLACEMENT_3D('',#8117,#4490,#4491);
#3523=AXIS2_PLACEMENT_3D('',#8119,#4493,#4494);
#3524=AXIS2_PLACEMENT_3D('',#8121,#4496,#4497);
#3525=AXIS2_PLACEMENT_3D('',#8123,#4499,#4500);
#3526=AXIS2_PLACEMENT_3D('',#8125,#4502,#4503);
#3527=AXIS2_PLACEMENT_3D('',#8127,#4505,#4506);
#3528=AXIS2_PLACEMENT_3D('',#8128,#4507,#4508);
#3529=AXIS2_PLACEMENT_3D('',#8130,#4510,#4511);
#3530=AXIS2_PLACEMENT_3D('',#8131,#4512,#4513);
#3531=AXIS2_PLACEMENT_3D('',#8132,#4514,#4515);
#3532=AXIS2_PLACEMENT_3D('',#8133,#4516,#4517);
#3533=AXIS2_PLACEMENT_3D('',#8135,#4519,#4520);
#3534=DIRECTION('axis',(0.,0.,1.));
#3535=DIRECTION('refdir',(1.,0.,0.));
#3536=DIRECTION('center_axis',(0.37554181065617,-0.842593890977223,-0.386010211441288));
#3537=DIRECTION('ref_axis',(-0.716759055167536,0.,-0.697320913808944));
#3538=DIRECTION('center_axis',(0.,1.,0.));
#3539=DIRECTION('ref_axis',(0.,0.,-1.));
#3540=DIRECTION('center_axis',(0.,1.,0.));
#3541=DIRECTION('ref_axis',(0.,0.,-1.));
#3542=DIRECTION('center_axis',(0.,-1.,0.));
#3543=DIRECTION('ref_axis',(-1.,0.,0.));
#3544=DIRECTION('center_axis',(0.,-1.,0.));
#3545=DIRECTION('ref_axis',(-1.,0.,0.));
#3546=DIRECTION('center_axis',(-0.331702708443549,6.47672598846218E-12,
0.943383969129863));
#3547=DIRECTION('ref_axis',(0.943383969129863,0.,0.331702708443549));
#3548=DIRECTION('center_axis',(0.,1.,0.));
#3549=DIRECTION('ref_axis',(0.,0.,1.));
#3550=DIRECTION('center_axis',(0.933944329760725,0.,-0.357418506666612));
#3551=DIRECTION('ref_axis',(-0.357418506666612,0.,-0.933944329760725));
#3552=DIRECTION('center_axis',(0.,-1.,0.));
#3553=DIRECTION('ref_axis',(-0.697355352119764,0.,0.716725549195729));
#3554=DIRECTION('center_axis',(0.,1.,0.));
#3555=DIRECTION('ref_axis',(-0.697355352119764,0.,0.716725549195729));
#3556=DIRECTION('center_axis',(0.,1.,0.));
#3557=DIRECTION('ref_axis',(-0.697355352119764,0.,0.716725549195729));
#3558=DIRECTION('center_axis',(0.,-1.,0.));
#3559=DIRECTION('ref_axis',(1.,0.,0.));
#3560=DIRECTION('center_axis',(0.,-1.,0.));
#3561=DIRECTION('ref_axis',(1.,0.,0.));
#3562=DIRECTION('',(0.,1.,0.));
#3563=DIRECTION('',(0.,-1.,0.));
#3564=DIRECTION('',(0.,-1.,0.));
#3565=DIRECTION('center_axis',(0.,-1.,0.));
#3566=DIRECTION('ref_axis',(1.,0.,0.));
#3567=DIRECTION('center_axis',(0.942156540266933,0.,-0.335173169618696));
#3568=DIRECTION('ref_axis',(-0.237003221109168,-0.707106781186549,-0.666205278562003));
#3569=DIRECTION('',(-0.942156540266933,0.,0.335173169618696));
#3570=DIRECTION('',(0.942156540266933,0.,-0.335173169618696));
#3571=DIRECTION('center_axis',(0.295846835476786,-3.04703550887183E-15,
0.955235389806288));
#3572=DIRECTION('ref_axis',(7.4014868308344E-16,1.,2.96059473233376E-15));
#3573=DIRECTION('center_axis',(0.,-1.,0.));
#3574=DIRECTION('ref_axis',(0.339205672583072,0.,0.940712236386593));
#3575=DIRECTION('center_axis',(-0.38185526090533,-2.82629668487562E-16,
-0.924222137648154));
#3576=DIRECTION('ref_axis',(-7.40148683083436E-16,1.,0.));
#3577=DIRECTION('center_axis',(0.,1.,0.));
#3578=DIRECTION('ref_axis',(0.236975221574554,0.,0.971515694345537));
#3579=DIRECTION('center_axis',(0.,-1.,0.));
#3580=DIRECTION('ref_axis',(0.236975221574554,0.,0.971515694345537));
#3581=DIRECTION('center_axis',(0.697320913808944,0.,-0.716759055167536));
#3582=DIRECTION('ref_axis',(-0.506825188385827,-0.707106781186548,-0.493080346817505));
#3583=DIRECTION('',(-0.697320913808944,0.,0.716759055167536));
#3584=DIRECTION('center_axis',(-0.697320913808942,0.,0.716759055167539));
#3585=DIRECTION('ref_axis',(0.,-1.,0.));
#3586=DIRECTION('',(0.697320913808944,0.,-0.716759055167536));
#3587=DIRECTION('center_axis',(0.,-1.,0.));
#3588=DIRECTION('ref_axis',(0.,0.,-1.));
#3589=DIRECTION('',(0.309240777080115,0.,-0.950983775776899));
#3590=DIRECTION('center_axis',(0.,1.,0.));
#3591=DIRECTION('ref_axis',(0.587690064115382,0.,0.80908614407865));
#3592=DIRECTION('',(1.,0.,0.));
#3593=DIRECTION('center_axis',(0.,1.,0.));
#3594=DIRECTION('ref_axis',(-0.707106781186547,0.,0.707106781186548));
#3595=DIRECTION('',(0.,0.,1.));
#3596=DIRECTION('center_axis',(0.,1.,0.));
#3597=DIRECTION('ref_axis',(1.,0.,0.));
#3598=DIRECTION('center_axis',(1.,0.,0.));
#3599=DIRECTION('ref_axis',(0.,-0.707106781186544,-0.707106781186551));
#3600=DIRECTION('',(-1.,0.,0.));
#3601=DIRECTION('',(1.,0.,0.));
#3602=DIRECTION('center_axis',(0.,-1.,0.));
#3603=DIRECTION('ref_axis',(-3.21624529935327E-16,0.,1.));
#3604=DIRECTION('center_axis',(0.,-1.,0.));
#3605=DIRECTION('ref_axis',(-1.83697019872103E-16,0.,1.));
#3606=DIRECTION('center_axis',(0.,1.,0.));
#3607=DIRECTION('ref_axis',(-1.83697019872103E-16,0.,1.));
#3608=DIRECTION('center_axis',(0.,0.,-1.));
#3609=DIRECTION('ref_axis',(1.,0.,0.));
#3610=DIRECTION('',(0.,-1.,0.));
#3611=DIRECTION('',(0.,-1.,0.));
#3612=DIRECTION('',(-1.,0.,0.));
#3613=DIRECTION('',(0.,-1.,0.));
#3614=DIRECTION('',(0.,-1.,0.));
#3615=DIRECTION('center_axis',(0.,1.,0.));
#3616=DIRECTION('ref_axis',(1.,0.,0.));
#3617=DIRECTION('center_axis',(0.,-1.,0.));
#3618=DIRECTION('ref_axis',(0.,0.,-1.));
#3619=DIRECTION('center_axis',(0.,1.,0.));
#3620=DIRECTION('ref_axis',(1.,0.,0.));
#3621=DIRECTION('center_axis',(-1.,0.,0.));
#3622=DIRECTION('ref_axis',(0.,0.,1.));
#3623=DIRECTION('center_axis',(0.,1.,0.));
#3624=DIRECTION('ref_axis',(1.,0.,0.));
#3625=DIRECTION('center_axis',(-0.335173169618696,0.,-0.942156540266933));
#3626=DIRECTION('ref_axis',(0.942156540266933,0.,-0.335173169618696));
#3627=DIRECTION('center_axis',(-0.335173169618696,0.,-0.942156540266933));
#3628=DIRECTION('ref_axis',(-0.942156540266933,0.,0.335173169618696));
#3629=DIRECTION('center_axis',(0.,0.,1.));
#3630=DIRECTION('ref_axis',(1.,0.,0.));
#3631=DIRECTION('center_axis',(0.,-1.,0.));
#3632=DIRECTION('ref_axis',(0.707106781186541,0.,0.707106781186554));
#3633=DIRECTION('center_axis',(1.,0.,0.));
#3634=DIRECTION('ref_axis',(0.,1.,4.44089209850062E-15));
#3635=DIRECTION('center_axis',(0.,1.,0.));
#3636=DIRECTION('ref_axis',(0.707106781186541,0.,0.707106781186554));
#3637=DIRECTION('center_axis',(-1.,0.,0.));
#3638=DIRECTION('ref_axis',(0.,0.,1.));
#3639=DIRECTION('center_axis',(0.,-1.,0.));
#3640=DIRECTION('ref_axis',(-0.707106781186547,0.,0.707106781186547));
#3641=DIRECTION('center_axis',(0.,0.,1.));
#3642=DIRECTION('ref_axis',(-2.22044604925031E-15,1.,0.));
#3643=DIRECTION('center_axis',(0.,1.,0.));
#3644=DIRECTION('ref_axis',(-0.707106781186548,0.,0.707106781186548));
#3645=DIRECTION('center_axis',(0.606612236573284,0.229703037115494,-0.761090079543464));
#3646=DIRECTION('ref_axis',(0.711769461468565,0.269522434873656,0.648646198493852));
#3647=DIRECTION('center_axis',(-0.309194261888166,0.0173439373705394,0.95084073127518));
#3648=DIRECTION('ref_axis',(0.735236736578907,0.6385132866282,0.227437296818384));
#3649=DIRECTION('center_axis',(0.655697325176827,-0.755023852441732,0.));
#3650=DIRECTION('ref_axis',(0.,0.,1.));
#3651=DIRECTION('center_axis',(-1.29082275168739E-11,1.,3.9695654171131E-11));
#3652=DIRECTION('ref_axis',(0.950983775776899,0.,0.309240777080113));
#3653=DIRECTION('center_axis',(0.,-1.,0.));
#3654=DIRECTION('ref_axis',(1.,0.,0.));
#3655=DIRECTION('center_axis',(0.,1.,0.));
#3656=DIRECTION('ref_axis',(0.707106781186546,0.,0.707106781186549));
#3657=DIRECTION('',(0.,-1.,0.));
#3658=DIRECTION('',(0.,1.,0.));
#3659=DIRECTION('center_axis',(0.,-1.,0.));
#3660=DIRECTION('ref_axis',(0.587690064115384,0.,0.809086144078649));
#3661=DIRECTION('center_axis',(0.,1.,0.));
#3662=DIRECTION('ref_axis',(0.,0.,1.));
#3663=DIRECTION('',(0.,1.,0.));
#3664=DIRECTION('',(0.,-1.,0.));
#3665=DIRECTION('center_axis',(0.309240777080113,0.,-0.950983775776899));
#3666=DIRECTION('ref_axis',(0.,1.,0.));
#3667=DIRECTION('center_axis',(0.950983775776899,0.,0.309240777080115));
#3668=DIRECTION('ref_axis',(0.309240777080115,1.17311564879164E-16,-0.950983775776899));
#3669=DIRECTION('center_axis',(-0.898780868596653,0.,-0.438398164052549));
#3670=DIRECTION('ref_axis',(0.438398164052549,0.,-0.898780868596653));
#3671=DIRECTION('center_axis',(0.309240777080115,0.,-0.950983775776899));
#3672=DIRECTION('ref_axis',(0.672447076650233,0.707106781186548,0.218666250492745));
#3673=DIRECTION('center_axis',(0.309240777080113,0.,-0.9509837757769));
#3674=DIRECTION('ref_axis',(0.,1.,0.));
#3675=DIRECTION('',(0.309240777080115,0.,-0.950983775776899));
#3676=DIRECTION('',(-0.309240777080115,0.,0.950983775776899));
#3677=DIRECTION('center_axis',(0.,-1.,0.));
#3678=DIRECTION('ref_axis',(0.,0.,-1.));
#3679=DIRECTION('center_axis',(1.,0.,0.));
#3680=DIRECTION('ref_axis',(0.,1.,0.));
#3681=DIRECTION('center_axis',(0.,1.,0.));
#3682=DIRECTION('ref_axis',(0.587690064115382,0.,0.80908614407865));
#3683=DIRECTION('center_axis',(0.,-1.,0.));
#3684=DIRECTION('ref_axis',(0.587690064115382,0.,0.80908614407865));
#3685=DIRECTION('center_axis',(-1.,0.,0.));
#3686=DIRECTION('ref_axis',(0.,0.707106781186543,0.707106781186552));
#3687=DIRECTION('center_axis',(1.,0.,3.70074341541716E-16));
#3688=DIRECTION('ref_axis',(0.,1.,0.));
#3689=DIRECTION('',(1.,0.,0.));
#3690=DIRECTION('',(-1.,0.,0.));
#3691=DIRECTION('center_axis',(0.,-1.,0.));
#3692=DIRECTION('ref_axis',(0.,0.,-1.));
#3693=DIRECTION('center_axis',(0.,0.,1.));
#3694=DIRECTION('ref_axis',(0.,1.,0.));
#3695=DIRECTION('center_axis',(0.,1.,0.));
#3696=DIRECTION('ref_axis',(-0.707106781186547,0.,0.707106781186548));
#3697=DIRECTION('center_axis',(0.,-1.,0.));
#3698=DIRECTION('ref_axis',(-0.707106781186547,0.,0.707106781186548));
#3699=DIRECTION('center_axis',(0.,0.,-1.));
#3700=DIRECTION('ref_axis',(-0.707106781186548,0.707106781186548,0.));
#3701=DIRECTION('center_axis',(0.,0.,1.));
#3702=DIRECTION('ref_axis',(0.,1.,0.));
#3703=DIRECTION('',(0.,0.,1.));
#3704=DIRECTION('',(0.,0.,-1.));
#3705=DIRECTION('center_axis',(-1.,0.,0.));
#3706=DIRECTION('ref_axis',(0.,0.,1.));
#3707=DIRECTION('center_axis',(0.,-1.,0.));
#3708=DIRECTION('ref_axis',(0.,0.,1.));
#3709=DIRECTION('center_axis',(-1.,0.,0.));
#3710=DIRECTION('ref_axis',(0.,-0.707106781186547,-0.707106781186548));
#3711=DIRECTION('center_axis',(1.,0.,0.));
#3712=DIRECTION('ref_axis',(0.,-0.707106781186547,-0.707106781186548));
#3713=DIRECTION('center_axis',(0.,1.,0.));
#3714=DIRECTION('ref_axis',(-0.70710678118655,0.,0.707106781186545));
#3715=DIRECTION('',(0.,-1.,0.));
#3716=DIRECTION('',(0.,1.,0.));
#3717=DIRECTION('center_axis',(0.,0.,1.));
#3718=DIRECTION('ref_axis',(1.,0.,0.));
#3719=DIRECTION('center_axis',(0.0447132934276938,0.368310262857477,0.928627089667701));
#3720=DIRECTION('ref_axis',(0.,0.929556776064908,-0.368678993260822));
#3721=DIRECTION('center_axis',(0.610306713623561,-0.29205467104201,-0.736362536002853));
#3722=DIRECTION('ref_axis',(0.58513253425205,0.792806046448189,0.170524162730578));
#3723=DIRECTION('center_axis',(-0.046654504394361,0.242842846836781,-0.968943088607336));
#3724=DIRECTION('ref_axis',(0.998842805735331,0.,-0.0480941725240373));
#3725=DIRECTION('center_axis',(0.,1.,0.));
#3726=DIRECTION('ref_axis',(0.707106781186548,0.,-0.707106781186547));
#3727=DIRECTION('center_axis',(0.,1.,0.));
#3728=DIRECTION('ref_axis',(1.,0.,-1.00660220899348E-13));
#3729=DIRECTION('',(0.,1.,0.));
#3730=DIRECTION('center_axis',(0.,-1.,0.));
#3731=DIRECTION('ref_axis',(0.,0.,-1.));
#3732=DIRECTION('',(0.,-1.,0.));
#3733=DIRECTION('center_axis',(-0.226690201123985,0.973966915615909,-2.16807246361188E-12));
#3734=DIRECTION('ref_axis',(0.972235158047915,0.226287135614302,0.0596064569574396));
#3735=DIRECTION('center_axis',(-0.309203717113482,0.0154812558978963,0.950869808143591));
#3736=DIRECTION('ref_axis',(0.950983775773037,0.,0.309240777091992));
#3737=DIRECTION('center_axis',(0.37554181065617,-0.842593890977223,-0.386010211441288));
#3738=DIRECTION('ref_axis',(-0.716759055167536,0.,-0.697320913808944));
#3739=DIRECTION('center_axis',(0.,1.,0.));
#3740=DIRECTION('ref_axis',(-0.707106781186548,0.,-0.707106781186548));
#3741=DIRECTION('center_axis',(0.,-1.,0.));
#3742=DIRECTION('ref_axis',(-1.,0.,0.));
#3743=DIRECTION('',(0.,-1.,0.));
#3744=DIRECTION('',(0.,1.,0.));
#3745=DIRECTION('center_axis',(-0.716759055167536,0.,-0.697320913808944));
#3746=DIRECTION('ref_axis',(-0.697320913808944,0.,0.716759055167536));
#3747=DIRECTION('center_axis',(0.676156603742407,-3.00273851890868E-17,
0.736757929862674));
#3748=DIRECTION('ref_axis',(-0.736757929862674,0.,0.676156603742407));
#3749=DIRECTION('center_axis',(0.,0.,1.));
#3750=DIRECTION('ref_axis',(1.,0.,0.));
#3751=DIRECTION('center_axis',(0.,5.92118946466749E-15,-1.));
#3752=DIRECTION('ref_axis',(-1.,0.,0.));
#3753=DIRECTION('center_axis',(0.,-1.,0.));
#3754=DIRECTION('ref_axis',(-0.716759055167536,0.,-0.697320913808944));
#3755=DIRECTION('center_axis',(0.,1.,0.));
#3756=DIRECTION('ref_axis',(-0.926487737416836,0.,-0.37632495587754));
#3757=DIRECTION('',(0.,-1.,0.));
#3758=DIRECTION('',(0.,1.,0.));
#3759=DIRECTION('center_axis',(-0.309240777080115,0.,0.950983775776899));
#3760=DIRECTION('ref_axis',(0.672447076650231,-0.707106781186548,0.218666250492749));
#3761=DIRECTION('',(-0.309240777080115,0.,0.950983775776899));
#3762=DIRECTION('center_axis',(0.309240777080112,0.,-0.9509837757769));
#3763=DIRECTION('ref_axis',(0.9509837757769,0.,0.309240777080112));
#3764=DIRECTION('center_axis',(0.,1.,0.));
#3765=DIRECTION('ref_axis',(0.,0.,1.));
#3766=DIRECTION('center_axis',(1.,0.,0.));
#3767=DIRECTION('ref_axis',(0.,0.,1.));
#3768=DIRECTION('center_axis',(0.,-1.,0.));
#3769=DIRECTION('ref_axis',(0.587690064115382,0.,0.80908614407865));
#3770=DIRECTION('center_axis',(-1.,0.,0.));
#3771=DIRECTION('ref_axis',(0.,-0.707106781186548,0.707106781186548));
#3772=DIRECTION('center_axis',(1.,0.,3.70074341541718E-16));
#3773=DIRECTION('ref_axis',(-3.70074341541718E-16,0.,1.));
#3774=DIRECTION('',(-1.,0.,0.));
#3775=DIRECTION('center_axis',(0.,1.,0.));
#3776=DIRECTION('ref_axis',(0.,0.,1.));
#3777=DIRECTION('center_axis',(0.,0.,1.));
#3778=DIRECTION('ref_axis',(-1.,0.,0.));
#3779=DIRECTION('center_axis',(0.,-1.,0.));
#3780=DIRECTION('ref_axis',(-0.707106781186547,0.,0.707106781186548));
#3781=DIRECTION('center_axis',(0.,0.,-1.));
#3782=DIRECTION('ref_axis',(-0.707106781186548,-0.707106781186548,0.));
#3783=DIRECTION('',(0.,0.,-1.));
#3784=DIRECTION('center_axis',(-1.,0.,0.));
#3785=DIRECTION('ref_axis',(0.,0.579408565447805,-0.815037247176911));
#3786=DIRECTION('',(1.,0.,0.));
#3787=DIRECTION('center_axis',(0.942052673887028,-0.014848377213657,-0.335136219045961));
#3788=DIRECTION('ref_axis',(-0.335173169618697,0.,-0.942156540266933));
#3789=DIRECTION('center_axis',(0.30273024873158,5.37756947827682E-17,0.953076280526861));
#3790=DIRECTION('ref_axis',(-0.953076280526861,0.,0.30273024873158));
#3791=DIRECTION('center_axis',(-1.,0.,0.));
#3792=DIRECTION('ref_axis',(0.,0.,1.));
#3793=DIRECTION('center_axis',(1.,0.,0.));
#3794=DIRECTION('ref_axis',(0.,0.,1.));
#3795=DIRECTION('center_axis',(-1.,0.,0.));
#3796=DIRECTION('ref_axis',(0.,0.,1.));
#3797=DIRECTION('center_axis',(1.,0.,6.52446756111408E-16));
#3798=DIRECTION('ref_axis',(8.88178419700125E-16,0.,-1.));
#3799=DIRECTION('center_axis',(1.,0.,6.52446756111408E-16));
#3800=DIRECTION('ref_axis',(-6.52446756111408E-16,0.,1.));
#3801=DIRECTION('center_axis',(-1.,0.,-6.52446756111408E-16));
#3802=DIRECTION('ref_axis',(-6.52446756111408E-16,0.,1.));
#3803=DIRECTION('center_axis',(6.52446756111408E-16,0.,-1.));
#3804=DIRECTION('ref_axis',(0.707106781186544,0.707106781186551,0.));
#3805=DIRECTION('',(6.52446756111408E-16,0.,-1.));
#3806=DIRECTION('',(-6.52446756111408E-16,0.,1.));
#3807=DIRECTION('center_axis',(0.,0.,1.));
#3808=DIRECTION('ref_axis',(-1.,0.,0.));
#3809=DIRECTION('',(1.,0.,0.));
#3810=DIRECTION('',(-1.,0.,0.));
#3811=DIRECTION('center_axis',(0.,0.,1.));
#3812=DIRECTION('ref_axis',(1.,0.,0.));
#3813=DIRECTION('',(0.,1.,0.));
#3814=DIRECTION('',(1.,0.,0.));
#3815=DIRECTION('',(0.,-1.,0.));
#3816=DIRECTION('',(-1.,0.,0.));
#3817=DIRECTION('center_axis',(1.,0.,0.));
#3818=DIRECTION('ref_axis',(0.,0.707106781186548,0.707106781186548));
#3819=DIRECTION('',(-1.,0.,0.));
#3820=DIRECTION('center_axis',(0.,1.,0.));
#3821=DIRECTION('ref_axis',(1.,0.,0.));
#3822=DIRECTION('center_axis',(0.,-1.,0.));
#3823=DIRECTION('ref_axis',(0.753473647137543,0.,0.657478108433467));
#3824=DIRECTION('',(-1.,0.,2.3139576393077E-13));
#3825=DIRECTION('center_axis',(0.,-1.,0.));
#3826=DIRECTION('ref_axis',(1.,0.,2.71449529520851E-13));
#3827=DIRECTION('',(1.,0.,-3.56454286769355E-12));
#3828=DIRECTION('center_axis',(0.,1.,0.));
#3829=DIRECTION('ref_axis',(-0.569279588522113,0.,0.822143995959402));
#3830=DIRECTION('center_axis',(0.,-1.,0.));
#3831=DIRECTION('ref_axis',(0.881674099047513,0.,-0.471858859267003));
#3832=DIRECTION('',(-1.,0.,0.));
#3833=DIRECTION('center_axis',(0.,1.,0.));
#3834=DIRECTION('ref_axis',(0.842900194946945,0.,-0.538069940954149));
#3835=DIRECTION('center_axis',(0.,-1.,0.));
#3836=DIRECTION('ref_axis',(-0.604944404242338,0.,0.79626771112226));
#3837=DIRECTION('center_axis',(0.,-1.,0.));
#3838=DIRECTION('ref_axis',(1.,0.,0.));
#3839=DIRECTION('center_axis',(0.,1.,0.));
#3840=DIRECTION('ref_axis',(0.99999999994438,0.,1.05469853739758E-5));
#3841=DIRECTION('center_axis',(0.,-1.,0.));
#3842=DIRECTION('ref_axis',(1.,0.,0.));
#3843=DIRECTION('center_axis',(0.,-1.,0.));
#3844=DIRECTION('ref_axis',(-0.604926888250238,0.,-0.796281018153695));
#3845=DIRECTION('center_axis',(0.,1.,0.));
#3846=DIRECTION('ref_axis',(0.736752636759653,0.,0.67616237120066));
#3847=DIRECTION('center_axis',(0.,-1.,0.));
#3848=DIRECTION('ref_axis',(-0.852033766033681,0.,-0.523486830339085));
#3849=DIRECTION('',(0.,0.,-1.));
#3850=DIRECTION('center_axis',(0.,1.,0.));
#3851=DIRECTION('ref_axis',(0.707106781186547,0.,0.707106781186548));
#3852=DIRECTION('',(1.,0.,0.));
#3853=DIRECTION('center_axis',(0.,1.,0.));
#3854=DIRECTION('ref_axis',(-0.707106781186547,0.,0.707106781186548));
#3855=DIRECTION('',(0.,0.,1.));
#3856=DIRECTION('center_axis',(0.,-1.,0.));
#3857=DIRECTION('ref_axis',(0.852033766033682,0.,-0.523486830339084));
#3858=DIRECTION('center_axis',(0.,1.,0.));
#3859=DIRECTION('ref_axis',(-0.736346345842127,0.,0.676604802646971));
#3860=DIRECTION('center_axis',(0.,-1.,0.));
#3861=DIRECTION('ref_axis',(0.559012550309288,0.,-0.829159193759984));
#3862=DIRECTION('',(1.,0.,6.96127713432286E-13));
#3863=DIRECTION('center_axis',(0.,1.,0.));
#3864=DIRECTION('ref_axis',(-1.,0.,-1.41786921041648E-13));
#3865=DIRECTION('',(-1.,0.,4.01758559326072E-13));
#3866=DIRECTION('center_axis',(0.,-1.,0.));
#3867=DIRECTION('ref_axis',(0.559021438405723,0.,0.82915320140659));
#3868=DIRECTION('center_axis',(0.,1.,0.));
#3869=DIRECTION('ref_axis',(-0.842576683993759,0.,-0.538576393457865));
#3870=DIRECTION('',(1.,0.,0.));
#3871=DIRECTION('center_axis',(0.,-1.,0.));
#3872=DIRECTION('ref_axis',(-0.881674087009762,0.,-0.471858881759688));
#3873=DIRECTION('',(1.,0.,-6.69963510428014E-12));
#3874=DIRECTION('center_axis',(0.,-1.,0.));
#3875=DIRECTION('ref_axis',(-1.,0.,1.99273589006843E-13));
#3876=DIRECTION('',(-1.,0.,5.69855367669007E-14));
#3877=DIRECTION('center_axis',(0.,-1.,0.));
#3878=DIRECTION('ref_axis',(-0.753473663910561,0.,0.657478089211493));
#3879=DIRECTION('center_axis',(0.,1.,0.));
#3880=DIRECTION('ref_axis',(0.857969178415583,0.,-0.513701166914083));
#3881=DIRECTION('',(0.,0.,-1.));
#3882=DIRECTION('center_axis',(1.,0.,6.52446756111408E-16));
#3883=DIRECTION('ref_axis',(6.52446756111408E-16,0.,-1.));
#3884=DIRECTION('',(-6.52446756111408E-16,0.,1.));
#3885=DIRECTION('',(0.,1.,0.));
#3886=DIRECTION('center_axis',(-6.52446756111408E-16,0.,1.));
#3887=DIRECTION('ref_axis',(0.707106781186546,-0.707106781186549,0.));
#3888=DIRECTION('',(6.52446756111408E-16,0.,-1.));
#3889=DIRECTION('center_axis',(0.,1.,0.));
#3890=DIRECTION('ref_axis',(1.,0.,0.));
#3891=DIRECTION('',(1.,0.,0.));
#3892=DIRECTION('center_axis',(0.,-1.,0.));
#3893=DIRECTION('ref_axis',(0.707106781186547,0.,0.707106781186548));
#3894=DIRECTION('',(0.,0.,1.));
#3895=DIRECTION('center_axis',(0.,1.,0.));
#3896=DIRECTION('ref_axis',(-0.852033766033681,0.,-0.523486830339085));
#3897=DIRECTION('center_axis',(0.,-1.,0.));
#3898=DIRECTION('ref_axis',(0.736752636759653,0.,0.67616237120066));
#3899=DIRECTION('center_axis',(0.,1.,0.));
#3900=DIRECTION('ref_axis',(-0.604926888250238,0.,-0.796281018153695));
#3901=DIRECTION('center_axis',(0.,1.,0.));
#3902=DIRECTION('ref_axis',(1.,0.,0.));
#3903=DIRECTION('center_axis',(0.,1.,0.));
#3904=DIRECTION('ref_axis',(1.,0.,0.));
#3905=DIRECTION('center_axis',(0.,1.,0.));
#3906=DIRECTION('ref_axis',(1.,0.,0.));
#3907=DIRECTION('center_axis',(0.,1.,0.));
#3908=DIRECTION('ref_axis',(-0.604944404242338,0.,0.79626771112226));
#3909=DIRECTION('center_axis',(0.,-1.,0.));
#3910=DIRECTION('ref_axis',(0.842900194946945,0.,-0.538069940954149));
#3911=DIRECTION('',(-1.,0.,0.));
#3912=DIRECTION('center_axis',(0.,1.,0.));
#3913=DIRECTION('ref_axis',(0.881674099047513,0.,-0.471858859267003));
#3914=DIRECTION('center_axis',(0.,-1.,0.));
#3915=DIRECTION('ref_axis',(-0.569279588522114,0.,0.822143995959402));
#3916=DIRECTION('',(-1.,0.,3.56454286769355E-12));
#3917=DIRECTION('center_axis',(0.,1.,0.));
#3918=DIRECTION('ref_axis',(1.,0.,2.71449529520851E-13));
#3919=DIRECTION('',(1.,0.,-2.3139576393077E-13));
#3920=DIRECTION('center_axis',(0.,1.,0.));
#3921=DIRECTION('ref_axis',(0.753473647137543,0.,0.657478108433467));
#3922=DIRECTION('center_axis',(-1.,0.,0.));
#3923=DIRECTION('ref_axis',(0.,0.707106781186546,0.707106781186549));
#3924=DIRECTION('',(-1.,0.,0.));
#3925=DIRECTION('center_axis',(-1.,0.,0.));
#3926=DIRECTION('ref_axis',(0.,0.,1.));
#3927=DIRECTION('center_axis',(-1.,0.,0.));
#3928=DIRECTION('ref_axis',(0.,-0.707106781186547,0.707106781186547));
#3929=DIRECTION('',(1.,0.,0.));
#3930=DIRECTION('',(1.,0.,0.));
#3931=DIRECTION('center_axis',(0.,0.,-1.));
#3932=DIRECTION('ref_axis',(-1.,0.,0.));
#3933=DIRECTION('center_axis',(0.,0.,1.));
#3934=DIRECTION('ref_axis',(1.,0.,0.));
#3935=DIRECTION('',(-1.,0.,0.));
#3936=DIRECTION('',(0.,-1.,0.));
#3937=DIRECTION('',(-1.,0.,0.));
#3938=DIRECTION('',(0.,1.,0.));
#3939=DIRECTION('center_axis',(-1.,0.,0.));
#3940=DIRECTION('ref_axis',(0.,0.707106781186546,0.707106781186549));
#3941=DIRECTION('',(1.,0.,0.));
#3942=DIRECTION('center_axis',(-1.,3.15081294388619E-12,0.));
#3943=DIRECTION('ref_axis',(0.,0.,1.));
#3944=DIRECTION('center_axis',(0.,1.,0.));
#3945=DIRECTION('ref_axis',(1.,0.,0.));
#3946=DIRECTION('',(0.,0.,1.));
#3947=DIRECTION('center_axis',(0.,-1.,0.));
#3948=DIRECTION('ref_axis',(0.857969178415583,0.,-0.513701166914083));
#3949=DIRECTION('center_axis',(0.,1.,0.));
#3950=DIRECTION('ref_axis',(-0.753473663910561,0.,0.657478089211493));
#3951=DIRECTION('',(1.,0.,-5.69855367669007E-14));
#3952=DIRECTION('center_axis',(0.,1.,0.));
#3953=DIRECTION('ref_axis',(-1.,0.,1.99273589006843E-13));
#3954=DIRECTION('',(-1.,0.,6.69963510428014E-12));
#3955=DIRECTION('center_axis',(0.,1.,0.));
#3956=DIRECTION('ref_axis',(-0.881674087009762,0.,-0.471858881759688));
#3957=DIRECTION('',(-1.,0.,0.));
#3958=DIRECTION('center_axis',(0.,-1.,0.));
#3959=DIRECTION('ref_axis',(-0.842576683993759,0.,-0.538576393457865));
#3960=DIRECTION('center_axis',(0.,1.,0.));
#3961=DIRECTION('ref_axis',(0.559021438405723,0.,0.82915320140659));
#3962=DIRECTION('',(1.,0.,-4.01758559326072E-13));
#3963=DIRECTION('center_axis',(0.,-1.,0.));
#3964=DIRECTION('ref_axis',(-1.,0.,-1.41786921041648E-13));
#3965=DIRECTION('',(-1.,0.,-6.96127713432286E-13));
#3966=DIRECTION('center_axis',(0.,1.,0.));
#3967=DIRECTION('ref_axis',(0.559012550309288,0.,-0.829159193759984));
#3968=DIRECTION('center_axis',(0.,-1.,0.));
#3969=DIRECTION('ref_axis',(-0.736346345842127,0.,0.676604802646971));
#3970=DIRECTION('center_axis',(0.,1.,0.));
#3971=DIRECTION('ref_axis',(0.852033766033682,0.,-0.523486830339084));
#3972=DIRECTION('',(0.,0.,-1.));
#3973=DIRECTION('center_axis',(0.,-1.,0.));
#3974=DIRECTION('ref_axis',(-0.707106781186547,0.,0.707106781186548));
#3975=DIRECTION('center_axis',(0.,0.,-1.));
#3976=DIRECTION('ref_axis',(-0.707106781186548,-0.707106781186547,0.));
#3977=DIRECTION('',(0.,0.,-1.));
#3978=DIRECTION('center_axis',(0.,0.,1.));
#3979=DIRECTION('ref_axis',(-1.,0.,0.));
#3980=DIRECTION('center_axis',(0.,-1.,0.));
#3981=DIRECTION('ref_axis',(0.587690064115383,0.,0.80908614407865));
#3982=DIRECTION('',(0.,-1.,0.));
#3983=DIRECTION('',(0.,1.,0.));
#3984=DIRECTION('center_axis',(0.,0.,1.));
#3985=DIRECTION('ref_axis',(-1.,0.,0.));
#3986=DIRECTION('',(0.,1.,0.));
#3987=DIRECTION('center_axis',(0.,1.,0.));
#3988=DIRECTION('ref_axis',(1.,0.,0.));
#3989=DIRECTION('',(1.,0.,0.));
#3990=DIRECTION('center_axis',(0.,-1.,0.));
#3991=DIRECTION('ref_axis',(1.,0.,0.));
#3992=DIRECTION('center_axis',(0.,-1.,0.));
#3993=DIRECTION('ref_axis',(-0.707106781186547,0.,0.707106781186548));
#3994=DIRECTION('',(0.,-1.,0.));
#3995=DIRECTION('center_axis',(-1.,0.,0.));
#3996=DIRECTION('ref_axis',(0.,0.,1.));
#3997=DIRECTION('',(0.,0.,1.));
#3998=DIRECTION('',(0.,1.,0.));
#3999=DIRECTION('center_axis',(1.,0.,0.));
#4000=DIRECTION('ref_axis',(0.,-0.707106781186547,-0.707106781186548));
#4001=DIRECTION('center_axis',(-0.716759055167536,0.,-0.697320913808944));
#4002=DIRECTION('ref_axis',(0.697320913808944,0.,-0.716759055167536));
#4003=DIRECTION('center_axis',(0.,-1.,0.));
#4004=DIRECTION('ref_axis',(6.12323399573677E-17,0.,1.));
#4005=DIRECTION('center_axis',(0.950983775776899,0.,0.309240777080115));
#4006=DIRECTION('ref_axis',(-0.309240777080115,0.,0.950983775776899));
#4007=DIRECTION('center_axis',(0.,-1.,0.));
#4008=DIRECTION('ref_axis',(0.999999999944381,0.,1.05469853739374E-5));
#4009=DIRECTION('center_axis',(0.,-1.,0.));
#4010=DIRECTION('ref_axis',(0.99999999994438,0.,1.05469853739758E-5));
#4011=DIRECTION('center_axis',(0.,1.,0.));
#4012=DIRECTION('ref_axis',(1.,0.,0.));
#4013=DIRECTION('',(0.,1.,0.));
#4014=DIRECTION('',(0.,1.,0.));
#4015=DIRECTION('center_axis',(0.,-1.,0.));
#4016=DIRECTION('ref_axis',(0.,0.,-1.));
#4017=DIRECTION('center_axis',(0.,1.,0.));
#4018=DIRECTION('ref_axis',(0.707106781186547,0.,0.707106781186548));
#4019=DIRECTION('center_axis',(0.,0.,-1.));
#4020=DIRECTION('ref_axis',(0.,-1.,0.));
#4021=DIRECTION('center_axis',(0.,-1.,0.));
#4022=DIRECTION('ref_axis',(0.,0.,-1.));
#4023=DIRECTION('center_axis',(0.,0.,-1.));
#4024=DIRECTION('ref_axis',(1.,0.,0.));
#4025=DIRECTION('center_axis',(0.,1.,0.));
#4026=DIRECTION('ref_axis',(-0.707106781186547,0.,0.707106781186548));
#4027=DIRECTION('center_axis',(0.,0.,-1.));
#4028=DIRECTION('ref_axis',(-1.,0.,0.));
#4029=DIRECTION('center_axis',(0.,-1.,0.));
#4030=DIRECTION('ref_axis',(1.,0.,0.));
#4031=DIRECTION('center_axis',(0.,0.,-1.));
#4032=DIRECTION('ref_axis',(1.,0.,0.));
#4033=DIRECTION('center_axis',(0.,0.,-1.));
#4034=DIRECTION('ref_axis',(1.,0.,0.));
#4035=DIRECTION('center_axis',(0.,0.,-1.));
#4036=DIRECTION('ref_axis',(1.,0.,0.));
#4037=DIRECTION('',(0.,0.,-1.));
#4038=DIRECTION('center_axis',(0.,1.,0.));
#4039=DIRECTION('ref_axis',(0.707106781186548,0.,-0.707106781186547));
#4040=DIRECTION('center_axis',(0.70710678118655,-0.707106781186545,-5.49532360539321E-15));
#4041=DIRECTION('ref_axis',(-0.707106781186545,-0.70710678118655,5.49532360539317E-15));
#4042=DIRECTION('',(0.,-1.,0.));
#4043=DIRECTION('center_axis',(0.707106781186548,0.707106781186547,0.));
#4044=DIRECTION('ref_axis',(0.707106781186547,-0.707106781186548,0.));
#4045=DIRECTION('center_axis',(0.,-1.,0.));
#4046=DIRECTION('ref_axis',(-0.707106781186548,0.,-0.707106781186547));
#4047=DIRECTION('',(0.,1.,0.));
#4048=DIRECTION('center_axis',(-0.707106781186546,-0.707106781186549,0.));
#4049=DIRECTION('ref_axis',(-0.707106781186549,0.707106781186546,0.));
#4050=DIRECTION('center_axis',(0.707106781186548,-0.707106781186547,0.));
#4051=DIRECTION('ref_axis',(-0.707106781186547,-0.707106781186548,0.));
#4052=DIRECTION('center_axis',(-1.,0.,0.));
#4053=DIRECTION('ref_axis',(0.,0.707106781186548,-0.707106781186548));
#4054=DIRECTION('',(1.,0.,0.));
#4055=DIRECTION('center_axis',(1.,0.,0.));
#4056=DIRECTION('ref_axis',(0.,-0.707106781186551,-0.707106781186544));
#4057=DIRECTION('',(-1.,0.,0.));
#4058=DIRECTION('center_axis',(1.,0.,0.));
#4059=DIRECTION('ref_axis',(0.,-0.707106781186548,0.707106781186548));
#4060=DIRECTION('',(-1.,0.,0.));
#4061=DIRECTION('center_axis',(0.707106781186548,-0.707106781186547,-3.14018491736753E-15));
#4062=DIRECTION('ref_axis',(-0.707106781186547,-0.707106781186548,-3.14018491736754E-15));
#4063=DIRECTION('center_axis',(0.707106781186548,0.707106781186547,-7.85046229341884E-16));
#4064=DIRECTION('ref_axis',(0.707106781186547,-0.707106781186548,-7.85046229341883E-16));
#4065=DIRECTION('center_axis',(0.,-1.,0.));
#4066=DIRECTION('ref_axis',(-0.707106781186545,0.,0.70710678118655));
#4067=DIRECTION('',(0.,1.,0.));
#4068=DIRECTION('center_axis',(-0.707106781186548,-0.707106781186547,-7.85046229341884E-16));
#4069=DIRECTION('ref_axis',(-0.707106781186547,0.707106781186548,-7.85046229341883E-16));
#4070=DIRECTION('center_axis',(-1.,0.,0.));
#4071=DIRECTION('ref_axis',(0.,0.707106781186546,0.707106781186549));
#4072=DIRECTION('',(1.,0.,0.));
#4073=DIRECTION('center_axis',(-0.707106781186548,0.707106781186547,-3.14018491736753E-15));
#4074=DIRECTION('ref_axis',(0.707106781186547,0.707106781186548,-3.14018491736753E-15));
#4075=DIRECTION('center_axis',(0.,1.,0.));
#4076=DIRECTION('ref_axis',(0.707106781186545,0.,0.70710678118655));
#4077=DIRECTION('',(0.,-1.,0.));
#4078=DIRECTION('center_axis',(0.,0.,1.));
#4079=DIRECTION('ref_axis',(1.,0.,0.));
#4080=DIRECTION('center_axis',(0.,1.,0.));
#4081=DIRECTION('ref_axis',(0.,0.,1.));
#4082=DIRECTION('center_axis',(-0.373875576853261,0.,-0.927478869318672));
#4083=DIRECTION('ref_axis',(0.,-1.,0.));
#4084=DIRECTION('center_axis',(0.,1.,0.));
#4085=DIRECTION('ref_axis',(0.842900194946945,0.,-0.538069940954149));
#4086=DIRECTION('center_axis',(0.,1.,0.));
#4087=DIRECTION('ref_axis',(0.,0.,1.));
#4088=DIRECTION('center_axis',(0.,-1.,0.));
#4089=DIRECTION('ref_axis',(-0.604944404242338,0.,0.79626771112226));
#4090=DIRECTION('center_axis',(0.,0.,-1.));
#4091=DIRECTION('ref_axis',(-1.,0.,0.));
#4092=DIRECTION('',(0.,1.,0.));
#4093=DIRECTION('',(0.,1.,0.));
#4094=DIRECTION('center_axis',(0.,-1.,0.));
#4095=DIRECTION('ref_axis',(0.,0.,-1.));
#4096=DIRECTION('center_axis',(0.373875576853261,0.,0.927478869318672));
#4097=DIRECTION('ref_axis',(0.,1.,0.));
#4098=DIRECTION('center_axis',(0.,1.,0.));
#4099=DIRECTION('ref_axis',(-0.604944404242338,0.,0.79626771112226));
#4100=DIRECTION('center_axis',(0.,-1.,0.));
#4101=DIRECTION('ref_axis',(0.,0.,-1.));
#4102=DIRECTION('center_axis',(0.,-1.,0.));
#4103=DIRECTION('ref_axis',(0.842900194946945,0.,-0.538069940954149));
#4104=DIRECTION('center_axis',(0.,1.,0.));
#4105=DIRECTION('ref_axis',(0.,0.,1.));
#4106=DIRECTION('center_axis',(0.373895978917219,0.,-0.92747064479127));
#4107=DIRECTION('ref_axis',(0.,-1.,0.));
#4108=DIRECTION('center_axis',(0.,-1.,0.));
#4109=DIRECTION('ref_axis',(-0.604926888250237,0.,-0.796281018153695));
#4110=DIRECTION('center_axis',(0.,1.,0.));
#4111=DIRECTION('ref_axis',(0.,0.,1.));
#4112=DIRECTION('center_axis',(0.89205691104569,0.,-0.451923076923078));
#4113=DIRECTION('ref_axis',(0.,-1.,0.));
#4114=DIRECTION('center_axis',(0.,1.,0.));
#4115=DIRECTION('ref_axis',(0.736752636759652,0.,0.67616237120066));
#4116=DIRECTION('center_axis',(0.,1.,0.));
#4117=DIRECTION('ref_axis',(0.,0.,1.));
#4118=DIRECTION('center_axis',(0.,0.,-1.));
#4119=DIRECTION('ref_axis',(0.,-1.,0.));
#4120=DIRECTION('center_axis',(0.,-1.,0.));
#4121=DIRECTION('ref_axis',(-0.852033766033681,0.,-0.523486830339085));
#4122=DIRECTION('center_axis',(0.,0.,-1.));
#4123=DIRECTION('ref_axis',(-0.707106781186547,-0.707106781186548,0.));
#4124=DIRECTION('',(0.,0.,-1.));
#4125=DIRECTION('center_axis',(-0.805197153021929,-0.55317641319743,-0.213666564177474));
#4126=DIRECTION('ref_axis',(0.593007204648799,-0.751114100357761,-0.290120773951761));
#4127=DIRECTION('center_axis',(0.,-1.,0.));
#4128=DIRECTION('ref_axis',(0.78950349136881,0.,0.61374606892139));
#4129=DIRECTION('center_axis',(0.613746068921388,0.,-0.789503491368811));
#4130=DIRECTION('ref_axis',(0.,-1.,0.));
#4131=DIRECTION('center_axis',(1.,-2.22044604925031E-15,0.));
#4132=DIRECTION('ref_axis',(0.,0.,-1.));
#4133=DIRECTION('center_axis',(0.,1.,0.));
#4134=DIRECTION('ref_axis',(0.,0.,1.));
#4135=DIRECTION('center_axis',(-0.375009937194055,0.,-0.927020791032062));
#4136=DIRECTION('ref_axis',(0.927020791032062,0.,-0.375009937194055));
#4137=DIRECTION('center_axis',(1.,0.,6.97220059464602E-13));
#4138=DIRECTION('ref_axis',(0.,-1.,0.));
#4139=DIRECTION('center_axis',(0.,-1.,0.));
#4140=DIRECTION('ref_axis',(0.559012550309288,0.,-0.829159193759983));
#4141=DIRECTION('center_axis',(1.,0.,6.96127713432286E-13));
#4142=DIRECTION('ref_axis',(4.93009032026706E-13,-0.707106781186548,-0.707106781186547));
#4143=DIRECTION('center_axis',(1.,0.,6.97220059464599E-13));
#4144=DIRECTION('ref_axis',(0.,-1.,0.));
#4145=DIRECTION('',(1.,0.,6.96127713432286E-13));
#4146=DIRECTION('center_axis',(0.,1.,0.));
#4147=DIRECTION('ref_axis',(0.,0.,1.));
#4148=DIRECTION('center_axis',(-1.,0.,-2.84217094304041E-13));
#4149=DIRECTION('ref_axis',(0.,-1.,0.));
#4150=DIRECTION('center_axis',(0.,1.,0.));
#4151=DIRECTION('ref_axis',(-1.,0.,-1.41786921041648E-13));
#4152=DIRECTION('center_axis',(1.,0.,-4.01758559326072E-13));
#4153=DIRECTION('ref_axis',(2.8261664256308E-13,-0.707106781186548,0.707106781186547));
#4154=DIRECTION('center_axis',(-1.,0.,3.99680288865056E-13));
#4155=DIRECTION('ref_axis',(0.,-1.,0.));
#4156=DIRECTION('',(-1.,0.,4.01758559326072E-13));
#4157=DIRECTION('center_axis',(0.,1.,0.));
#4158=DIRECTION('ref_axis',(0.,0.,1.));
#4159=DIRECTION('center_axis',(-0.374990062805964,0.,0.927028830617894));
#4160=DIRECTION('ref_axis',(0.,-1.,0.));
#4161=DIRECTION('center_axis',(0.,-1.,0.));
#4162=DIRECTION('ref_axis',(0.559021438405723,0.,0.82915320140659));
#4163=DIRECTION('center_axis',(0.,1.,0.));
#4164=DIRECTION('ref_axis',(0.,0.,1.));
#4165=DIRECTION('center_axis',(0.,1.,0.));
#4166=DIRECTION('ref_axis',(-0.842576683993759,0.,-0.538576393457865));
#4167=DIRECTION('center_axis',(0.221716288670951,-0.872165987567952,0.436082993783979));
#4168=DIRECTION('ref_axis',(-0.395276832429765,-0.489210067485961,-0.777450793050385));
#4169=DIRECTION('center_axis',(0.,-1.,0.));
#4170=DIRECTION('ref_axis',(0.,0.,-1.));
#4171=DIRECTION('center_axis',(-1.,0.,-4.44089209850062E-15));
#4172=DIRECTION('ref_axis',(0.,-1.,0.));
#4173=DIRECTION('center_axis',(0.589196226164535,-4.41065502319395E-15,
-0.807989979562537));
#4174=DIRECTION('ref_axis',(-0.807989979562537,0.,-0.589196226164535));
#4175=DIRECTION('center_axis',(-1.,0.,0.));
#4176=DIRECTION('ref_axis',(0.,-0.707106781186547,-0.707106781186548));
#4177=DIRECTION('',(1.,0.,0.));
#4178=DIRECTION('center_axis',(-0.805197153021932,0.553176413197429,-0.213666564177465));
#4179=DIRECTION('ref_axis',(0.593007204648794,0.75111410035777,-0.29012077395175));
#4180=DIRECTION('center_axis',(0.613746068921392,2.08383494361306E-14,-0.789503491368808));
#4181=DIRECTION('ref_axis',(0.789503491368808,0.,0.613746068921392));
#4182=DIRECTION('center_axis',(0.,1.,0.));
#4183=DIRECTION('ref_axis',(0.,0.,-1.));
#4184=DIRECTION('center_axis',(1.,0.,2.22044604925031E-15));
#4185=DIRECTION('ref_axis',(0.,1.,0.));
#4186=DIRECTION('center_axis',(0.,1.,0.));
#4187=DIRECTION('ref_axis',(0.898261117081606,0.,-0.439462132087971));
#4188=DIRECTION('',(0.,-1.,0.));
#4189=DIRECTION('',(0.,1.,0.));
#4190=DIRECTION('center_axis',(0.,1.,0.));
#4191=DIRECTION('ref_axis',(0.,0.,1.));
#4192=DIRECTION('center_axis',(0.,-1.,0.));
#4193=DIRECTION('ref_axis',(-0.881674087009762,0.,-0.471858881759688));
#4194=DIRECTION('center_axis',(-0.221716288670951,-0.872165987567953,-0.436082993783977));
#4195=DIRECTION('ref_axis',(-0.395276832429769,0.489210067485957,-0.777450793050386));
#4196=DIRECTION('center_axis',(-1.,-4.44089209850062E-15,0.));
#4197=DIRECTION('ref_axis',(0.,0.,-1.));
#4198=DIRECTION('center_axis',(0.,1.,0.));
#4199=DIRECTION('ref_axis',(-0.807989979562538,0.,-0.589196226164535));
#4200=DIRECTION('center_axis',(0.589196226164539,0.,-0.807989979562535));
#4201=DIRECTION('ref_axis',(0.,1.,0.));
#4202=DIRECTION('center_axis',(0.,1.,0.));
#4203=DIRECTION('ref_axis',(-0.453212849462296,0.,-0.891402329524815));
#4204=DIRECTION('',(0.,-1.,0.));
#4205=DIRECTION('',(0.,1.,0.));
#4206=DIRECTION('center_axis',(1.,0.,-6.69963510428014E-12));
#4207=DIRECTION('ref_axis',(-4.73853904030763E-12,-0.707106781186547,-0.707106781186548));
#4208=DIRECTION('center_axis',(1.,0.,-6.69686528453895E-12));
#4209=DIRECTION('ref_axis',(0.,-1.,0.));
#4210=DIRECTION('',(1.,0.,-6.69963510428014E-12));
#4211=DIRECTION('center_axis',(0.,1.,0.));
#4212=DIRECTION('ref_axis',(0.,0.,1.));
#4213=DIRECTION('center_axis',(-1.,0.,3.99680288865056E-13));
#4214=DIRECTION('ref_axis',(0.,-1.,0.));
#4215=DIRECTION('center_axis',(0.,-1.,0.));
#4216=DIRECTION('ref_axis',(-1.,0.,1.99273589006843E-13));
#4217=DIRECTION('center_axis',(1.,0.,-5.69855367669007E-14));
#4218=DIRECTION('ref_axis',(4.08224039257781E-14,-0.707106781186547,0.707106781186548));
#4219=DIRECTION('',(-1.,0.,5.69855367669007E-14));
#4220=DIRECTION('center_axis',(0.,1.,0.));
#4221=DIRECTION('ref_axis',(0.,0.,1.));
#4222=DIRECTION('center_axis',(0.,1.,0.));
#4223=DIRECTION('ref_axis',(0.857969178415583,0.,-0.513701166914082));
#4224=DIRECTION('center_axis',(-0.881479536256804,0.,-0.472222222222218));
#4225=DIRECTION('ref_axis',(0.,-1.,0.));
#4226=DIRECTION('center_axis',(0.,1.,0.));
#4227=DIRECTION('ref_axis',(0.,0.,1.));
#4228=DIRECTION('center_axis',(0.,-1.,0.));
#4229=DIRECTION('ref_axis',(-0.753473663910561,0.,0.657478089211492));
#4230=DIRECTION('center_axis',(0.,-1.,0.));
#4231=DIRECTION('ref_axis',(0.,0.,-1.));
#4232=DIRECTION('center_axis',(-0.881479536256802,-3.91455550755282E-15,
-0.472222222222222));
#4233=DIRECTION('ref_axis',(-0.472222222222222,0.,0.881479536256802));
#4234=DIRECTION('center_axis',(0.,-1.,0.));
#4235=DIRECTION('ref_axis',(0.857969178415583,0.,-0.513701166914082));
#4236=DIRECTION('center_axis',(0.,0.,1.));
#4237=DIRECTION('ref_axis',(0.,1.,0.));
#4238=DIRECTION('center_axis',(0.,1.,0.));
#4239=DIRECTION('ref_axis',(0.857969178415584,0.,-0.513701166914081));
#4240=DIRECTION('',(0.,-1.,0.));
#4241=DIRECTION('center_axis',(0.,-1.,0.));
#4242=DIRECTION('ref_axis',(0.,0.,-1.));
#4243=DIRECTION('center_axis',(1.,0.,-3.5615954629975E-12));
#4244=DIRECTION('ref_axis',(-3.5615954629975E-12,0.,-1.));
#4245=DIRECTION('center_axis',(0.,-1.,0.));
#4246=DIRECTION('ref_axis',(-0.569279588522113,0.,0.822143995959403));
#4247=DIRECTION('center_axis',(-0.351841500180852,0.,-0.936059591452642));
#4248=DIRECTION('ref_axis',(0.,1.,0.));
#4249=DIRECTION('center_axis',(0.,1.,0.));
#4250=DIRECTION('ref_axis',(0.,0.,1.));
#4251=DIRECTION('center_axis',(0.,1.,0.));
#4252=DIRECTION('ref_axis',(-0.569279588522114,0.,0.822143995959402));
#4253=DIRECTION('center_axis',(1.,0.,-3.5615954629975E-12));
#4254=DIRECTION('ref_axis',(0.,-1.,0.));
#4255=DIRECTION('center_axis',(-0.351841500180854,0.,-0.936059591452642));
#4256=DIRECTION('ref_axis',(0.936059591452642,0.,-0.351841500180854));
#4257=DIRECTION('center_axis',(0.,1.,0.));
#4258=DIRECTION('ref_axis',(0.,0.,1.));
#4259=DIRECTION('center_axis',(0.,-1.,0.));
#4260=DIRECTION('ref_axis',(0.753473647137543,0.,0.657478108433467));
#4261=DIRECTION('center_axis',(-1.,0.,3.56454286769355E-12));
#4262=DIRECTION('ref_axis',(-2.51842830372878E-12,-0.707106781186548,-0.707106781186547));
#4263=DIRECTION('center_axis',(-1.,0.,3.5615954629975E-12));
#4264=DIRECTION('ref_axis',(-3.5615954629975E-12,0.,-1.));
#4265=DIRECTION('',(1.,0.,-3.56454286769355E-12));
#4266=DIRECTION('center_axis',(0.,1.,0.));
#4267=DIRECTION('ref_axis',(0.,0.,1.));
#4268=DIRECTION('center_axis',(1.,0.,3.59712259978551E-13));
#4269=DIRECTION('ref_axis',(-3.59712259978551E-13,0.,1.));
#4270=DIRECTION('center_axis',(0.,-1.,0.));
#4271=DIRECTION('ref_axis',(1.,0.,2.71449529520851E-13));
#4272=DIRECTION('center_axis',(-1.,0.,2.3139576393077E-13));
#4273=DIRECTION('ref_axis',(1.63289615703113E-13,-0.707106781186548,0.707106781186547));
#4274=DIRECTION('',(-1.,0.,2.3139576393077E-13));
#4275=DIRECTION('center_axis',(0.,1.,0.));
#4276=DIRECTION('ref_axis',(0.,0.,1.));
#4277=DIRECTION('center_axis',(0.,-1.,0.));
#4278=DIRECTION('ref_axis',(0.881674099047512,0.,-0.471858859267003));
#4279=DIRECTION('center_axis',(0.,1.,0.));
#4280=DIRECTION('ref_axis',(-0.569279588522112,0.,0.822143995959403));
#4281=DIRECTION('',(0.,-1.,0.));
#4282=DIRECTION('',(0.,1.,0.));
#4283=DIRECTION('center_axis',(0.,1.,0.));
#4284=DIRECTION('ref_axis',(0.,0.,1.));
#4285=DIRECTION('center_axis',(0.,1.,0.));
#4286=DIRECTION('ref_axis',(0.881674099047512,0.,-0.471858859267003));
#4287=DIRECTION('center_axis',(1.,0.,-2.3139576393077E-13));
#4288=DIRECTION('ref_axis',(1.63289615703112E-13,0.70710678118655,0.707106781186545));
#4289=DIRECTION('',(1.,0.,-2.3139576393077E-13));
#4290=DIRECTION('center_axis',(-1.,0.,2.30926389122033E-13));
#4291=DIRECTION('ref_axis',(2.30926389122033E-13,0.,1.));
#4292=DIRECTION('center_axis',(0.,1.,0.));
#4293=DIRECTION('ref_axis',(0.,0.,1.));
#4294=DIRECTION('center_axis',(1.,0.,1.86517468137026E-13));
#4295=DIRECTION('ref_axis',(1.86517468137026E-13,0.,-1.));
#4296=DIRECTION('center_axis',(0.,1.,0.));
#4297=DIRECTION('ref_axis',(1.,0.,2.71449529520851E-13));
#4298=DIRECTION('center_axis',(-1.,0.,3.56454286769355E-12));
#4299=DIRECTION('ref_axis',(-2.51842830372877E-12,0.70710678118655,-0.707106781186545));
#4300=DIRECTION('',(-1.,0.,3.56454286769355E-12));
#4301=DIRECTION('center_axis',(0.,1.,0.));
#4302=DIRECTION('ref_axis',(0.,0.,1.));
#4303=DIRECTION('center_axis',(0.,1.,0.));
#4304=DIRECTION('ref_axis',(0.753473647137543,0.,0.657478108433467));
#4305=DIRECTION('center_axis',(0.,0.,1.));
#4306=DIRECTION('ref_axis',(-0.707106781186546,0.707106781186549,0.));
#4307=DIRECTION('center_axis',(0.,1.,0.));
#4308=DIRECTION('ref_axis',(0.,0.,1.));
#4309=DIRECTION('center_axis',(0.,1.,0.));
#4310=DIRECTION('ref_axis',(-0.753473663910561,0.,0.657478089211492));
#4311=DIRECTION('center_axis',(-1.,0.,6.69963510428014E-12));
#4312=DIRECTION('ref_axis',(-4.73853904030762E-12,0.707106781186549,-0.707106781186546));
#4313=DIRECTION('',(-1.,0.,6.69963510428014E-12));
#4314=DIRECTION('center_axis',(1.,0.,-6.69686528453895E-12));
#4315=DIRECTION('ref_axis',(-6.69686528453895E-12,0.,-1.));
#4316=DIRECTION('center_axis',(0.,1.,0.));
#4317=DIRECTION('ref_axis',(0.,0.,1.));
#4318=DIRECTION('center_axis',(-1.,0.,3.99680288865056E-13));
#4319=DIRECTION('ref_axis',(3.99680288865056E-13,0.,1.));
#4320=DIRECTION('center_axis',(0.,1.,0.));
#4321=DIRECTION('ref_axis',(-1.,0.,1.99273589006843E-13));
#4322=DIRECTION('center_axis',(1.,0.,-5.69855367669007E-14));
#4323=DIRECTION('ref_axis',(4.0822403925778E-14,0.707106781186549,0.707106781186546));
#4324=DIRECTION('',(1.,0.,-5.69855367669007E-14));
#4325=DIRECTION('center_axis',(0.,1.,0.));
#4326=DIRECTION('ref_axis',(0.,0.,1.));
#4327=DIRECTION('center_axis',(0.,1.,0.));
#4328=DIRECTION('ref_axis',(-0.881674087009762,0.,-0.471858881759688));
#4329=DIRECTION('center_axis',(-1.,0.,0.));
#4330=DIRECTION('ref_axis',(0.,0.707106781186549,-0.707106781186546));
#4331=DIRECTION('',(-1.,0.,0.));
#4332=DIRECTION('center_axis',(0.,-1.,0.));
#4333=DIRECTION('ref_axis',(0.,0.,-1.));
#4334=DIRECTION('center_axis',(0.374990062805959,0.,-0.927028830617896));
#4335=DIRECTION('ref_axis',(0.,1.,0.));
#4336=DIRECTION('center_axis',(0.,-1.,0.));
#4337=DIRECTION('ref_axis',(-0.842576683993759,0.,-0.538576393457865));
#4338=DIRECTION('center_axis',(0.,-1.,0.));
#4339=DIRECTION('ref_axis',(0.,0.,-1.));
#4340=DIRECTION('center_axis',(1.,0.,-3.99680288865058E-13));
#4341=DIRECTION('ref_axis',(0.,1.,0.));
#4342=DIRECTION('center_axis',(0.,1.,0.));
#4343=DIRECTION('ref_axis',(0.559021438405723,0.,0.82915320140659));
#4344=DIRECTION('center_axis',(1.,0.,-4.01758559326072E-13));
#4345=DIRECTION('ref_axis',(2.82616642563079E-13,0.70710678118655,0.707106781186545));
#4346=DIRECTION('center_axis',(1.,0.,-3.99680288865056E-13));
#4347=DIRECTION('ref_axis',(0.,1.,0.));
#4348=DIRECTION('',(1.,0.,-4.01758559326072E-13));
#4349=DIRECTION('center_axis',(0.,-1.,0.));
#4350=DIRECTION('ref_axis',(0.,0.,-1.));
#4351=DIRECTION('center_axis',(-1.,0.,-4.44089209850064E-15));
#4352=DIRECTION('ref_axis',(0.,1.,0.));
#4353=DIRECTION('center_axis',(0.,-1.,0.));
#4354=DIRECTION('ref_axis',(-1.,0.,-1.41786921041648E-13));
#4355=DIRECTION('center_axis',(-1.,0.,-6.96127713432286E-13));
#4356=DIRECTION('ref_axis',(4.93009032026704E-13,0.70710678118655,-0.707106781186545));
#4357=DIRECTION('center_axis',(-1.,0.,-6.97220059464599E-13));
#4358=DIRECTION('ref_axis',(0.,1.,0.));
#4359=DIRECTION('',(-1.,0.,-6.96127713432286E-13));
#4360=DIRECTION('center_axis',(0.,-1.,0.));
#4361=DIRECTION('ref_axis',(0.,0.,-1.));
#4362=DIRECTION('center_axis',(-0.375009937194055,0.,-0.927020791032062));
#4363=DIRECTION('ref_axis',(0.,1.,0.));
#4364=DIRECTION('center_axis',(0.,1.,0.));
#4365=DIRECTION('ref_axis',(0.559012550309288,0.,-0.829159193759983));
#4366=DIRECTION('center_axis',(0.,-1.,0.));
#4367=DIRECTION('ref_axis',(0.,0.,-1.));
#4368=DIRECTION('center_axis',(-0.89205691104569,0.,-0.451923076923078));
#4369=DIRECTION('ref_axis',(0.,1.,0.));
#4370=DIRECTION('center_axis',(0.,-1.,0.));
#4371=DIRECTION('ref_axis',(-0.736346345842127,0.,0.676604802646971));
#4372=DIRECTION('center_axis',(0.,-1.,0.));
#4373=DIRECTION('ref_axis',(0.,0.,-1.));
#4374=DIRECTION('center_axis',(0.,0.,-1.));
#4375=DIRECTION('ref_axis',(0.,1.,0.));
#4376=DIRECTION('center_axis',(0.,1.,0.));
#4377=DIRECTION('ref_axis',(0.852033766033682,0.,-0.523486830339084));
#4378=DIRECTION('center_axis',(0.,0.,-1.));
#4379=DIRECTION('ref_axis',(0.707106781186545,0.70710678118655,0.));
#4380=DIRECTION('center_axis',(0.,0.,-1.));
#4381=DIRECTION('ref_axis',(0.,1.,0.));
#4382=DIRECTION('',(0.,0.,-1.));
#4383=DIRECTION('center_axis',(0.,1.,0.));
#4384=DIRECTION('ref_axis',(0.,0.,1.));
#4385=DIRECTION('center_axis',(-1.,0.,0.));
#4386=DIRECTION('ref_axis',(0.,1.,0.));
#4387=DIRECTION('center_axis',(0.,-1.,0.));
#4388=DIRECTION('ref_axis',(-0.707106781186547,0.,0.707106781186548));
#4389=DIRECTION('center_axis',(-1.,0.,0.));
#4390=DIRECTION('ref_axis',(0.,0.707106781186548,-0.707106781186548));
#4391=DIRECTION('center_axis',(-1.,0.,0.));
#4392=DIRECTION('ref_axis',(0.,1.,0.));
#4393=DIRECTION('center_axis',(0.,1.,0.));
#4394=DIRECTION('ref_axis',(0.,0.,1.));
#4395=DIRECTION('center_axis',(0.,0.,1.));
#4396=DIRECTION('ref_axis',(0.,1.,0.));
#4397=DIRECTION('center_axis',(0.,-1.,0.));
#4398=DIRECTION('ref_axis',(0.707106781186547,0.,0.707106781186548));
#4399=DIRECTION('center_axis',(0.,0.,1.));
#4400=DIRECTION('ref_axis',(-0.707106781186545,0.70710678118655,0.));
#4401=DIRECTION('center_axis',(0.,0.,1.));
#4402=DIRECTION('ref_axis',(0.,1.,0.));
#4403=DIRECTION('',(0.,0.,1.));
#4404=DIRECTION('center_axis',(0.,-1.,0.));
#4405=DIRECTION('ref_axis',(0.,0.,-1.));
#4406=DIRECTION('center_axis',(-0.89205691104569,0.,0.451923076923078));
#4407=DIRECTION('ref_axis',(0.,1.,0.));
#4408=DIRECTION('center_axis',(0.,1.,0.));
#4409=DIRECTION('ref_axis',(-0.852033766033681,0.,-0.523486830339085));
#4410=DIRECTION('center_axis',(0.,-1.,0.));
#4411=DIRECTION('ref_axis',(0.,0.,-1.));
#4412=DIRECTION('center_axis',(-0.373895978917218,0.,0.927470644791271));
#4413=DIRECTION('ref_axis',(0.,1.,0.));
#4414=DIRECTION('center_axis',(0.,-1.,0.));
#4415=DIRECTION('ref_axis',(0.736752636759652,0.,0.67616237120066));
#4416=DIRECTION('center_axis',(0.,-1.,0.));
#4417=DIRECTION('ref_axis',(0.,0.,-1.));
#4418=DIRECTION('center_axis',(0.,1.,0.));
#4419=DIRECTION('ref_axis',(-0.604926888250237,0.,-0.796281018153695));
#4420=DIRECTION('center_axis',(0.,1.,0.));
#4421=DIRECTION('ref_axis',(0.,0.,1.));
#4422=DIRECTION('center_axis',(-0.89205691104569,0.,-0.451923076923078));
#4423=DIRECTION('ref_axis',(0.451923076923078,0.,-0.89205691104569));
#4424=DIRECTION('center_axis',(0.,1.,0.));
#4425=DIRECTION('ref_axis',(-0.736346345842127,0.,0.676604802646971));
#4426=DIRECTION('center_axis',(0.,1.,0.));
#4427=DIRECTION('ref_axis',(0.,0.,1.));
#4428=DIRECTION('center_axis',(0.,0.,-1.));
#4429=DIRECTION('ref_axis',(1.,0.,0.));
#4430=DIRECTION('center_axis',(0.,-1.,0.));
#4431=DIRECTION('ref_axis',(0.852033766033682,0.,-0.523486830339084));
#4432=DIRECTION('center_axis',(0.,0.,-1.));
#4433=DIRECTION('ref_axis',(0.707106781186547,-0.707106781186548,0.));
#4434=DIRECTION('',(0.,0.,1.));
#4435=DIRECTION('center_axis',(0.,1.,0.));
#4436=DIRECTION('ref_axis',(1.,0.,0.));
#4437=DIRECTION('',(0.,1.,0.));
#4438=DIRECTION('center_axis',(2.3139576393077E-13,0.,1.));
#4439=DIRECTION('ref_axis',(1.,0.,-2.3139576393077E-13));
#4440=DIRECTION('',(0.,1.,0.));
#4441=DIRECTION('',(0.,1.,0.));
#4442=DIRECTION('center_axis',(0.,1.,0.));
#4443=DIRECTION('ref_axis',(1.,0.,0.));
#4444=DIRECTION('center_axis',(0.,1.,0.));
#4445=DIRECTION('ref_axis',(1.,0.,0.));
#4446=DIRECTION('',(0.,1.,0.));
#4447=DIRECTION('center_axis',(0.,1.,0.));
#4448=DIRECTION('ref_axis',(0.559021438405724,0.,0.829153201406589));
#4449=DIRECTION('',(0.,-1.,0.));
#4450=DIRECTION('center_axis',(4.01758559326072E-13,0.,1.));
#4451=DIRECTION('ref_axis',(1.,0.,-4.01758559326072E-13));
#4452=DIRECTION('',(0.,1.,0.));
#4453=DIRECTION('center_axis',(0.,1.,0.));
#4454=DIRECTION('ref_axis',(-1.,0.,-1.41786922622085E-13));
#4455=DIRECTION('',(0.,1.,0.));
#4456=DIRECTION('center_axis',(6.96127713432286E-13,0.,-1.));
#4457=DIRECTION('ref_axis',(-1.,0.,-6.96127713432286E-13));
#4458=DIRECTION('',(0.,1.,0.));
#4459=DIRECTION('center_axis',(0.,1.,0.));
#4460=DIRECTION('ref_axis',(0.559012550309288,0.,-0.829159193759983));
#4461=DIRECTION('',(0.,-1.,0.));
#4462=DIRECTION('center_axis',(0.,1.,0.));
#4463=DIRECTION('ref_axis',(1.,0.,0.));
#4464=DIRECTION('',(0.,1.,0.));
#4465=DIRECTION('center_axis',(0.,1.,0.));
#4466=DIRECTION('ref_axis',(0.852033766033682,0.,-0.523486830339084));
#4467=DIRECTION('',(0.,-1.,0.));
#4468=DIRECTION('center_axis',(1.,0.,0.));
#4469=DIRECTION('ref_axis',(0.,0.,-1.));
#4470=DIRECTION('',(0.,1.,0.));
#4471=DIRECTION('center_axis',(0.,1.,0.));
#4472=DIRECTION('ref_axis',(-0.707106781186548,0.,0.707106781186547));
#4473=DIRECTION('center_axis',(0.,1.,0.));
#4474=DIRECTION('ref_axis',(0.707106781186548,0.,0.707106781186547));
#4475=DIRECTION('',(0.,-1.,0.));
#4476=DIRECTION('center_axis',(-1.,0.,0.));
#4477=DIRECTION('ref_axis',(0.,0.,1.));
#4478=DIRECTION('',(0.,1.,0.));
#4479=DIRECTION('center_axis',(0.,1.,0.));
#4480=DIRECTION('ref_axis',(-0.852033766033681,0.,-0.523486830339085));
#4481=DIRECTION('',(0.,-1.,0.));
#4482=DIRECTION('center_axis',(0.,1.,0.));
#4483=DIRECTION('ref_axis',(1.,0.,0.));
#4484=DIRECTION('',(0.,1.,0.));
#4485=DIRECTION('center_axis',(0.,-1.,0.));
#4486=DIRECTION('ref_axis',(-0.92747064479127,0.,-0.37389597891722));
#4487=DIRECTION('',(0.,1.,0.));
#4488=DIRECTION('center_axis',(0.,0.,-1.));
#4489=DIRECTION('ref_axis',(-1.,0.,0.));
#4490=DIRECTION('center_axis',(0.,1.,0.));
#4491=DIRECTION('ref_axis',(-0.927478869318672,0.,0.373875576853261));
#4492=DIRECTION('',(0.,-1.,0.));
#4493=DIRECTION('center_axis',(0.,-1.,0.));
#4494=DIRECTION('ref_axis',(1.,0.,0.));
#4495=DIRECTION('',(0.,1.,0.));
#4496=DIRECTION('center_axis',(5.69855367669007E-14,0.,1.));
#4497=DIRECTION('ref_axis',(1.,0.,-5.69855367669007E-14));
#4498=DIRECTION('',(0.,1.,0.));
#4499=DIRECTION('center_axis',(0.,1.,0.));
#4500=DIRECTION('ref_axis',(-1.,0.,1.98829501332913E-13));
#4501=DIRECTION('',(0.,1.,0.));
#4502=DIRECTION('center_axis',(-6.69963510428014E-12,0.,-1.));
#4503=DIRECTION('ref_axis',(-1.,0.,6.69963510428014E-12));
#4504=DIRECTION('',(0.,1.,0.));
#4505=DIRECTION('center_axis',(0.,1.,0.));
#4506=DIRECTION('ref_axis',(1.,0.,0.));
#4507=DIRECTION('center_axis',(0.,1.,0.));
#4508=DIRECTION('ref_axis',(1.,0.,0.));
#4509=DIRECTION('',(0.,1.,0.));
#4510=DIRECTION('center_axis',(0.,1.,0.));
#4511=DIRECTION('ref_axis',(1.,0.,0.));
#4512=DIRECTION('center_axis',(0.,1.,0.));
#4513=DIRECTION('ref_axis',(1.,0.,0.));
#4514=DIRECTION('center_axis',(0.,1.,0.));
#4515=DIRECTION('ref_axis',(1.,0.,0.));
#4516=DIRECTION('center_axis',(-3.56454286769355E-12,0.,-1.));
#4517=DIRECTION('ref_axis',(-1.,0.,3.56454286769355E-12));
#4518=DIRECTION('',(0.,1.,0.));
#4519=DIRECTION('center_axis',(0.,1.,0.));
#4520=DIRECTION('ref_axis',(1.,0.,0.));
#4521=CARTESIAN_POINT('',(0.,0.,0.));
#4522=CARTESIAN_POINT('Ctrl Pts',(-11.4036426673187,-54.5478522992939,27.0240243188992));
#4523=CARTESIAN_POINT('Ctrl Pts',(-11.3949562324373,-54.5656403734583,27.0109146969966));
#4524=CARTESIAN_POINT('Ctrl Pts',(-11.3772777592042,-54.6021637617763,26.9847527061529));
#4525=CARTESIAN_POINT('Ctrl Pts',(-11.3497521684781,-54.6603032235125,26.9454255615499));
#4526=CARTESIAN_POINT('Ctrl Pts',(-11.3211144187144,-54.7223893509112,26.9057434691314));
#4527=CARTESIAN_POINT('Ctrl Pts',(-11.2912425690335,-54.789110341634,26.8654148817321));
#4528=CARTESIAN_POINT('Ctrl Pts',(-11.2600109250892,-54.8612686824875,26.8241224830716));
#4529=CARTESIAN_POINT('Ctrl Pts',(-11.2272288804947,-54.9397997968388,26.7815089740476));
#4530=CARTESIAN_POINT('Ctrl Pts',(-11.1925783551612,-55.0257824687526,26.7371687330596));
#4531=CARTESIAN_POINT('Ctrl Pts',(-11.1557065420238,-55.1204408397487,26.6906455875276));
#4532=CARTESIAN_POINT('Ctrl Pts',(-11.1162167138309,-55.225111316639,26.6414410735928));
#4533=CARTESIAN_POINT('Ctrl Pts',(-11.0737075794844,-55.3411505412075,26.5890427604587));
#4534=CARTESIAN_POINT('Ctrl Pts',(-11.0278577744794,-55.4697421303439,26.5329872497941));
#4535=CARTESIAN_POINT('Ctrl Pts',(-10.9784562098491,-55.6116220187334,26.4729405244215));
#4536=CARTESIAN_POINT('Ctrl Pts',(-10.9254663953995,-55.7666614469667,26.4088243672415));
#4537=CARTESIAN_POINT('Ctrl Pts',(-10.8693281773017,-55.9334391899759,26.3409512857744));
#4538=CARTESIAN_POINT('Ctrl Pts',(-10.8107816426027,-56.1089939478229,26.270049619988));
#4539=CARTESIAN_POINT('Ctrl Pts',(-10.7507092170578,-56.2890855103777,26.1971218665592));
#4540=CARTESIAN_POINT('Ctrl Pts',(-10.688554965678,-56.4687883241232,26.1232828562481));
#4541=CARTESIAN_POINT('Ctrl Pts',(-10.622564160936,-56.6443259974421,26.0491153910316));
#4542=CARTESIAN_POINT('Ctrl Pts',(-10.5518848087517,-56.8151370852184,25.9739566764752));
#4543=CARTESIAN_POINT('Ctrl Pts',(-10.5008247098388,-56.9280594383128,25.9218814822096));
#4544=CARTESIAN_POINT('Ctrl Pts',(-10.4737367300928,-56.9853420799595,25.8949452563352));
#4545=CARTESIAN_POINT('Ctrl Pts',(-11.3437012709257,-54.3577544045549,27.0035304972497));
#4546=CARTESIAN_POINT('Ctrl Pts',(-11.3350846386027,-54.3796592808638,26.9908511676586));
#4547=CARTESIAN_POINT('Ctrl Pts',(-11.3175835960747,-54.4240967869529,26.9655368420185));
#4548=CARTESIAN_POINT('Ctrl Pts',(-11.2904240411193,-54.4933366516505,26.9274296275709));
#4549=CARTESIAN_POINT('Ctrl Pts',(-11.2622410615147,-54.5659184151653,26.8889040772822));
#4550=CARTESIAN_POINT('Ctrl Pts',(-11.2329056172977,-54.6426769386493,26.8496600653827));
#4551=CARTESIAN_POINT('Ctrl Pts',(-11.2022863948859,-54.7245465249984,26.8093667594714));
#4552=CARTESIAN_POINT('Ctrl Pts',(-11.1701590504456,-54.8125791476256,26.7676388763115));
#4553=CARTESIAN_POINT('Ctrl Pts',(-11.1361741049407,-54.9079385128931,26.724052596391));
#4554=CARTESIAN_POINT('Ctrl Pts',(-11.0999588105398,-55.0118915222562,26.6781438253467));
#4555=CARTESIAN_POINT('Ctrl Pts',(-11.0611066672142,-55.1257574571416,26.6294219538452));
#4556=CARTESIAN_POINT('Ctrl Pts',(-11.0192275701123,-55.2507913062512,26.5774043349348));
#4557=CARTESIAN_POINT('Ctrl Pts',(-10.974030758267,-55.3879724803038,26.5216810480517));
#4558=CARTESIAN_POINT('Ctrl Pts',(-10.9253360305916,-55.537735403675,26.461985955234));
#4559=CARTESIAN_POINT('Ctrl Pts',(-10.873127664534,-55.6995971799989,26.3983030311817));
#4560=CARTESIAN_POINT('Ctrl Pts',(-10.8178300896815,-55.8718728763253,26.3309397017487));
#4561=CARTESIAN_POINT('Ctrl Pts',(-10.760030672087,-56.051635177682,26.2604667227922));
#4562=CARTESIAN_POINT('Ctrl Pts',(-10.7003177606959,-56.2350406130626,26.1876163058064));
#4563=CARTESIAN_POINT('Ctrl Pts',(-10.6375771894465,-56.4178817945603,26.1131652666586));
#4564=CARTESIAN_POINT('Ctrl Pts',(-10.5695576910072,-56.5972086563848,26.0373881642482));
#4565=CARTESIAN_POINT('Ctrl Pts',(-10.495353744034,-56.7730187359439,25.9594926924121));
#4566=CARTESIAN_POINT('Ctrl Pts',(-10.4410023551324,-56.8900451730633,25.9049643642829));
#4567=CARTESIAN_POINT('Ctrl Pts',(-10.4120160937581,-56.9494773620184,25.8767055504774));
#4568=CARTESIAN_POINT('Ctrl Pts',(-11.205568296443,-54.0660646900589,26.9495867684869));
#4569=CARTESIAN_POINT('Ctrl Pts',(-11.1973549283751,-54.0929998864158,26.938343651039));
#4570=CARTESIAN_POINT('Ctrl Pts',(-11.180692933841,-54.1474967756621,26.9157704265948));
#4571=CARTESIAN_POINT('Ctrl Pts',(-11.1548405594241,-54.2319621515296,26.881374237836));
#4572=CARTESIAN_POINT('Ctrl Pts',(-11.127965586361,-54.3200494197208,26.8461427757659));
#4573=CARTESIAN_POINT('Ctrl Pts',(-11.0998895986103,-54.4127318571144,26.8097481506577));
#4574=CARTESIAN_POINT('Ctrl Pts',(-11.0704544458408,-54.5110567675959,26.7718335269374));
#4575=CARTESIAN_POINT('Ctrl Pts',(-11.0394180982139,-54.61612475606,26.7320255920997));
#4576=CARTESIAN_POINT('Ctrl Pts',(-11.0064211855883,-54.7290605439359,26.6899324438976));
#4577=CARTESIAN_POINT('Ctrl Pts',(-10.9711205204216,-54.8509556741288,26.6451563112119));
#4578=CARTESIAN_POINT('Ctrl Pts',(-10.9331709921765,-54.9827647769652,26.5973158275252));
#4579=CARTESIAN_POINT('Ctrl Pts',(-10.8922965173973,-55.1251354113595,26.5460899430659));
#4580=CARTESIAN_POINT('Ctrl Pts',(-10.8483536978413,-55.2781925473854,26.4912735935353));
#4581=CARTESIAN_POINT('Ctrl Pts',(-10.8012748671917,-55.4413660633128,26.4328037593747));
#4582=CARTESIAN_POINT('Ctrl Pts',(-10.7510678902125,-55.6132662614529,26.3707721059765));
#4583=CARTESIAN_POINT('Ctrl Pts',(-10.6980647928604,-55.7917506991936,26.3054039203819));
#4584=CARTESIAN_POINT('Ctrl Pts',(-10.642630058106,-55.9741387920678,26.2370092745642));
#4585=CARTESIAN_POINT('Ctrl Pts',(-10.5847559323096,-56.157694663752,26.165857511792));
#4586=CARTESIAN_POINT('Ctrl Pts',(-10.5223082964521,-56.3398793161446,26.092208658967));
#4587=CARTESIAN_POINT('Ctrl Pts',(-10.4523798498275,-56.5193546612763,26.0159655350828));
#4588=CARTESIAN_POINT('Ctrl Pts',(-10.3742394808781,-56.6974758284575,25.9361858974923));
#4589=CARTESIAN_POINT('Ctrl Pts',(-10.3156966344402,-56.8186370711455,25.8793518211738));
#4590=CARTESIAN_POINT('Ctrl Pts',(-10.28426294717,-56.880254151878,25.8498917365301));
#4591=CARTESIAN_POINT('Ctrl Pts',(-10.8599273482601,-53.7239064433501,26.8542196564534));
#4592=CARTESIAN_POINT('Ctrl Pts',(-10.8531767924901,-53.762765802923,26.8451949665003));
#4593=CARTESIAN_POINT('Ctrl Pts',(-10.8394231549203,-53.8414462357382,26.8266987692942));
#4594=CARTESIAN_POINT('Ctrl Pts',(-10.8180073335993,-53.9628987574213,26.7974353778721));
#4595=CARTESIAN_POINT('Ctrl Pts',(-10.7958064106788,-54.0882875559068,26.7664684637632));
#4596=CARTESIAN_POINT('Ctrl Pts',(-10.7728320056918,-54.2180563218732,26.7336110887937));
#4597=CARTESIAN_POINT('Ctrl Pts',(-10.7491789182767,-54.3525710874418,26.6986748502107));
#4598=CARTESIAN_POINT('Ctrl Pts',(-10.7246353524324,-54.4920703181195,26.661480503647));
#4599=CARTESIAN_POINT('Ctrl Pts',(-10.6989209692564,-54.6366477047369,26.6218602380413));
#4600=CARTESIAN_POINT('Ctrl Pts',(-10.6717616510883,-54.7862208497455,26.5796639164508));
#4601=CARTESIAN_POINT('Ctrl Pts',(-10.642829296469,-54.940521384737,26.5347561820111));
#4602=CARTESIAN_POINT('Ctrl Pts',(-10.6118929320413,-55.0990191752369,26.4870561498094));
#4603=CARTESIAN_POINT('Ctrl Pts',(-10.5787094429622,-55.2610014292746,26.4365062724404));
#4604=CARTESIAN_POINT('Ctrl Pts',(-10.5428818941743,-55.4256242826347,26.3830650165266));
#4605=CARTESIAN_POINT('Ctrl Pts',(-10.504230757615,-55.5920843506759,26.3266787544011));
#4606=CARTESIAN_POINT('Ctrl Pts',(-10.4626075276122,-55.7597322650766,26.2672695809965));
#4607=CARTESIAN_POINT('Ctrl Pts',(-10.4180075164608,-55.9283037820775,26.204651644565));
#4608=CARTESIAN_POINT('Ctrl Pts',(-10.3690126873235,-56.0976476312245,26.1387072741789));
#4609=CARTESIAN_POINT('Ctrl Pts',(-10.3126532497626,-56.2676668013224,26.069411365018));
#4610=CARTESIAN_POINT('Ctrl Pts',(-10.2461559996324,-56.4394758833016,25.9963930061765));
#4611=CARTESIAN_POINT('Ctrl Pts',(-10.1703250495006,-56.613141478968,25.9196329499357));
#4612=CARTESIAN_POINT('Ctrl Pts',(-10.1138426441502,-56.7287376924193,25.8664725931225));
#4613=CARTESIAN_POINT('Ctrl Pts',(-10.0838487080977,-56.7861872478289,25.839538972914));
#4614=CARTESIAN_POINT('Ctrl Pts',(-10.5062180322994,-53.6944198118732,26.8058954677813));
#4615=CARTESIAN_POINT('Ctrl Pts',(-10.5037329672705,-53.7420723830895,26.7973868443828));
#4616=CARTESIAN_POINT('Ctrl Pts',(-10.4985671511954,-53.8376989684127,26.7797497849901));
#4617=CARTESIAN_POINT('Ctrl Pts',(-10.4902097793723,-53.9822210280852,26.7513600996195));
#4618=CARTESIAN_POINT('Ctrl Pts',(-10.4812218751181,-54.1279252959338,26.7209574894117));
#4619=CARTESIAN_POINT('Ctrl Pts',(-10.4715979052275,-54.2748952367677,26.6884595562852));
#4620=CARTESIAN_POINT('Ctrl Pts',(-10.4612979698793,-54.4231940027484,26.6537826337037));
#4621=CARTESIAN_POINT('Ctrl Pts',(-10.4498595327843,-54.5728401367841,26.6168513546385));
#4622=CARTESIAN_POINT('Ctrl Pts',(-10.4368565632962,-54.7238304957173,26.5775915955598));
#4623=CARTESIAN_POINT('Ctrl Pts',(-10.4218243228021,-54.8761415176037,26.5359297373279));
#4624=CARTESIAN_POINT('Ctrl Pts',(-10.4043355914033,-55.0297016097989,26.4918085788575));
#4625=CARTESIAN_POINT('Ctrl Pts',(-10.3840644473638,-55.1843594710132,26.4452055830539));
#4626=CARTESIAN_POINT('Ctrl Pts',(-10.3606571196092,-55.3399364459627,26.3961062746517));
#4627=CARTESIAN_POINT('Ctrl Pts',(-10.333737692425,-55.4962111894332,26.3445138032024));
#4628=CARTESIAN_POINT('Ctrl Pts',(-10.303356512628,-55.6530003650672,26.2904344548607));
#4629=CARTESIAN_POINT('Ctrl Pts',(-10.2694834921797,-55.8100753260311,26.2338989493004));
#4630=CARTESIAN_POINT('Ctrl Pts',(-10.2323153511831,-55.9672583361645,26.174921660967));
#4631=CARTESIAN_POINT('Ctrl Pts',(-10.1901774759163,-56.1238316303964,26.1137789971799));
#4632=CARTESIAN_POINT('Ctrl Pts',(-10.1409786144144,-56.2790034811953,26.0507820452078));
#4633=CARTESIAN_POINT('Ctrl Pts',(-10.083779566541,-56.4322101154015,25.9861851612784));
#4634=CARTESIAN_POINT('Ctrl Pts',(-10.0196775398285,-56.583301845517,25.920112247891));
#4635=CARTESIAN_POINT('Ctrl Pts',(-9.97232203389223,-56.6823603020786,25.8752578838031));
#4636=CARTESIAN_POINT('Ctrl Pts',(-9.947279584002,-56.7313475281617,25.8526987371316));
#4637=CARTESIAN_POINT('Ctrl Pts',(-10.3378125424141,-53.6705785086423,26.8100993069087));
#4638=CARTESIAN_POINT('Ctrl Pts',(-10.3375045080456,-53.7238206889354,26.8007114528841));
#4639=CARTESIAN_POINT('Ctrl Pts',(-10.3365499543443,-53.8301802276013,26.7812452471233));
#4640=CARTESIAN_POINT('Ctrl Pts',(-10.3341394408949,-53.9893162513315,26.74998067067));
#4641=CARTESIAN_POINT('Ctrl Pts',(-10.3307761131521,-54.1480194995513,26.7166572988148));
#4642=CARTESIAN_POINT('Ctrl Pts',(-10.3265240015889,-54.306262835591,26.6812807391623));
#4643=CARTESIAN_POINT('Ctrl Pts',(-10.3212924445486,-54.464009593253,26.6438600971648));
#4644=CARTESIAN_POINT('Ctrl Pts',(-10.314613335934,-54.6212008620379,26.6044124921544));
#4645=CARTESIAN_POINT('Ctrl Pts',(-10.3060833008265,-54.7777793775979,26.5629547901134));
#4646=CARTESIAN_POINT('Ctrl Pts',(-10.2952655263713,-54.9336943345856,26.5195002096587));
#4647=CARTESIAN_POINT('Ctrl Pts',(-10.2818169842879,-55.088857290309,26.4740823252047));
#4648=CARTESIAN_POINT('Ctrl Pts',(-10.2654683823659,-55.2431535308473,26.4267494201834));
#4649=CARTESIAN_POINT('Ctrl Pts',(-10.2459061412632,-55.3964698163461,26.3775472660924));
#4650=CARTESIAN_POINT('Ctrl Pts',(-10.222938840001,-55.548710329338,26.3265190716571));
#4651=CARTESIAN_POINT('Ctrl Pts',(-10.1966707066649,-55.6998248706074,26.2737014013967));
#4652=CARTESIAN_POINT('Ctrl Pts',(-10.1672126359816,-55.849770306594,26.2191255658999));
#4653=CARTESIAN_POINT('Ctrl Pts',(-10.134485180108,-55.9984501327855,26.1628473378936));
#4654=CARTESIAN_POINT('Ctrl Pts',(-10.0968521767793,-56.1453180525077,26.1051323883577));
#4655=CARTESIAN_POINT('Ctrl Pts',(-10.0525109232459,-56.2898111883171,26.0462439404227));
#4656=CARTESIAN_POINT('Ctrl Pts',(-10.0011025812942,-56.4316226681308,25.9863777505641));
#4657=CARTESIAN_POINT('Ctrl Pts',(-9.94366932246727,-56.5707199313177,25.9256426981134));
#4658=CARTESIAN_POINT('Ctrl Pts',(-9.90133650387573,-56.6614356234636,25.8847268700243));
#4659=CARTESIAN_POINT('Ctrl Pts',(-9.87899470032002,-56.7061925459364,25.8642227703718));
#4660=CARTESIAN_POINT('',(-11.4036426673187,-54.5478522992939,27.0240243188992));
#4661=CARTESIAN_POINT('',(-10.4737367300928,-56.9853420799595,25.8949452563352));
#4662=CARTESIAN_POINT('Ctrl Pts',(-11.4036426673187,-54.5478522992939,27.0240243188992));
#4663=CARTESIAN_POINT('Ctrl Pts',(-11.3949562324373,-54.5656403734583,27.0109146969966));
#4664=CARTESIAN_POINT('Ctrl Pts',(-11.3772777592042,-54.6021637617763,26.9847527061529));
#4665=CARTESIAN_POINT('Ctrl Pts',(-11.3497521684781,-54.6603032235125,26.9454255615499));
#4666=CARTESIAN_POINT('Ctrl Pts',(-11.3211144187144,-54.7223893509112,26.9057434691314));
#4667=CARTESIAN_POINT('Ctrl Pts',(-11.2912425690335,-54.789110341634,26.8654148817321));
#4668=CARTESIAN_POINT('Ctrl Pts',(-11.2600109250892,-54.8612686824875,26.8241224830716));
#4669=CARTESIAN_POINT('Ctrl Pts',(-11.2272288804947,-54.9397997968388,26.7815089740476));
#4670=CARTESIAN_POINT('Ctrl Pts',(-11.1925783551612,-55.0257824687526,26.7371687330596));
#4671=CARTESIAN_POINT('Ctrl Pts',(-11.1557065420238,-55.1204408397487,26.6906455875276));
#4672=CARTESIAN_POINT('Ctrl Pts',(-11.1162167138309,-55.225111316639,26.6414410735928));
#4673=CARTESIAN_POINT('Ctrl Pts',(-11.0737075794844,-55.3411505412075,26.5890427604587));
#4674=CARTESIAN_POINT('Ctrl Pts',(-11.0278577744794,-55.4697421303439,26.5329872497941));
#4675=CARTESIAN_POINT('Ctrl Pts',(-10.9784562098491,-55.6116220187334,26.4729405244215));
#4676=CARTESIAN_POINT('Ctrl Pts',(-10.9254663953995,-55.7666614469667,26.4088243672415));
#4677=CARTESIAN_POINT('Ctrl Pts',(-10.8693281773017,-55.9334391899759,26.3409512857744));
#4678=CARTESIAN_POINT('Ctrl Pts',(-10.8107816426027,-56.1089939478229,26.270049619988));
#4679=CARTESIAN_POINT('Ctrl Pts',(-10.7507092170578,-56.2890855103777,26.1971218665592));
#4680=CARTESIAN_POINT('Ctrl Pts',(-10.688554965678,-56.4687883241232,26.1232828562481));
#4681=CARTESIAN_POINT('Ctrl Pts',(-10.622564160936,-56.6443259974421,26.0491153910316));
#4682=CARTESIAN_POINT('Ctrl Pts',(-10.5518848087517,-56.8151370852184,25.9739566764752));
#4683=CARTESIAN_POINT('Ctrl Pts',(-10.5008247098388,-56.9280594383128,25.9218814822096));
#4684=CARTESIAN_POINT('Ctrl Pts',(-10.4737367300928,-56.9853420799595,25.8949452563352));
#4685=CARTESIAN_POINT('',(-10.3378086814142,-53.6705787922423,26.8101010437229));
#4686=CARTESIAN_POINT('Ctrl Pts',(-11.4036426673187,-54.5478522992939,27.0240243188992));
#4687=CARTESIAN_POINT('Ctrl Pts',(-11.3437012709257,-54.3577544045549,27.0035304972497));
#4688=CARTESIAN_POINT('Ctrl Pts',(-11.205568296443,-54.0660646900589,26.9495867684869));
#4689=CARTESIAN_POINT('Ctrl Pts',(-10.8599273482601,-53.7239064433501,26.8542196564534));
#4690=CARTESIAN_POINT('Ctrl Pts',(-10.5062180322994,-53.6944198118732,26.8058954677813));
#4691=CARTESIAN_POINT('Ctrl Pts',(-10.3378125424141,-53.6705785086423,26.8100993069087));
#4692=CARTESIAN_POINT('',(-9.87899470032002,-56.7061925459364,25.8642227703718));
#4693=CARTESIAN_POINT('Ctrl Pts',(-10.3378086814142,-53.6705787922423,26.8101010437229));
#4694=CARTESIAN_POINT('Ctrl Pts',(-10.3375019708202,-53.7228761047164,26.800879719142));
#4695=CARTESIAN_POINT('Ctrl Pts',(-10.3370283136688,-53.7759142239574,26.7911829423538));
#4696=CARTESIAN_POINT('Ctrl Pts',(-10.3363875500639,-53.8294002723732,26.7810380005547));
#4697=CARTESIAN_POINT('Ctrl Pts',(-10.3356251955077,-53.8930358040872,26.7689679601476));
#4698=CARTESIAN_POINT('Ctrl Pts',(-10.3346265205614,-53.9573033252499,26.7562626778528));
#4699=CARTESIAN_POINT('Ctrl Pts',(-10.3333903263828,-54.021637469556,26.7430120669765));
#4700=CARTESIAN_POINT('Ctrl Pts',(-10.3321487728939,-54.0862505236406,26.7297040103225));
#4701=CARTESIAN_POINT('Ctrl Pts',(-10.3306678985013,-54.1509256817551,26.715846805307));
#4702=CARTESIAN_POINT('Ctrl Pts',(-10.3289417613182,-54.2150842508847,26.7015702887209));
#4703=CARTESIAN_POINT('Ctrl Pts',(-10.3275297316694,-54.2675677978067,26.6898916893025));
#4704=CARTESIAN_POINT('Ctrl Pts',(-10.325953554791,-54.3197043554913,26.6779336480315));
#4705=CARTESIAN_POINT('Ctrl Pts',(-10.3242057848185,-54.3712099616585,26.6657779593445));
#4706=CARTESIAN_POINT('Ctrl Pts',(-10.3226275571662,-54.4177192696246,26.6548014325011));
#4707=CARTESIAN_POINT('Ctrl Pts',(-10.3209094135582,-54.4637135677554,26.6436642423734));
#4708=CARTESIAN_POINT('Ctrl Pts',(-10.319042187262,-54.5090242362801,26.6324265151485));
#4709=CARTESIAN_POINT('Ctrl Pts',(-10.3172966839242,-54.5513811393024,26.6219213661902));
#4710=CARTESIAN_POINT('Ctrl Pts',(-10.3154209067304,-54.5931403094228,26.6113286903798));
#4711=CARTESIAN_POINT('Ctrl Pts',(-10.3134039163269,-54.6342070865637,26.6006919611456));
#4712=CARTESIAN_POINT('Ctrl Pts',(-10.3114860215902,-54.6732562340448,26.5905778193137));
#4713=CARTESIAN_POINT('Ctrl Pts',(-10.3094404543046,-54.7116791190657,26.5804240964665));
#4714=CARTESIAN_POINT('Ctrl Pts',(-10.3072544953314,-54.7494386464395,26.5702588407633));
#4715=CARTESIAN_POINT('Ctrl Pts',(-10.3051547198101,-54.7857094695657,26.5604943596566));
#4716=CARTESIAN_POINT('Ctrl Pts',(-10.3029254101078,-54.8213680320057,26.5507194384358));
#4717=CARTESIAN_POINT('Ctrl Pts',(-10.300552070005,-54.8564263457997,26.5409468973674));
#4718=CARTESIAN_POINT('Ctrl Pts',(-10.2982568545515,-54.8903306242029,26.5314960448524));
#4719=CARTESIAN_POINT('Ctrl Pts',(-10.2958269401254,-54.9236733770123,26.5220475864754));
#4720=CARTESIAN_POINT('Ctrl Pts',(-10.2932460582508,-54.9565106665914,26.5125989699041));
#4721=CARTESIAN_POINT('Ctrl Pts',(-10.2907381012417,-54.9884201124951,26.503417331492));
#4722=CARTESIAN_POINT('Ctrl Pts',(-10.2880875925057,-55.0198521366162,26.4942356889475));
#4723=CARTESIAN_POINT('Ctrl Pts',(-10.2852764966996,-55.0509035216824,26.4850358439057));
#4724=CARTESIAN_POINT('Ctrl Pts',(-10.2824254124998,-55.0823966188402,26.4757051292493));
#4725=CARTESIAN_POINT('Ctrl Pts',(-10.2794091682274,-55.1134977133272,26.4663559712552));
#4726=CARTESIAN_POINT('Ctrl Pts',(-10.2762054255288,-55.1443598764604,26.4569494893491));
#4727=CARTESIAN_POINT('Ctrl Pts',(-10.2734947542227,-55.1704722044216,26.4489907101983));
#4728=CARTESIAN_POINT('Ctrl Pts',(-10.2706492951772,-55.1964178604458,26.4409895120255));
#4729=CARTESIAN_POINT('Ctrl Pts',(-10.2676552896447,-55.2223080537096,26.4329134226847));
#4730=CARTESIAN_POINT('Ctrl Pts',(-10.2647248453496,-55.2476486111426,26.4250087846741));
#4731=CARTESIAN_POINT('Ctrl Pts',(-10.2616520191303,-55.2729367921066,26.417032031957));
#4732=CARTESIAN_POINT('Ctrl Pts',(-10.2584333564949,-55.2982239984976,26.4089669769144));
#4733=CARTESIAN_POINT('Ctrl Pts',(-10.2550471951258,-55.3248271474169,26.400482217585));
#4734=CARTESIAN_POINT('Ctrl Pts',(-10.2514996840631,-55.351428913254,26.3918996978874));
#4735=CARTESIAN_POINT('Ctrl Pts',(-10.2477967299784,-55.3780320124307,26.3832179021746));
#4736=CARTESIAN_POINT('Ctrl Pts',(-10.2438357273778,-55.4064890072013,26.3739310963947));
#4737=CARTESIAN_POINT('Ctrl Pts',(-10.2396969481862,-55.4349471105264,26.3645306781591));
#4738=CARTESIAN_POINT('Ctrl Pts',(-10.2353975883045,-55.4633513478711,26.3550346306254));
#4739=CARTESIAN_POINT('Ctrl Pts',(-10.230645951911,-55.4947436043026,26.3445396345569));
#4740=CARTESIAN_POINT('Ctrl Pts',(-10.225698319736,-55.5260693969199,26.333927835196));
#4741=CARTESIAN_POINT('Ctrl Pts',(-10.2205879149948,-55.5571937529298,26.3232473902557));
#4742=CARTESIAN_POINT('Ctrl Pts',(-10.2139610481712,-55.5975539538714,26.3093976288727));
#4743=CARTESIAN_POINT('Ctrl Pts',(-10.2070609085426,-55.6375739461705,26.2954321874788));
#4744=CARTESIAN_POINT('Ctrl Pts',(-10.1999721620933,-55.6768743084468,26.2814990986477));
#4745=CARTESIAN_POINT('Ctrl Pts',(-10.1937051325386,-55.7116190314611,26.2691811126514));
#4746=CARTESIAN_POINT('Ctrl Pts',(-10.187291483766,-55.7457968550491,26.2568902593708));
#4747=CARTESIAN_POINT('Ctrl Pts',(-10.1807873456361,-55.7791420623953,26.2447410873905));
#4748=CARTESIAN_POINT('Ctrl Pts',(-10.1750002238963,-55.8088112930447,26.2339312405079));
#4749=CARTESIAN_POINT('Ctrl Pts',(-10.1691417561804,-55.8378197038902,26.2232344329568));
#4750=CARTESIAN_POINT('Ctrl Pts',(-10.1632429577693,-55.866013725421,26.2127248814883));
#4751=CARTESIAN_POINT('Ctrl Pts',(-10.1577128342588,-55.8924456206061,26.2028721769866));
#4752=CARTESIAN_POINT('Ctrl Pts',(-10.1521474519669,-55.9181607455463,26.1931846169392));
#4753=CARTESIAN_POINT('Ctrl Pts',(-10.1465611957383,-55.9430815753428,26.183707721218));
#4754=CARTESIAN_POINT('Ctrl Pts',(-10.1416304807264,-55.9650779723135,26.1753429291129));
#4755=CARTESIAN_POINT('Ctrl Pts',(-10.1366834722722,-55.9864556327564,26.1671423555438));
#4756=CARTESIAN_POINT('Ctrl Pts',(-10.1317203584775,-56.0072052356088,26.1591209344488));
#4757=CARTESIAN_POINT('Ctrl Pts',(-10.1270114998761,-56.0268918577392,26.1515104424711));
#4758=CARTESIAN_POINT('Ctrl Pts',(-10.1222881844488,-56.0460129059918,26.1440613823041));
#4759=CARTESIAN_POINT('Ctrl Pts',(-10.1175410622313,-56.0646041670569,26.1367688297949));
#4760=CARTESIAN_POINT('Ctrl Pts',(-10.112821821981,-56.0830862333494,26.1295191097009));
#4761=CARTESIAN_POINT('Ctrl Pts',(-10.1080791573069,-56.1010442170995,26.1224243408673));
#4762=CARTESIAN_POINT('Ctrl Pts',(-10.1032930730295,-56.1185633939741,26.1154583282728));
#4763=CARTESIAN_POINT('Ctrl Pts',(-10.0980068982815,-56.1379131222772,26.1077644479025));
#4764=CARTESIAN_POINT('Ctrl Pts',(-10.0926672463768,-56.1567289310412,26.1002272470481));
#4765=CARTESIAN_POINT('Ctrl Pts',(-10.0872327076798,-56.1751965245075,26.0927795397494));
#4766=CARTESIAN_POINT('Ctrl Pts',(-10.082527526098,-56.1911856241318,26.0863313723589));
#4767=CARTESIAN_POINT('Ctrl Pts',(-10.0777504698459,-56.2069168364008,26.0799488785897));
#4768=CARTESIAN_POINT('Ctrl Pts',(-10.0728895036791,-56.2224688802136,26.0736030550306));
#4769=CARTESIAN_POINT('Ctrl Pts',(-10.0677843932065,-56.2388020327212,26.066938509507));
#4770=CARTESIAN_POINT('Ctrl Pts',(-10.0625868300005,-56.2549372771659,26.060314450175));
#4771=CARTESIAN_POINT('Ctrl Pts',(-10.0573008162487,-56.2709117660184,26.053718056144));
#4772=CARTESIAN_POINT('Ctrl Pts',(-10.0516628283492,-56.2879499310859,26.046682435074));
#4773=CARTESIAN_POINT('Ctrl Pts',(-10.0459243545853,-56.3048048286689,26.0396783620262));
#4774=CARTESIAN_POINT('Ctrl Pts',(-10.0401084037676,-56.3214667046398,26.0327125523898));
#4775=CARTESIAN_POINT('Ctrl Pts',(-10.0337189395112,-56.3397716154445,26.0250598412366));
#4776=CARTESIAN_POINT('Ctrl Pts',(-10.0272361856431,-56.3578429486068,26.01745346193));
#4777=CARTESIAN_POINT('Ctrl Pts',(-10.0207091842668,-56.3756111993201,26.0099268213601));
#4778=CARTESIAN_POINT('Ctrl Pts',(-10.0124276949691,-56.398155637361,26.0003769852664));
#4779=CARTESIAN_POINT('Ctrl Pts',(-10.0040754686426,-56.420210975071,25.990955752517));
#4780=CARTESIAN_POINT('Ctrl Pts',(-9.9957767009689,-56.4415588249731,25.9817679988463));
#4781=CARTESIAN_POINT('Ctrl Pts',(-9.98741360694751,-56.4630721487466,25.972509028019));
#4782=CARTESIAN_POINT('Ctrl Pts',(-9.97910673468082,-56.4838615014663,25.9634895597144));
#4783=CARTESIAN_POINT('Ctrl Pts',(-9.97098359443044,-56.5036934074277,25.9548265933825));
#4784=CARTESIAN_POINT('Ctrl Pts',(-9.96458498219037,-56.5193150355564,25.9480027591635));
#4785=CARTESIAN_POINT('Ctrl Pts',(-9.95830070753128,-56.5343414867442,25.9414007769342));
#4786=CARTESIAN_POINT('Ctrl Pts',(-9.95218130786661,-56.5486880023684,25.9350666572059));
#4787=CARTESIAN_POINT('Ctrl Pts',(-9.94663834511259,-56.5616831009258,25.9293292006485));
#4788=CARTESIAN_POINT('Ctrl Pts',(-9.9412308368541,-56.574119798492,25.9238118249252));
#4789=CARTESIAN_POINT('Ctrl Pts',(-9.93598236220113,-56.5859718878377,25.918532740949));
#4790=CARTESIAN_POINT('Ctrl Pts',(-9.93106344130297,-56.5970797799062,25.9135851326989));
#4791=CARTESIAN_POINT('Ctrl Pts',(-9.92628433071463,-56.6076738240147,25.9088470332011));
#4792=CARTESIAN_POINT('Ctrl Pts',(-9.92164946966714,-56.6177724390782,25.9043152035452));
#4793=CARTESIAN_POINT('Ctrl Pts',(-9.91732276045142,-56.6271996409757,25.9000846756101));
#4794=CARTESIAN_POINT('Ctrl Pts',(-9.91312179126033,-56.6361949961408,25.8960339753534));
#4795=CARTESIAN_POINT('Ctrl Pts',(-9.90903569784345,-56.6448124349482,25.8921422484624));
#4796=CARTESIAN_POINT('Ctrl Pts',(-9.90507267902015,-56.65317031342,25.8883677417758));
#4797=CARTESIAN_POINT('Ctrl Pts',(-9.90121780838385,-56.6611724501247,25.8847429104274));
#4798=CARTESIAN_POINT('Ctrl Pts',(-9.89744608621221,-56.6689088176746,25.8812293551516));
#4799=CARTESIAN_POINT('Ctrl Pts',(-9.89382265692464,-56.6763410142904,25.8778539424064));
#4800=CARTESIAN_POINT('Ctrl Pts',(-9.89027600237532,-56.683527825499,25.8745812908344));
#4801=CARTESIAN_POINT('Ctrl Pts',(-9.88676897590012,-56.6905896212963,25.8713578513426));
#4802=CARTESIAN_POINT('Ctrl Pts',(-9.88416301016881,-56.6958370290303,25.8689626105561));
#4803=CARTESIAN_POINT('Ctrl Pts',(-9.88157863261242,-56.701016202093,25.8665941637593));
#4804=CARTESIAN_POINT('Ctrl Pts',(-9.87899470032002,-56.7061925459364,25.8642227703718));
#4805=CARTESIAN_POINT('Origin',(-9.87899470032003,-57.3309356514488,27.2279295028164));
#4806=CARTESIAN_POINT('Ctrl Pts',(-11.4036426673187,-54.5478522992939,27.0240243188992));
#4807=CARTESIAN_POINT('Ctrl Pts',(-11.3437012709257,-54.3577544045549,27.0035304972497));
#4808=CARTESIAN_POINT('Ctrl Pts',(-11.205568296443,-54.0660646900589,26.9495867684869));
#4809=CARTESIAN_POINT('Ctrl Pts',(-10.8599273482601,-53.7239064433501,26.8542196564534));
#4810=CARTESIAN_POINT('Ctrl Pts',(-10.5062180322994,-53.6944198118732,26.8058954677813));
#4811=CARTESIAN_POINT('Ctrl Pts',(-10.3378125424141,-53.6705785086423,26.8100993069087));
#4812=CARTESIAN_POINT('Ctrl Pts',(-11.4033378927411,-54.5015495409186,27.0340598675544));
#4813=CARTESIAN_POINT('Ctrl Pts',(-11.3431768531137,-54.3152303172612,27.012779446674));
#4814=CARTESIAN_POINT('Ctrl Pts',(-11.2047247593336,-54.0258123634407,26.9578556582874));
#4815=CARTESIAN_POINT('Ctrl Pts',(-10.8576827620522,-53.6835015625815,26.8615817736589));
#4816=CARTESIAN_POINT('Ctrl Pts',(-10.5058963391635,-53.646369885603,26.8144741551652));
#4817=CARTESIAN_POINT('Ctrl Pts',(-10.3381205767826,-53.6173363283491,26.8194871609333));
#4818=CARTESIAN_POINT('Ctrl Pts',(-11.402432855882,-54.408682705642,27.0540254312795));
#4819=CARTESIAN_POINT('Ctrl Pts',(-11.3418425807061,-54.2300273931957,27.0310855829475));
#4820=CARTESIAN_POINT('Ctrl Pts',(-11.2026847881145,-53.9436222032748,26.9742760507716));
#4821=CARTESIAN_POINT('Ctrl Pts',(-10.8527753464361,-53.6021258558068,26.8759127288743));
#4822=CARTESIAN_POINT('Ctrl Pts',(-10.5049855007691,-53.5497552273273,26.8311484359447));
#4823=CARTESIAN_POINT('Ctrl Pts',(-10.3384027457219,-53.510726650147,26.8375723250189));
#4824=CARTESIAN_POINT('Ctrl Pts',(-11.4002320815677,-54.2681403484165,27.0836411542776));
#4825=CARTESIAN_POINT('Ctrl Pts',(-11.3389864423476,-54.100444115679,27.0580476368886));
#4826=CARTESIAN_POINT('Ctrl Pts',(-11.1984939375349,-53.814946420082,26.9984909732828));
#4827=CARTESIAN_POINT('Ctrl Pts',(-10.8441729085546,-53.4777310627344,26.8962628712194));
#4828=CARTESIAN_POINT('Ctrl Pts',(-10.5027105733157,-53.4031587183091,26.8546806693054));
#4829=CARTESIAN_POINT('Ctrl Pts',(-10.3377114472137,-53.3504748772764,26.8626229337707));
#4830=CARTESIAN_POINT('Ctrl Pts',(-11.3972132642196,-54.1253922384043,27.1129490128931));
#4831=CARTESIAN_POINT('Ctrl Pts',(-11.3352607376993,-53.9670264414648,27.0846670968042));
#4832=CARTESIAN_POINT('Ctrl Pts',(-11.1930864019289,-53.6809818270979,27.0221497331201));
#4833=CARTESIAN_POINT('Ctrl Pts',(-10.8343327468543,-53.3502261278106,26.9155078059269));
#4834=CARTESIAN_POINT('Ctrl Pts',(-10.4994083959617,-53.2547743654353,26.8766935771087));
#4835=CARTESIAN_POINT('Ctrl Pts',(-10.335793966907,-53.1899253279159,26.8855911039578));
#4836=CARTESIAN_POINT('Ctrl Pts',(-11.3933915361077,-53.9784292825603,27.1420828920383));
#4837=CARTESIAN_POINT('Ctrl Pts',(-11.330643362617,-53.8260530825383,27.1112948446961));
#4838=CARTESIAN_POINT('Ctrl Pts',(-11.1863755914881,-53.5426650345207,27.0449781717243));
#4839=CARTESIAN_POINT('Ctrl Pts',(-10.8232784462154,-53.2185789714186,26.9337103867881));
#4840=CARTESIAN_POINT('Ctrl Pts',(-10.4949440517061,-53.1045048003434,26.8971374855585));
#4841=CARTESIAN_POINT('Ctrl Pts',(-10.3325037047011,-53.0291186177559,26.9064711449016));
#4842=CARTESIAN_POINT('Ctrl Pts',(-11.3887605404474,-53.8245196851392,27.1712397933653));
#4843=CARTESIAN_POINT('Ctrl Pts',(-11.3250882460965,-53.6762279244157,27.1379347830683));
#4844=CARTESIAN_POINT('Ctrl Pts',(-11.1782487108394,-53.3998167796885,27.0668211164299));
#4845=CARTESIAN_POINT('Ctrl Pts',(-10.8109784034828,-53.082080618983,26.9508783472082));
#4846=CARTESIAN_POINT('Ctrl Pts',(-10.4892059473065,-52.9522684314934,26.9159551244289));
#4847=CARTESIAN_POINT('Ctrl Pts',(-10.3278434245709,-52.8680896962901,26.9252588418867));
#4848=CARTESIAN_POINT('Ctrl Pts',(-11.3833451961196,-53.6614976587554,27.2005050349378));
#4849=CARTESIAN_POINT('Ctrl Pts',(-11.318598287656,-53.5171420273605,27.1644379748668));
#4850=CARTESIAN_POINT('Ctrl Pts',(-11.1686910242242,-53.2518053175581,27.0875567419594));
#4851=CARTESIAN_POINT('Ctrl Pts',(-10.7977384037108,-52.9401688308642,26.9669938817701));
#4852=CARTESIAN_POINT('Ctrl Pts',(-10.4825077184224,-52.7979857789469,26.9330872236604));
#4853=CARTESIAN_POINT('Ctrl Pts',(-10.3221995488745,-52.7068585789691,26.9419537385351));
#4854=CARTESIAN_POINT('Ctrl Pts',(-11.3772691667897,-53.4877199628939,27.2298509331869));
#4855=CARTESIAN_POINT('Ctrl Pts',(-11.3112870733514,-53.3484694623721,27.190602751294));
#4856=CARTESIAN_POINT('Ctrl Pts',(-11.1578373119788,-53.0978708723191,27.1070535508714));
#4857=CARTESIAN_POINT('Ctrl Pts',(-10.7839566910811,-52.7923769439643,26.9820154161593));
#4858=CARTESIAN_POINT('Ctrl Pts',(-10.4751225022529,-52.6415991308332,26.9484683595008));
#4859=CARTESIAN_POINT('Ctrl Pts',(-10.3159084152951,-52.5454477163942,26.9565548823405));
#4860=CARTESIAN_POINT('Ctrl Pts',(-11.3706680788014,-53.3021389456101,27.2591141183428));
#4861=CARTESIAN_POINT('Ctrl Pts',(-11.3032843400167,-53.1701094428425,27.2161456308915));
#4862=CARTESIAN_POINT('Ctrl Pts',(-11.1458637204483,-52.9370262470699,27.1251830227734));
#4863=CARTESIAN_POINT('Ctrl Pts',(-10.7700734210353,-52.6384243268785,26.9958713870745));
#4864=CARTESIAN_POINT('Ctrl Pts',(-10.467357984032,-52.4830735702397,26.9620256419466));
#4865=CARTESIAN_POINT('Ctrl Pts',(-10.3092835245153,-52.3838784870843,26.9690611296762));
#4866=CARTESIAN_POINT('Ctrl Pts',(-11.3637212362321,-53.1042971055904,27.287986472234));
#4867=CARTESIAN_POINT('Ctrl Pts',(-11.2947713984626,-52.9820571456197,27.2407121428871));
#4868=CARTESIAN_POINT('Ctrl Pts',(-11.1330318820097,-52.7681178659768,27.1418130664011));
#4869=CARTESIAN_POINT('Ctrl Pts',(-10.7564506724523,-52.4782168841094,27.0084341265455));
#4870=CARTESIAN_POINT('Ctrl Pts',(-10.4593295179712,-52.3223988557575,26.9736784303672));
#4871=CARTESIAN_POINT('Ctrl Pts',(-10.3024673715007,-52.2221707000387,26.9794714262955));
#4872=CARTESIAN_POINT('Ctrl Pts',(-11.3565853456227,-52.8942882212694,27.3159955505772));
#4873=CARTESIAN_POINT('Ctrl Pts',(-11.2859035371496,-52.7843212551079,27.2638690030198));
#4874=CARTESIAN_POINT('Ctrl Pts',(-11.1195802248463,-52.5898307088188,27.1568012587105));
#4875=CARTESIAN_POINT('Ctrl Pts',(-10.7433262640516,-52.3120779160651,27.0195156357333));
#4876=CARTESIAN_POINT('Ctrl Pts',(-10.4511541334531,-52.1595975956356,26.9833313944937));
#4877=CARTESIAN_POINT('Ctrl Pts',(-10.2956282480073,-52.0603440535118,26.9877819984685));
#4878=CARTESIAN_POINT('Ctrl Pts',(-11.3494357944906,-52.6726684242064,27.3425100920722));
#4879=CARTESIAN_POINT('Ctrl Pts',(-11.276869376094,-52.57685050441,27.2851141037792));
#4880=CARTESIAN_POINT('Ctrl Pts',(-11.105820869858,-52.4007762511705,27.1699745469453));
#4881=CARTESIAN_POINT('Ctrl Pts',(-10.7309373789075,-52.1409012294408,27.0288210020472));
#4882=CARTESIAN_POINT('Ctrl Pts',(-10.4429654253306,-51.9947307632868,26.9909383533277));
#4883=CARTESIAN_POINT('Ctrl Pts',(-10.2889110482488,-51.8984193640166,26.9939996053971));
#4884=CARTESIAN_POINT('Ctrl Pts',(-11.3424859379994,-52.4403082321014,27.366825566038));
#4885=CARTESIAN_POINT('Ctrl Pts',(-11.2679044878628,-52.3593509796908,27.3039929270344));
#4886=CARTESIAN_POINT('Ctrl Pts',(-11.0921223215771,-52.199612360594,27.1812912230536));
#4887=CARTESIAN_POINT('Ctrl Pts',(-10.7193657011733,-51.9660480413737,27.036123277955));
#4888=CARTESIAN_POINT('Ctrl Pts',(-10.4347711261523,-51.8279004260186,26.9963435562763));
#4889=CARTESIAN_POINT('Ctrl Pts',(-10.2823893110336,-51.7364213174244,26.9980990917027));
#4890=CARTESIAN_POINT('Ctrl Pts',(-11.3359161361579,-52.1979367054427,27.3881602562547));
#4891=CARTESIAN_POINT('Ctrl Pts',(-11.2592154780426,-52.1313103944783,27.3199879810213));
#4892=CARTESIAN_POINT('Ctrl Pts',(-11.0787904180729,-51.9853131167378,27.1904375616446));
#4893=CARTESIAN_POINT('Ctrl Pts',(-10.7086609590463,-51.7890734995776,27.0410680669413));
#4894=CARTESIAN_POINT('Ctrl Pts',(-10.4267747480774,-51.6592390965643,26.9999158088627));
#4895=CARTESIAN_POINT('Ctrl Pts',(-10.2761952569236,-51.5743728013358,27.0001859053864));
#4896=CARTESIAN_POINT('Ctrl Pts',(-11.3299540685713,-51.9457148972614,27.4065879814033));
#4897=CARTESIAN_POINT('Ctrl Pts',(-11.2510614272005,-51.890612955839,27.3337472431623));
#4898=CARTESIAN_POINT('Ctrl Pts',(-11.066182578322,-51.7630725812549,27.1982133518671));
#4899=CARTESIAN_POINT('Ctrl Pts',(-10.6983792766283,-51.6098178848145,27.0437786982474));
#4900=CARTESIAN_POINT('Ctrl Pts',(-10.418523324285,-51.4888841294241,27.0000194939371));
#4901=CARTESIAN_POINT('Ctrl Pts',(-10.2702718731773,-51.4123071013098,26.9999278311994));
#4902=CARTESIAN_POINT('Ctrl Pts',(-11.3245392838044,-51.6801105633207,27.4200510916874));
#4903=CARTESIAN_POINT('Ctrl Pts',(-11.2434230885926,-51.6358064635638,27.3425622108272));
#4904=CARTESIAN_POINT('Ctrl Pts',(-11.054284242608,-51.541471300593,27.1991369656335));
#4905=CARTESIAN_POINT('Ctrl Pts',(-10.6892072457548,-51.4264808656946,27.0414030145342));
#4906=CARTESIAN_POINT('Ctrl Pts',(-10.411535021645,-51.3170027496474,26.9999920166586));
#4907=CARTESIAN_POINT('Ctrl Pts',(-10.2655297906195,-51.2502019263794,27.0000187295602));
#4908=CARTESIAN_POINT('Ctrl Pts',(-11.3203821798757,-51.4086576908382,27.4288427853868));
#4909=CARTESIAN_POINT('Ctrl Pts',(-11.2370687545971,-51.3815220458821,27.3472858368197));
#4910=CARTESIAN_POINT('Ctrl Pts',(-11.0438768793878,-51.3227698636639,27.1983290424721));
#4911=CARTESIAN_POINT('Ctrl Pts',(-10.6801270389592,-51.2389065615344,27.0406268091313));
#4912=CARTESIAN_POINT('Ctrl Pts',(-10.4041373332969,-51.1438107578737,27.0000026309613));
#4913=CARTESIAN_POINT('Ctrl Pts',(-10.2607123802462,-51.0881002070291,26.999995438503));
#4914=CARTESIAN_POINT('Ctrl Pts',(-11.3165776619309,-51.1500434875,27.4351259816891));
#4915=CARTESIAN_POINT('Ctrl Pts',(-11.2309884979053,-51.138878705018,27.349909618963));
#4916=CARTESIAN_POINT('Ctrl Pts',(-11.0337086895062,-51.1026529439133,27.1966066023881));
#4917=CARTESIAN_POINT('Ctrl Pts',(-10.6706004344789,-51.0479344992968,27.0392189560151));
#4918=CARTESIAN_POINT('Ctrl Pts',(-10.3971363174171,-50.969398165397,26.9999992987025));
#4919=CARTESIAN_POINT('Ctrl Pts',(-10.2566494166609,-50.9259769641734,27.0000011985877));
#4920=CARTESIAN_POINT('Ctrl Pts',(-11.3136767746656,-50.9035554636947,27.4382061982997));
#4921=CARTESIAN_POINT('Ctrl Pts',(-11.2258334486193,-50.8991997090636,27.3502925914725));
#4922=CARTESIAN_POINT('Ctrl Pts',(-11.0246656406304,-50.8832123053629,27.1938224032251));
#4923=CARTESIAN_POINT('Ctrl Pts',(-10.6612701545782,-50.8512601069945,27.0377524202595));
#4924=CARTESIAN_POINT('Ctrl Pts',(-10.3911261500208,-50.7938584977446,27.0000001773888));
#4925=CARTESIAN_POINT('Ctrl Pts',(-10.2537144835961,-50.7638295547138,26.9999996712209));
#4926=CARTESIAN_POINT('Ctrl Pts',(-11.3118044528169,-50.6631611889661,27.4394398927346));
#4927=CARTESIAN_POINT('Ctrl Pts',(-11.2216567587234,-50.6654669419443,27.3491181727761));
#4928=CARTESIAN_POINT('Ctrl Pts',(-11.0165445692518,-50.6654254778183,27.1901440028507));
#4929=CARTESIAN_POINT('Ctrl Pts',(-10.6518441923368,-50.6479239109903,27.0361603518174));
#4930=CARTESIAN_POINT('Ctrl Pts',(-10.3856226385807,-50.6172732271089,26.9999999506444));
#4931=CARTESIAN_POINT('Ctrl Pts',(-10.2513689078947,-50.6016731788332,27.0000000947023));
#4932=CARTESIAN_POINT('Ctrl Pts',(-11.3106601717798,-50.5149527084275,27.4393398282202));
#4933=CARTESIAN_POINT('Ctrl Pts',(-11.2188714444116,-50.5160962743583,27.347551100852));
#4934=CARTESIAN_POINT('Ctrl Pts',(-11.010806419514,-50.5163416230049,27.1874140845311));
#4935=CARTESIAN_POINT('Ctrl Pts',(-10.6452066111099,-50.5093514957604,27.0350404034987));
#4936=CARTESIAN_POINT('Ctrl Pts',(-10.3819905246821,-50.4988728173153,26.9999999999999));
#4937=CARTESIAN_POINT('Ctrl Pts',(-10.25,-50.493562432471,27.));
#4938=CARTESIAN_POINT('Ctrl Pts',(-11.3106601717798,-50.4395057018939,27.4393398282202));
#4939=CARTESIAN_POINT('Ctrl Pts',(-11.2181001105682,-50.4395057018939,27.3467797670085));
#4940=CARTESIAN_POINT('Ctrl Pts',(-11.0086180048394,-50.4395057018939,27.1860389724975));
#4941=CARTESIAN_POINT('Ctrl Pts',(-10.6426868172097,-50.4395057018939,27.034465311686));
#4942=CARTESIAN_POINT('Ctrl Pts',(-10.3808996938996,-50.4395057018939,27.));
#4943=CARTESIAN_POINT('Ctrl Pts',(-10.25,-50.4395057018939,27.));
#4944=CARTESIAN_POINT('',(-11.3106601717798,-50.4395057018939,27.4393398282202));
#4945=CARTESIAN_POINT('Ctrl Pts',(-11.4036426673187,-54.5478522992939,27.0240243188992));
#4946=CARTESIAN_POINT('Ctrl Pts',(-11.4033378927411,-54.5015495409186,27.0340598675544));
#4947=CARTESIAN_POINT('Ctrl Pts',(-11.402432855882,-54.408682705642,27.0540254312795));
#4948=CARTESIAN_POINT('Ctrl Pts',(-11.4002320815677,-54.2681403484165,27.0836411542776));
#4949=CARTESIAN_POINT('Ctrl Pts',(-11.3972132642196,-54.1253922384043,27.1129490128931));
#4950=CARTESIAN_POINT('Ctrl Pts',(-11.3933915361077,-53.9784292825603,27.1420828920383));
#4951=CARTESIAN_POINT('Ctrl Pts',(-11.3887605404474,-53.8245196851393,27.1712397933653));
#4952=CARTESIAN_POINT('Ctrl Pts',(-11.3833451961196,-53.6614976587554,27.2005050349378));
#4953=CARTESIAN_POINT('Ctrl Pts',(-11.3772691667897,-53.4877199628939,27.2298509331869));
#4954=CARTESIAN_POINT('Ctrl Pts',(-11.3706680788014,-53.3021389456101,27.2591141183428));
#4955=CARTESIAN_POINT('Ctrl Pts',(-11.3637212362321,-53.1042971055904,27.287986472234));
#4956=CARTESIAN_POINT('Ctrl Pts',(-11.3565853456227,-52.8942882212694,27.3159955505772));
#4957=CARTESIAN_POINT('Ctrl Pts',(-11.3494357944906,-52.6726684242064,27.3425100920723));
#4958=CARTESIAN_POINT('Ctrl Pts',(-11.3424859379994,-52.4403082321014,27.366825566038));
#4959=CARTESIAN_POINT('Ctrl Pts',(-11.3359161361579,-52.1979367054427,27.3881602562547));
#4960=CARTESIAN_POINT('Ctrl Pts',(-11.3299540685713,-51.9457148972614,27.4065879814033));
#4961=CARTESIAN_POINT('Ctrl Pts',(-11.3245392838044,-51.6801105633207,27.4200510916874));
#4962=CARTESIAN_POINT('Ctrl Pts',(-11.3203821798757,-51.4086576908382,27.4288427853868));
#4963=CARTESIAN_POINT('Ctrl Pts',(-11.3165776619309,-51.1500434874999,27.4351259816891));
#4964=CARTESIAN_POINT('Ctrl Pts',(-11.3136767746656,-50.9035554636948,27.4382061982997));
#4965=CARTESIAN_POINT('Ctrl Pts',(-11.3118044528169,-50.6631611889661,27.4394398927346));
#4966=CARTESIAN_POINT('Ctrl Pts',(-11.3106601717798,-50.5149527084275,27.4393398282202));
#4967=CARTESIAN_POINT('Ctrl Pts',(-11.3106601717798,-50.4395057018939,27.4393398282202));
#4968=CARTESIAN_POINT('',(-10.25,-50.4395057018939,27.));
#4969=CARTESIAN_POINT('Origin',(-10.25,-50.4395057018939,28.5));
#4970=CARTESIAN_POINT('',(-10.2734642031947,-51.5,27.));
#4971=CARTESIAN_POINT('Ctrl Pts',(-10.25,-50.4395057018939,27.));
#4972=CARTESIAN_POINT('Ctrl Pts',(-10.25,-50.4421087781451,27.));
#4973=CARTESIAN_POINT('Ctrl Pts',(-10.2500000599999,-50.4447162892612,27.));
#4974=CARTESIAN_POINT('Ctrl Pts',(-10.2500031835033,-50.4475260990313,27.));
#4975=CARTESIAN_POINT('Ctrl Pts',(-10.2500063839577,-50.4504051316659,27.));
#4976=CARTESIAN_POINT('Ctrl Pts',(-10.2500127987841,-50.453496416026,27.));
#4977=CARTESIAN_POINT('Ctrl Pts',(-10.2500249195453,-50.4569580972679,27.));
#4978=CARTESIAN_POINT('Ctrl Pts',(-10.2500373803381,-50.4605168912798,27.));
#4979=CARTESIAN_POINT('Ctrl Pts',(-10.2500558694696,-50.4644669977252,27.));
#4980=CARTESIAN_POINT('Ctrl Pts',(-10.2500823535916,-50.4689253603937,27.));
#4981=CARTESIAN_POINT('Ctrl Pts',(-10.2501097001693,-50.4735289097039,27.));
#4982=CARTESIAN_POINT('Ctrl Pts',(-10.2501455682998,-50.4786741714231,27.));
#4983=CARTESIAN_POINT('Ctrl Pts',(-10.2501913811646,-50.4844347689651,27.));
#4984=CARTESIAN_POINT('Ctrl Pts',(-10.250240048796,-50.4905543303247,27.));
#4985=CARTESIAN_POINT('Ctrl Pts',(-10.2502999385452,-50.4973682733173,27.));
#4986=CARTESIAN_POINT('Ctrl Pts',(-10.2503719528847,-50.5049049571853,27.));
#4987=CARTESIAN_POINT('Ctrl Pts',(-10.2504478162881,-50.5128444660585,27.));
#4988=CARTESIAN_POINT('Ctrl Pts',(-10.2505371308689,-50.5215857532407,27.));
#4989=CARTESIAN_POINT('Ctrl Pts',(-10.2506401244287,-50.5311000217067,27.));
#4990=CARTESIAN_POINT('Ctrl Pts',(-10.2507505754041,-50.5413031861988,27.));
#4991=CARTESIAN_POINT('Ctrl Pts',(-10.2508767521856,-50.5523949269941,27.));
#4992=CARTESIAN_POINT('Ctrl Pts',(-10.2510180829421,-50.5642753772738,27.));
#4993=CARTESIAN_POINT('Ctrl Pts',(-10.2511752423699,-50.5774864066021,27.));
#4994=CARTESIAN_POINT('Ctrl Pts',(-10.2513511306322,-50.5916720616282,27.));
#4995=CARTESIAN_POINT('Ctrl Pts',(-10.2515440562461,-50.6066257107806,27.));
#4996=CARTESIAN_POINT('Ctrl Pts',(-10.2517922774252,-50.6258653148509,27.));
#4997=CARTESIAN_POINT('Ctrl Pts',(-10.2520686748543,-50.6463745987166,27.));
#4998=CARTESIAN_POINT('Ctrl Pts',(-10.2523684428251,-50.6676171145012,27.));
#4999=CARTESIAN_POINT('Ctrl Pts',(-10.2526563735951,-50.6880208084425,27.));
#5000=CARTESIAN_POINT('Ctrl Pts',(-10.2529657771664,-50.7090944714633,27.));
#5001=CARTESIAN_POINT('Ctrl Pts',(-10.2532924458974,-50.7303578489359,27.));
#5002=CARTESIAN_POINT('Ctrl Pts',(-10.2535522169779,-50.7472667539433,27.));
#5003=CARTESIAN_POINT('Ctrl Pts',(-10.2538228917495,-50.7642944338566,27.));
#5004=CARTESIAN_POINT('Ctrl Pts',(-10.2541029148819,-50.7812363870458,27.));
#5005=CARTESIAN_POINT('Ctrl Pts',(-10.2543543173731,-50.7964467348544,27.));
#5006=CARTESIAN_POINT('Ctrl Pts',(-10.254613248531,-50.8115874750484,27.));
#5007=CARTESIAN_POINT('Ctrl Pts',(-10.2548792102939,-50.8265539791925,27.));
#5008=CARTESIAN_POINT('Ctrl Pts',(-10.2551275969213,-50.8405314752344,27.));
#5009=CARTESIAN_POINT('Ctrl Pts',(-10.2553821111518,-50.8543566527822,27.));
#5010=CARTESIAN_POINT('Ctrl Pts',(-10.2556430006242,-50.8679901170324,27.));
#5011=CARTESIAN_POINT('Ctrl Pts',(-10.2558910624994,-50.8809532415135,27.));
#5012=CARTESIAN_POINT('Ctrl Pts',(-10.2561448846265,-50.8937427766552,27.));
#5013=CARTESIAN_POINT('Ctrl Pts',(-10.2564053483874,-50.9063721206599,27.));
#5014=CARTESIAN_POINT('Ctrl Pts',(-10.2566555913242,-50.9185058782379,27.));
#5015=CARTESIAN_POINT('Ctrl Pts',(-10.2569119620505,-50.9304915564705,27.));
#5016=CARTESIAN_POINT('Ctrl Pts',(-10.2571759208105,-50.94238924806,27.));
#5017=CARTESIAN_POINT('Ctrl Pts',(-10.2574737809884,-50.9558150140165,27.));
#5018=CARTESIAN_POINT('Ctrl Pts',(-10.2577813029122,-50.9691279499834,27.));
#5019=CARTESIAN_POINT('Ctrl Pts',(-10.2581016624475,-50.9824936584112,27.));
#5020=CARTESIAN_POINT('Ctrl Pts',(-10.2583832109534,-50.9942401333051,27.));
#5021=CARTESIAN_POINT('Ctrl Pts',(-10.2586747845765,-51.006033286356,27.));
#5022=CARTESIAN_POINT('Ctrl Pts',(-10.2589774873708,-51.0179532231069,27.));
#5023=CARTESIAN_POINT('Ctrl Pts',(-10.2592997566378,-51.0306436552768,27.));
#5024=CARTESIAN_POINT('Ctrl Pts',(-10.2596346394434,-51.0434777960925,27.));
#5025=CARTESIAN_POINT('Ctrl Pts',(-10.2599818380823,-51.0564915627062,27.));
#5026=CARTESIAN_POINT('Ctrl Pts',(-10.2603453028895,-51.0701150209879,27.));
#5027=CARTESIAN_POINT('Ctrl Pts',(-10.2607222543692,-51.0839350054282,27.));
#5028=CARTESIAN_POINT('Ctrl Pts',(-10.2611107117992,-51.0979308967339,27.));
#5029=CARTESIAN_POINT('Ctrl Pts',(-10.2615249949588,-51.1128572737919,27.));
#5030=CARTESIAN_POINT('Ctrl Pts',(-10.2619523518521,-51.127983327645,27.));
#5031=CARTESIAN_POINT('Ctrl Pts',(-10.2623887321765,-51.1432207025815,27.));
#5032=CARTESIAN_POINT('Ctrl Pts',(-10.2628680818075,-51.1599584646758,27.));
#5033=CARTESIAN_POINT('Ctrl Pts',(-10.2633582981904,-51.176829925774,27.));
#5034=CARTESIAN_POINT('Ctrl Pts',(-10.2638523453635,-51.193651517171,27.));
#5035=CARTESIAN_POINT('Ctrl Pts',(-10.2644709277225,-51.2147133514563,27.));
#5036=CARTESIAN_POINT('Ctrl Pts',(-10.2650954648494,-51.2356958466696,27.));
#5037=CARTESIAN_POINT('Ctrl Pts',(-10.2657101274113,-51.2561494314926,27.));
#5038=CARTESIAN_POINT('Ctrl Pts',(-10.2663265332173,-51.2766610247148,27.));
#5039=CARTESIAN_POINT('Ctrl Pts',(-10.2669328439005,-51.2966349444014,27.));
#5040=CARTESIAN_POINT('Ctrl Pts',(-10.2675131477156,-51.3155989149203,27.));
#5041=CARTESIAN_POINT('Ctrl Pts',(-10.267976561145,-51.330742979779,27.));
#5042=CARTESIAN_POINT('Ctrl Pts',(-10.2684233588079,-51.3452415053876,27.));
#5043=CARTESIAN_POINT('Ctrl Pts',(-10.2688465265753,-51.3588826791007,27.));
#5044=CARTESIAN_POINT('Ctrl Pts',(-10.2692305888993,-51.3712632555116,27.));
#5045=CARTESIAN_POINT('Ctrl Pts',(-10.2695951704382,-51.382936937933,27.));
#5046=CARTESIAN_POINT('Ctrl Pts',(-10.2699363182008,-51.3937846322578,27.));
#5047=CARTESIAN_POINT('Ctrl Pts',(-10.2702563147341,-51.4039597673683,27.));
#5048=CARTESIAN_POINT('Ctrl Pts',(-10.2705556820067,-51.4134077187867,27.));
#5049=CARTESIAN_POINT('Ctrl Pts',(-10.2708325407746,-51.4220741334879,27.));
#5050=CARTESIAN_POINT('Ctrl Pts',(-10.2710964132966,-51.4303340441992,27.));
#5051=CARTESIAN_POINT('Ctrl Pts',(-10.2713398308511,-51.437883687066,27.));
#5052=CARTESIAN_POINT('Ctrl Pts',(-10.2715626043127,-51.4447226904592,27.));
#5053=CARTESIAN_POINT('Ctrl Pts',(-10.2717769576376,-51.4513032010201,27.));
#5054=CARTESIAN_POINT('Ctrl Pts',(-10.2719721911047,-51.4572255160649,27.));
#5055=CARTESIAN_POINT('Ctrl Pts',(-10.2721496108884,-51.4625378309885,27.));
#5056=CARTESIAN_POINT('Ctrl Pts',(-10.272319035234,-51.4676107459741,27.));
#5057=CARTESIAN_POINT('Ctrl Pts',(-10.2724722132632,-51.4721273100805,27.));
#5058=CARTESIAN_POINT('Ctrl Pts',(-10.2726117116965,-51.4761769556364,27.));
#5059=CARTESIAN_POINT('Ctrl Pts',(-10.2727481261655,-51.4801370735751,27.));
#5060=CARTESIAN_POINT('Ctrl Pts',(-10.2728714532875,-51.4836504732416,27.));
#5061=CARTESIAN_POINT('Ctrl Pts',(-10.2729855572717,-51.4868497234189,27.));
#5062=CARTESIAN_POINT('Ctrl Pts',(-10.2730963184577,-51.4899552481413,27.));
#5063=CARTESIAN_POINT('Ctrl Pts',(-10.2731983863477,-51.492764656844,27.));
#5064=CARTESIAN_POINT('Ctrl Pts',(-10.2732967491097,-51.4954480451611,27.));
#5065=CARTESIAN_POINT('Ctrl Pts',(-10.2733533724909,-51.4969927610302,27.));
#5066=CARTESIAN_POINT('Ctrl Pts',(-10.2734087952806,-51.498496631708,27.));
#5067=CARTESIAN_POINT('Ctrl Pts',(-10.2734642031946,-51.5,27.));
#5068=CARTESIAN_POINT('Ctrl Pts',(-10.2734642031946,-51.5,27.));
#5069=CARTESIAN_POINT('Ctrl Pts',(-10.2738558922065,-51.5106275944613,27.));
#5070=CARTESIAN_POINT('Ctrl Pts',(-10.2742477409775,-51.5212597229508,26.9999866559495));
#5071=CARTESIAN_POINT('Ctrl Pts',(-10.2746498941462,-51.5321397024551,26.9999586815128));
#5072=CARTESIAN_POINT('Ctrl Pts',(-10.275060701279,-51.5432538090505,26.999930105092));
#5073=CARTESIAN_POINT('Ctrl Pts',(-10.2754822606761,-51.5546264295409,26.9998862402124));
#5074=CARTESIAN_POINT('Ctrl Pts',(-10.2759233878703,-51.5664611706164,26.9998233152633));
#5075=CARTESIAN_POINT('Ctrl Pts',(-10.2763751289662,-51.5785806657922,26.9997588762856));
#5076=CARTESIAN_POINT('Ctrl Pts',(-10.2768473906237,-51.5911846530922,26.9996744343778));
#5077=CARTESIAN_POINT('Ctrl Pts',(-10.2773475699526,-51.6044358469787,26.999563718541));
#5078=CARTESIAN_POINT('Ctrl Pts',(-10.2778614078944,-51.61804889694,26.999449979339));
#5079=CARTESIAN_POINT('Ctrl Pts',(-10.2784047091553,-51.6323448300223,26.9993084952343));
#5080=CARTESIAN_POINT('Ctrl Pts',(-10.2789833334264,-51.6474438811967,26.9991303818265));
#5081=CARTESIAN_POINT('Ctrl Pts',(-10.2795802306709,-51.6630197609022,26.9989466435914));
#5082=CARTESIAN_POINT('Ctrl Pts',(-10.280214717787,-51.6794501059522,26.9987238994657));
#5083=CARTESIAN_POINT('Ctrl Pts',(-10.2808909511175,-51.6968104305713,26.9984505301425));
#5084=CARTESIAN_POINT('Ctrl Pts',(-10.2815924959178,-51.714820553581,26.9981669285828));
#5085=CARTESIAN_POINT('Ctrl Pts',(-10.2823389720867,-51.7338313628187,26.997828796172));
#5086=CARTESIAN_POINT('Ctrl Pts',(-10.2831325877408,-51.7538702989338,26.9974217289535));
#5087=CARTESIAN_POINT('Ctrl Pts',(-10.2839626232325,-51.7748288424157,26.9969959810021));
#5088=CARTESIAN_POINT('Ctrl Pts',(-10.2848442272788,-51.7969117721896,26.9964947534918));
#5089=CARTESIAN_POINT('Ctrl Pts',(-10.2857772702479,-51.820093055682,26.9959009453382));
#5090=CARTESIAN_POINT('Ctrl Pts',(-10.2867655140077,-51.8446457928164,26.9952720062414));
#5091=CARTESIAN_POINT('Ctrl Pts',(-10.2878114699796,-51.8704303280209,26.9945390942588));
#5092=CARTESIAN_POINT('Ctrl Pts',(-10.2889119810977,-51.8973574972303,26.9936826844368));
#5093=CARTESIAN_POINT('Ctrl Pts',(-10.2901721242076,-51.9281905221665,26.992702050149));
#5094=CARTESIAN_POINT('Ctrl Pts',(-10.291503852696,-51.9605216306956,26.9915592350985));
#5095=CARTESIAN_POINT('Ctrl Pts',(-10.2928980241932,-51.9941449384029,26.990229012306));
#5096=CARTESIAN_POINT('Ctrl Pts',(-10.2944654477412,-52.0319465749777,26.988733484293));
#5097=CARTESIAN_POINT('Ctrl Pts',(-10.2961118410498,-52.0713799036184,26.9870006610844));
#5098=CARTESIAN_POINT('Ctrl Pts',(-10.2978181449568,-52.1120803062387,26.9850053143246));
#5099=CARTESIAN_POINT('Ctrl Pts',(-10.3000507498677,-52.165334546819,26.9823945127221));
#5100=CARTESIAN_POINT('Ctrl Pts',(-10.3023862295613,-52.2207509319778,26.979332771644));
#5101=CARTESIAN_POINT('Ctrl Pts',(-10.3047686344616,-52.2774593333327,26.9757988515772));
#5102=CARTESIAN_POINT('Ctrl Pts',(-10.3064286441414,-52.3169725559449,26.9733364903227));
#5103=CARTESIAN_POINT('Ctrl Pts',(-10.3081111124132,-52.3571113349727,26.9706458933049));
#5104=CARTESIAN_POINT('Ctrl Pts',(-10.3097939282489,-52.3976123777008,26.9677300267289));
#5105=CARTESIAN_POINT('Ctrl Pts',(-10.3112943271936,-52.4337231157157,26.965130239491));
#5106=CARTESIAN_POINT('Ctrl Pts',(-10.3127949438613,-52.4701212020913,26.9623516541474));
#5107=CARTESIAN_POINT('Ctrl Pts',(-10.3142789204731,-52.5066613506641,26.9593993805913));
#5108=CARTESIAN_POINT('Ctrl Pts',(-10.3156605693216,-52.5406818694501,26.9566506813687));
#5109=CARTESIAN_POINT('Ctrl Pts',(-10.3170277647368,-52.5748251343893,26.9537516201258));
#5110=CARTESIAN_POINT('Ctrl Pts',(-10.3183663736762,-52.6090188304027,26.9507058929931));
#5111=CARTESIAN_POINT('Ctrl Pts',(-10.3196368351373,-52.6414717535229,26.9478152213194));
#5112=CARTESIAN_POINT('Ctrl Pts',(-10.3208815282711,-52.6739698148061,26.9447926020528));
#5113=CARTESIAN_POINT('Ctrl Pts',(-10.3220882013926,-52.7064980224509,26.9416382571518));
#5114=CARTESIAN_POINT('Ctrl Pts',(-10.323246059642,-52.737710330814,26.9386115184267));
#5115=CARTESIAN_POINT('Ctrl Pts',(-10.324368898714,-52.768950172185,26.9354636423034));
#5116=CARTESIAN_POINT('Ctrl Pts',(-10.3254459551306,-52.8002522602054,26.9321898336468));
#5117=CARTESIAN_POINT('Ctrl Pts',(-10.326486808933,-52.8305022051815,26.9290260660521));
#5118=CARTESIAN_POINT('Ctrl Pts',(-10.3274848961286,-52.8608101023012,26.9257448244341));
#5119=CARTESIAN_POINT('Ctrl Pts',(-10.3284307244701,-52.8912559490201,26.9223350012917));
#5120=CARTESIAN_POINT('Ctrl Pts',(-10.3293682254277,-52.9214337404831,26.9189551993545));
#5121=CARTESIAN_POINT('Ctrl Pts',(-10.3302543738702,-52.9517467210041,26.9154492412071));
#5122=CARTESIAN_POINT('Ctrl Pts',(-10.3310802942294,-52.9823255678977,26.9117972474077));
#5123=CARTESIAN_POINT('Ctrl Pts',(-10.3319075420615,-53.0129535631019,26.9081393838864));
#5124=CARTESIAN_POINT('Ctrl Pts',(-10.3326742320149,-53.0438574673489,26.9043339468594));
#5125=CARTESIAN_POINT('Ctrl Pts',(-10.3333726875129,-53.0751739176548,26.9003559275184));
#5126=CARTESIAN_POINT('Ctrl Pts',(-10.3340879334186,-53.1072431946864,26.8962822792269));
#5127=CARTESIAN_POINT('Ctrl Pts',(-10.3347316370307,-53.1397449013014,26.892027566323));
#5128=CARTESIAN_POINT('Ctrl Pts',(-10.3352976576751,-53.1727700122236,26.8875679810932));
#5129=CARTESIAN_POINT('Ctrl Pts',(-10.335879692181,-53.206729469903,26.8829822252351));
#5130=CARTESIAN_POINT('Ctrl Pts',(-10.3363796001719,-53.2412421504447,26.8781797477518));
#5131=CARTESIAN_POINT('Ctrl Pts',(-10.3367927000247,-53.2763517968735,26.8731392255056));
#5132=CARTESIAN_POINT('Ctrl Pts',(-10.337227114421,-53.3132729813239,26.8678386295011));
#5133=CARTESIAN_POINT('Ctrl Pts',(-10.3375655445434,-53.3508542105477,26.8622746579018));
#5134=CARTESIAN_POINT('Ctrl Pts',(-10.3378045197214,-53.3890884592564,26.8564292897707));
#5135=CARTESIAN_POINT('Ctrl Pts',(-10.338052154095,-53.4287081147721,26.850372116437));
#5136=CARTESIAN_POINT('Ctrl Pts',(-10.3381930207819,-53.4690285819049,26.8440126555022));
#5137=CARTESIAN_POINT('Ctrl Pts',(-10.3382250191585,-53.5099855249005,26.8373399965183));
#5138=CARTESIAN_POINT('Ctrl Pts',(-10.3382591195011,-53.5536329198855,26.8302290121291));
#5139=CARTESIAN_POINT('Ctrl Pts',(-10.338169609841,-53.5980027985827,26.8227621329187));
#5140=CARTESIAN_POINT('Ctrl Pts',(-10.3379554793605,-53.6429597398713,26.8149390397716));
#5141=CARTESIAN_POINT('Ctrl Pts',(-10.3379117430234,-53.6521422342806,26.8133411661835));
#5142=CARTESIAN_POINT('Ctrl Pts',(-10.3378628115246,-53.6613490513965,26.8117284779468));
#5143=CARTESIAN_POINT('Ctrl Pts',(-10.3378086814142,-53.6705787922423,26.8101010437229));
#5144=CARTESIAN_POINT('Ctrl Pts',(-11.4036426673187,-54.5478522992939,27.0240243188992));
#5145=CARTESIAN_POINT('Ctrl Pts',(-11.4033378927411,-54.5015495409186,27.0340598675544));
#5146=CARTESIAN_POINT('Ctrl Pts',(-11.402432855882,-54.408682705642,27.0540254312795));
#5147=CARTESIAN_POINT('Ctrl Pts',(-11.4002320815677,-54.2681403484165,27.0836411542776));
#5148=CARTESIAN_POINT('Ctrl Pts',(-11.3972132642196,-54.1253922384043,27.1129490128931));
#5149=CARTESIAN_POINT('Ctrl Pts',(-11.3933915361077,-53.9784292825603,27.1420828920383));
#5150=CARTESIAN_POINT('Ctrl Pts',(-11.3887605404474,-53.8245196851393,27.1712397933653));
#5151=CARTESIAN_POINT('Ctrl Pts',(-11.3833451961196,-53.6614976587554,27.2005050349378));
#5152=CARTESIAN_POINT('Ctrl Pts',(-11.3772691667897,-53.4877199628939,27.2298509331869));
#5153=CARTESIAN_POINT('Ctrl Pts',(-11.3706680788014,-53.3021389456101,27.2591141183428));
#5154=CARTESIAN_POINT('Ctrl Pts',(-11.3637212362321,-53.1042971055904,27.287986472234));
#5155=CARTESIAN_POINT('Ctrl Pts',(-11.3565853456227,-52.8942882212694,27.3159955505772));
#5156=CARTESIAN_POINT('Ctrl Pts',(-11.3494357944906,-52.6726684242064,27.3425100920723));
#5157=CARTESIAN_POINT('Ctrl Pts',(-11.3424859379994,-52.4403082321014,27.366825566038));
#5158=CARTESIAN_POINT('Ctrl Pts',(-11.3359161361579,-52.1979367054427,27.3881602562547));
#5159=CARTESIAN_POINT('Ctrl Pts',(-11.3299540685713,-51.9457148972614,27.4065879814033));
#5160=CARTESIAN_POINT('Ctrl Pts',(-11.3245392838044,-51.6801105633207,27.4200510916874));
#5161=CARTESIAN_POINT('Ctrl Pts',(-11.3203821798757,-51.4086576908382,27.4288427853868));
#5162=CARTESIAN_POINT('Ctrl Pts',(-11.3165776619309,-51.1500434874999,27.4351259816891));
#5163=CARTESIAN_POINT('Ctrl Pts',(-11.3136767746656,-50.9035554636948,27.4382061982997));
#5164=CARTESIAN_POINT('Ctrl Pts',(-11.3118044528169,-50.6631611889661,27.4394398927346));
#5165=CARTESIAN_POINT('Ctrl Pts',(-11.3106601717798,-50.5149527084275,27.4393398282202));
#5166=CARTESIAN_POINT('Ctrl Pts',(-11.3106601717798,-50.4395057018939,27.4393398282202));
#5167=CARTESIAN_POINT('Ctrl Pts',(-11.4615522331947,-54.4292651381976,27.1114217982501));
#5168=CARTESIAN_POINT('Ctrl Pts',(-11.4608419716178,-54.383725861525,27.1208957800619));
#5169=CARTESIAN_POINT('Ctrl Pts',(-11.4592248863878,-54.2921394211216,27.139826233109));
#5170=CARTESIAN_POINT('Ctrl Pts',(-11.4562218783467,-54.1529006618388,27.1681281307986));
#5171=CARTESIAN_POINT('Ctrl Pts',(-11.4526711771928,-54.0108615695974,27.1963501052203));
#5172=CARTESIAN_POINT('Ctrl Pts',(-11.4486057390007,-53.8638348402871,27.2246434773359));
#5173=CARTESIAN_POINT('Ctrl Pts',(-11.4440010439773,-53.7088948384235,27.2532250893915));
#5174=CARTESIAN_POINT('Ctrl Pts',(-11.439098189641,-53.5438478280682,27.2821860305671));
#5175=CARTESIAN_POINT('Ctrl Pts',(-11.434037929714,-53.3671749194767,27.3114814177968));
#5176=CARTESIAN_POINT('Ctrl Pts',(-11.4289662267288,-53.1781350558457,27.3409119615465));
#5177=CARTESIAN_POINT('Ctrl Pts',(-11.4240272599086,-52.9767719033607,27.370101913399));
#5178=CARTESIAN_POINT('Ctrl Pts',(-11.4192935372501,-52.7638902047148,27.3984917629474));
#5179=CARTESIAN_POINT('Ctrl Pts',(-11.4149240847986,-52.5409474076423,27.4253448785022));
#5180=CARTESIAN_POINT('Ctrl Pts',(-11.4110461635089,-52.3098068716434,27.4499894940304));
#5181=CARTESIAN_POINT('Ctrl Pts',(-11.4077448541154,-52.0720345166347,27.4714746849154));
#5182=CARTESIAN_POINT('Ctrl Pts',(-11.4050579177887,-51.8280160951057,27.4907564890891));
#5183=CARTESIAN_POINT('Ctrl Pts',(-11.4031087187825,-51.5733685692049,27.5026077581369));
#5184=CARTESIAN_POINT('Ctrl Pts',(-11.4019411576126,-51.3172650019795,27.5139782229221));
#5185=CARTESIAN_POINT('Ctrl Pts',(-11.4010418742592,-51.0785698310209,27.5216408698687));
#5186=CARTESIAN_POINT('Ctrl Pts',(-11.4010534558457,-50.8535383944495,27.5265268168999));
#5187=CARTESIAN_POINT('Ctrl Pts',(-11.4017584467767,-50.6358445865917,27.5297498754067));
#5188=CARTESIAN_POINT('Ctrl Pts',(-11.402448899148,-50.5054261417708,27.5311285555884));
#5189=CARTESIAN_POINT('Ctrl Pts',(-11.4032202329915,-50.4395057018939,27.5318998894318));
#5190=CARTESIAN_POINT('Ctrl Pts',(-11.5626119653216,-54.2363366821717,27.2850664511841));
#5191=CARTESIAN_POINT('Ctrl Pts',(-11.561526388803,-54.1894098408131,27.2943599046731));
#5192=CARTESIAN_POINT('Ctrl Pts',(-11.5593159426678,-54.0946844918883,27.3130776703066));
#5193=CARTESIAN_POINT('Ctrl Pts',(-11.5560040397766,-53.9497995115415,27.341486750846));
#5194=CARTESIAN_POINT('Ctrl Pts',(-11.5528147232472,-53.8011473968152,27.370243988231));
#5195=CARTESIAN_POINT('Ctrl Pts',(-11.5498752864216,-53.6460648704565,27.3995561044186));
#5196=CARTESIAN_POINT('Ctrl Pts',(-11.5473343431883,-53.4811393919642,27.4296893657752));
#5197=CARTESIAN_POINT('Ctrl Pts',(-11.5452051674166,-53.304141433698,27.4607046027249));
#5198=CARTESIAN_POINT('Ctrl Pts',(-11.5435502455508,-53.1139503100841,27.492466536636));
#5199=CARTESIAN_POINT('Ctrl Pts',(-11.5424256586788,-52.9107733140723,27.5246173389361));
#5200=CARTESIAN_POINT('Ctrl Pts',(-11.5418707333727,-52.6962123900515,27.5565410943048));
#5201=CARTESIAN_POINT('Ctrl Pts',(-11.5419409493108,-52.4732248863978,27.5876172601684));
#5202=CARTESIAN_POINT('Ctrl Pts',(-11.5425680638804,-52.2457627852256,27.616874135937));
#5203=CARTESIAN_POINT('Ctrl Pts',(-11.5437573962194,-52.0180368514242,27.6435841945869));
#5204=CARTESIAN_POINT('Ctrl Pts',(-11.5452287551865,-51.7930583393248,27.6656871570192));
#5205=CARTESIAN_POINT('Ctrl Pts',(-11.5473930797727,-51.5704194511698,27.6818841986976));
#5206=CARTESIAN_POINT('Ctrl Pts',(-11.549594761533,-51.3440121697272,27.6987487216728));
#5207=CARTESIAN_POINT('Ctrl Pts',(-11.5517677790742,-51.1247911567444,27.71187259797));
#5208=CARTESIAN_POINT('Ctrl Pts',(-11.5543425168519,-50.9319179488336,27.7217371985365));
#5209=CARTESIAN_POINT('Ctrl Pts',(-11.5571562618046,-50.753497091522,27.7289847312254));
#5210=CARTESIAN_POINT('Ctrl Pts',(-11.5602180745519,-50.5839000374419,27.7351979172565));
#5211=CARTESIAN_POINT('Ctrl Pts',(-11.562585915469,-50.4876142309931,27.739193580486));
#5212=CARTESIAN_POINT('Ctrl Pts',(-11.5639610275025,-50.4395057018939,27.7413819951606));
#5213=CARTESIAN_POINT('Ctrl Pts',(-11.698349061705,-53.9489014760259,27.647655682615));
#5214=CARTESIAN_POINT('Ctrl Pts',(-11.6982265743607,-53.8876010164888,27.6595662074724));
#5215=CARTESIAN_POINT('Ctrl Pts',(-11.6980741159825,-53.7652825541861,27.6833363648349));
#5216=CARTESIAN_POINT('Ctrl Pts',(-11.6981240117671,-53.5831520120708,27.7185276104475));
#5217=CARTESIAN_POINT('Ctrl Pts',(-11.6984438494012,-53.4010126559573,27.7531655182731));
#5218=CARTESIAN_POINT('Ctrl Pts',(-11.6990105201084,-53.2139164949393,27.7876257372705));
#5219=CARTESIAN_POINT('Ctrl Pts',(-11.6997817425013,-53.0175537545119,27.8222066102576));
#5220=CARTESIAN_POINT('Ctrl Pts',(-11.7007401610403,-52.8108782878325,27.8567858366948));
#5221=CARTESIAN_POINT('Ctrl Pts',(-11.7018407449507,-52.5954055770096,27.8909281934299));
#5222=CARTESIAN_POINT('Ctrl Pts',(-11.7030237690009,-52.3749652722447,27.9238969602764));
#5223=CARTESIAN_POINT('Ctrl Pts',(-11.704232002141,-52.1550202651037,27.9548716761241));
#5224=CARTESIAN_POINT('Ctrl Pts',(-11.7053581173251,-51.9416619899291,27.9825764768127));
#5225=CARTESIAN_POINT('Ctrl Pts',(-11.7064293941682,-51.7404216281662,28.0062338054384));
#5226=CARTESIAN_POINT('Ctrl Pts',(-11.7073462259052,-51.5543089143445,28.0258084418443));
#5227=CARTESIAN_POINT('Ctrl Pts',(-11.7081460140782,-51.3828567904994,28.0417692365121));
#5228=CARTESIAN_POINT('Ctrl Pts',(-11.7087217094893,-51.2157697435091,28.0557200342576));
#5229=CARTESIAN_POINT('Ctrl Pts',(-11.7093194923031,-51.0468339974061,28.0673234712362));
#5230=CARTESIAN_POINT('Ctrl Pts',(-11.7100667221702,-50.8930179142693,28.0773129868475));
#5231=CARTESIAN_POINT('Ctrl Pts',(-11.7109581379672,-50.7659484128719,28.084978308667));
#5232=CARTESIAN_POINT('Ctrl Pts',(-11.7122150686599,-50.6409139046678,28.0923076890587));
#5233=CARTESIAN_POINT('Ctrl Pts',(-11.7138066058716,-50.5244857466175,28.0999090846565));
#5234=CARTESIAN_POINT('Ctrl Pts',(-11.7149595965013,-50.4671685198473,28.1047933888901));
#5235=CARTESIAN_POINT('Ctrl Pts',(-11.715534688314,-50.4395057018939,28.1073131827903));
#5236=CARTESIAN_POINT('Ctrl Pts',(-11.75,-53.9337452912787,27.928456270074));
#5237=CARTESIAN_POINT('Ctrl Pts',(-11.75,-53.8593518013372,27.9411910147551));
#5238=CARTESIAN_POINT('Ctrl Pts',(-11.75,-53.7126591311096,27.9662598462075));
#5239=CARTESIAN_POINT('Ctrl Pts',(-11.75,-53.4996338152577,28.0023604938386));
#5240=CARTESIAN_POINT('Ctrl Pts',(-11.75,-53.2910720306702,28.0371101603687));
#5241=CARTESIAN_POINT('Ctrl Pts',(-11.75,-53.0799684525733,28.0712797647099));
#5242=CARTESIAN_POINT('Ctrl Pts',(-11.75,-52.8625974341027,28.1052470869866));
#5243=CARTESIAN_POINT('Ctrl Pts',(-11.75,-52.6392659254541,28.1388909181275));
#5244=CARTESIAN_POINT('Ctrl Pts',(-11.75,-52.4130669345008,28.1717475943569));
#5245=CARTESIAN_POINT('Ctrl Pts',(-11.75,-52.188968067655,28.2031218330883));
#5246=CARTESIAN_POINT('Ctrl Pts',(-11.75,-51.9726789719154,28.2322251182606));
#5247=CARTESIAN_POINT('Ctrl Pts',(-11.75,-51.7694289160292,28.258323248729));
#5248=CARTESIAN_POINT('Ctrl Pts',(-11.75,-51.5826820399757,28.2808919337196));
#5249=CARTESIAN_POINT('Ctrl Pts',(-11.75,-51.412543361038,28.299802446584));
#5250=CARTESIAN_POINT('Ctrl Pts',(-11.75,-51.2548086610501,28.3154506666435));
#5251=CARTESIAN_POINT('Ctrl Pts',(-11.75,-51.0965606206951,28.3291998127955));
#5252=CARTESIAN_POINT('Ctrl Pts',(-11.75,-50.9429828002993,28.3411362299941));
#5253=CARTESIAN_POINT('Ctrl Pts',(-11.75,-50.8104872887669,28.3503889803949));
#5254=CARTESIAN_POINT('Ctrl Pts',(-11.75,-50.7007610221041,28.3568266442305));
#5255=CARTESIAN_POINT('Ctrl Pts',(-11.75,-50.5943162247186,28.3618434450772));
#5256=CARTESIAN_POINT('Ctrl Pts',(-11.75,-50.502897579184,28.3658636398118));
#5257=CARTESIAN_POINT('Ctrl Pts',(-11.75,-50.4601188728089,28.3680094753179));
#5258=CARTESIAN_POINT('Ctrl Pts',(-11.75,-50.4395057018939,28.3691003061004));
#5259=CARTESIAN_POINT('Ctrl Pts',(-11.75,-53.9339332455111,28.0585923376188));
#5260=CARTESIAN_POINT('Ctrl Pts',(-11.75,-53.8518919689807,28.072478776245));
#5261=CARTESIAN_POINT('Ctrl Pts',(-11.75,-53.6908580365255,28.0997905697073));
#5262=CARTESIAN_POINT('Ctrl Pts',(-11.75,-53.4592544201799,28.1390085641359));
#5263=CARTESIAN_POINT('Ctrl Pts',(-11.75,-53.2339969249202,28.1767234702407));
#5264=CARTESIAN_POINT('Ctrl Pts',(-11.75,-53.0073020227499,28.213777612345));
#5265=CARTESIAN_POINT('Ctrl Pts',(-11.75,-52.7761913387543,28.2504254821393));
#5266=CARTESIAN_POINT('Ctrl Pts',(-11.75,-52.5418864425429,28.2864006223467));
#5267=CARTESIAN_POINT('Ctrl Pts',(-11.75,-52.308371965406,28.3210928961766));
#5268=CARTESIAN_POINT('Ctrl Pts',(-11.75,-52.0811482551124,28.3537006264975));
#5269=CARTESIAN_POINT('Ctrl Pts',(-11.75,-51.8659281931159,28.3833898599606));
#5270=CARTESIAN_POINT('Ctrl Pts',(-11.75,-51.6673678244902,28.4094502615996));
#5271=CARTESIAN_POINT('Ctrl Pts',(-11.75,-51.4877175745384,28.4314573625767));
#5272=CARTESIAN_POINT('Ctrl Pts',(-11.75,-51.3257573059761,28.4494127648658));
#5273=CARTESIAN_POINT('Ctrl Pts',(-11.75,-51.1746754271474,28.4639661650423));
#5274=CARTESIAN_POINT('Ctrl Pts',(-11.75,-51.0243888588828,28.4762905599403));
#5275=CARTESIAN_POINT('Ctrl Pts',(-11.75,-50.8833948254325,28.4861765239631));
#5276=CARTESIAN_POINT('Ctrl Pts',(-11.75,-50.7654843775463,28.492910206707));
#5277=CARTESIAN_POINT('Ctrl Pts',(-11.75,-50.6666447502402,28.4967427981682));
#5278=CARTESIAN_POINT('Ctrl Pts',(-11.75,-50.5717573889906,28.4989706383522));
#5279=CARTESIAN_POINT('Ctrl Pts',(-11.75,-50.4928324820044,28.4999691469884));
#5280=CARTESIAN_POINT('Ctrl Pts',(-11.75,-50.4568198027553,28.5));
#5281=CARTESIAN_POINT('Ctrl Pts',(-11.75,-50.4395057018939,28.5));
#5282=CARTESIAN_POINT('',(-11.75,-53.9339332455111,28.0585923376188));
#5283=CARTESIAN_POINT('Ctrl Pts',(-11.4036426673187,-54.5478522992939,27.0240243188992));
#5284=CARTESIAN_POINT('Ctrl Pts',(-11.4615522331947,-54.4292651381976,27.1114217982501));
#5285=CARTESIAN_POINT('Ctrl Pts',(-11.5626119653216,-54.2363366821717,27.2850664511841));
#5286=CARTESIAN_POINT('Ctrl Pts',(-11.698349061705,-53.9489014760259,27.647655682615));
#5287=CARTESIAN_POINT('Ctrl Pts',(-11.75,-53.9337452912787,27.928456270074));
#5288=CARTESIAN_POINT('Ctrl Pts',(-11.75,-53.9339332455111,28.0585923376188));
#5289=CARTESIAN_POINT('',(-11.75,-50.4395057018939,28.5));
#5290=CARTESIAN_POINT('Ctrl Pts',(-11.75,-53.933933245511,28.0585923376188));
#5291=CARTESIAN_POINT('Ctrl Pts',(-11.75,-53.8886137591225,28.0662631868903));
#5292=CARTESIAN_POINT('Ctrl Pts',(-11.75,-53.8437510442992,28.073864866217));
#5293=CARTESIAN_POINT('Ctrl Pts',(-11.75,-53.7993863425154,28.0813844475255));
#5294=CARTESIAN_POINT('Ctrl Pts',(-11.75,-53.7569979852879,28.0885690489291));
#5295=CARTESIAN_POINT('Ctrl Pts',(-11.75,-53.7150644838591,28.0956786722707));
#5296=CARTESIAN_POINT('Ctrl Pts',(-11.75,-53.6735740187182,28.1027087204284));
#5297=CARTESIAN_POINT('Ctrl Pts',(-11.75,-53.633588038566,28.10948385214));
#5298=CARTESIAN_POINT('Ctrl Pts',(-11.75,-53.5940137332012,28.1161850488568));
#5299=CARTESIAN_POINT('Ctrl Pts',(-11.75,-53.5547921155777,28.1228149633844));
#5300=CARTESIAN_POINT('Ctrl Pts',(-11.75,-53.516770634336,28.1292420101539));
#5301=CARTESIAN_POINT('Ctrl Pts',(-11.75,-53.4790807455542,28.1356020480685));
#5302=CARTESIAN_POINT('Ctrl Pts',(-11.75,-53.441619851222,28.1419043269871));
#5303=CARTESIAN_POINT('Ctrl Pts',(-11.75,-53.3974132192338,28.1493414832485));
#5304=CARTESIAN_POINT('Ctrl Pts',(-11.75,-53.3535261024352,28.1566980971745));
#5305=CARTESIAN_POINT('Ctrl Pts',(-11.75,-53.3097010658955,28.1640018666214));
#5306=CARTESIAN_POINT('Ctrl Pts',(-11.75,-53.2729161022044,28.1701323553814));
#5307=CARTESIAN_POINT('Ctrl Pts',(-11.75,-53.2361699324128,28.1762262830944));
#5308=CARTESIAN_POINT('Ctrl Pts',(-11.75,-53.1993466043637,28.1822957493038));
#5309=CARTESIAN_POINT('Ctrl Pts',(-11.75,-53.1596517767388,28.1888385152004));
#5310=CARTESIAN_POINT('Ctrl Pts',(-11.75,-53.1198670385276,28.1953528872255));
#5311=CARTESIAN_POINT('Ctrl Pts',(-11.75,-53.0799108350969,28.2018461579853));
#5312=CARTESIAN_POINT('Ctrl Pts',(-11.75,-53.0394443216188,28.2084223590794));
#5313=CARTESIAN_POINT('Ctrl Pts',(-11.75,-52.9988024140644,28.2149768580809));
#5314=CARTESIAN_POINT('Ctrl Pts',(-11.75,-52.9579605616543,28.2215097911873));
#5315=CARTESIAN_POINT('Ctrl Pts',(-11.75,-52.9151289238844,28.2283610040456));
#5316=CARTESIAN_POINT('Ctrl Pts',(-11.75,-52.8720776453877,28.2351884673122));
#5317=CARTESIAN_POINT('Ctrl Pts',(-11.75,-52.8288388963615,28.2419848441677));
#5318=CARTESIAN_POINT('Ctrl Pts',(-11.75,-52.7828321761176,28.2492162977992));
#5319=CARTESIAN_POINT('Ctrl Pts',(-11.75,-52.736613563942,28.2564125161405));
#5320=CARTESIAN_POINT('Ctrl Pts',(-11.75,-52.6902841239114,28.263556917447));
#5321=CARTESIAN_POINT('Ctrl Pts',(-11.75,-52.6396382434318,28.2713669512922));
#5322=CARTESIAN_POINT('Ctrl Pts',(-11.75,-52.5888604503142,28.2791150007634));
#5323=CARTESIAN_POINT('Ctrl Pts',(-11.75,-52.5381484992013,28.286771191454));
#5324=CARTESIAN_POINT('Ctrl Pts',(-11.75,-52.4778037930533,28.2958816785739));
#5325=CARTESIAN_POINT('Ctrl Pts',(-11.75,-52.4175533110101,28.3048619829245));
#5326=CARTESIAN_POINT('Ctrl Pts',(-11.75,-52.3578093632287,28.3136517564216));
#5327=CARTESIAN_POINT('Ctrl Pts',(-11.75,-52.2916359196751,28.3233874635847));
#5328=CARTESIAN_POINT('Ctrl Pts',(-11.75,-52.2260889762271,28.332888812298));
#5329=CARTESIAN_POINT('Ctrl Pts',(-11.75,-52.1617678372398,28.3420684978325));
#5330=CARTESIAN_POINT('Ctrl Pts',(-11.75,-52.1072392073784,28.3498506310882));
#5331=CARTESIAN_POINT('Ctrl Pts',(-11.75,-52.053594448949,28.3574012245103));
#5332=CARTESIAN_POINT('Ctrl Pts',(-11.75,-52.0011700286347,28.3646702793712));
#5333=CARTESIAN_POINT('Ctrl Pts',(-11.75,-51.9560035716409,28.3709329609954));
#5334=CARTESIAN_POINT('Ctrl Pts',(-11.75,-51.9117435560259,28.3769865838448));
#5335=CARTESIAN_POINT('Ctrl Pts',(-11.75,-51.8685632634094,28.3828041249172));
#5336=CARTESIAN_POINT('Ctrl Pts',(-11.75,-51.8287729702075,28.3881649423402));
#5337=CARTESIAN_POINT('Ctrl Pts',(-11.75,-51.7898999184427,28.3933252412463));
#5338=CARTESIAN_POINT('Ctrl Pts',(-11.75,-51.7520346300612,28.3982692684549));
#5339=CARTESIAN_POINT('Ctrl Pts',(-11.75,-51.7162741618627,28.4029384717099));
#5340=CARTESIAN_POINT('Ctrl Pts',(-11.75,-51.6814128253869,28.4074147422478));
#5341=CARTESIAN_POINT('Ctrl Pts',(-11.75,-51.6474801279278,28.4116904326672));
#5342=CARTESIAN_POINT('Ctrl Pts',(-11.75,-51.6150127366559,28.4157814871426));
#5343=CARTESIAN_POINT('Ctrl Pts',(-11.75,-51.5833957438793,28.4196888819377));
#5344=CARTESIAN_POINT('Ctrl Pts',(-11.75,-51.5526071992965,28.4234116848794));
#5345=CARTESIAN_POINT('Ctrl Pts',(-11.75,-51.5229072473812,28.427002860424));
#5346=CARTESIAN_POINT('Ctrl Pts',(-11.75,-51.4939783862747,28.4304222429716));
#5347=CARTESIAN_POINT('Ctrl Pts',(-11.75,-51.4657523809451,28.4336748628904));
#5348=CARTESIAN_POINT('Ctrl Pts',(-11.75,-51.4383718924942,28.4368300497857));
#5349=CARTESIAN_POINT('Ctrl Pts',(-11.75,-51.4116529437549,28.4398282951703));
#5350=CARTESIAN_POINT('Ctrl Pts',(-11.75,-51.3854841739814,28.4426801322507));
#5351=CARTESIAN_POINT('Ctrl Pts',(-11.75,-51.3600004825759,28.4454573104186));
#5352=CARTESIAN_POINT('Ctrl Pts',(-11.75,-51.3350386797116,28.4480956284178));
#5353=CARTESIAN_POINT('Ctrl Pts',(-11.75,-51.3104464588258,28.4506108087766));
#5354=CARTESIAN_POINT('Ctrl Pts',(-11.75,-51.2849211749924,28.4532214185646));
#5355=CARTESIAN_POINT('Ctrl Pts',(-11.75,-51.2597941670851,28.4556993294065));
#5356=CARTESIAN_POINT('Ctrl Pts',(-11.75,-51.2348355418688,28.4580694304788));
#5357=CARTESIAN_POINT('Ctrl Pts',(-11.75,-51.2177998241301,28.4596871627269));
#5358=CARTESIAN_POINT('Ctrl Pts',(-11.75,-51.2008375365927,28.4612551427941));
#5359=CARTESIAN_POINT('Ctrl Pts',(-11.75,-51.1839136326049,28.4627788047344));
#5360=CARTESIAN_POINT('Ctrl Pts',(-11.75,-51.1658104302732,28.4644086391042));
#5361=CARTESIAN_POINT('Ctrl Pts',(-11.75,-51.1477515625747,28.4659877402491));
#5362=CARTESIAN_POINT('Ctrl Pts',(-11.75,-51.1297546106186,28.4675182234402));
#5363=CARTESIAN_POINT('Ctrl Pts',(-11.75,-51.1098002225355,28.4692151694354));
#5364=CARTESIAN_POINT('Ctrl Pts',(-11.75,-51.0899226111694,28.4708523121501));
#5365=CARTESIAN_POINT('Ctrl Pts',(-11.75,-51.0702097261447,28.4724275517326));
#5366=CARTESIAN_POINT('Ctrl Pts',(-11.75,-51.0435141852581,28.4745607693023));
#5367=CARTESIAN_POINT('Ctrl Pts',(-11.75,-51.0171221801873,28.4765804501594));
#5368=CARTESIAN_POINT('Ctrl Pts',(-11.75,-50.9913551521698,28.4784724193355));
#5369=CARTESIAN_POINT('Ctrl Pts',(-11.75,-50.9692790427117,28.4800933792147));
#5370=CARTESIAN_POINT('Ctrl Pts',(-11.75,-50.9476669860129,28.4816201978839));
#5371=CARTESIAN_POINT('Ctrl Pts',(-11.75,-50.9267208051078,28.4830426615651));
#5372=CARTESIAN_POINT('Ctrl Pts',(-11.75,-50.9093777082901,28.4842204383376));
#5373=CARTESIAN_POINT('Ctrl Pts',(-11.75,-50.8924921629327,28.4853265802523));
#5374=CARTESIAN_POINT('Ctrl Pts',(-11.75,-50.8761461584157,28.4863568677567));
#5375=CARTESIAN_POINT('Ctrl Pts',(-11.75,-50.8612214600339,28.4872975704363));
#5376=CARTESIAN_POINT('Ctrl Pts',(-11.75,-50.8467471058956,28.48817499241));
#5377=CARTESIAN_POINT('Ctrl Pts',(-11.75,-50.8327456510375,28.4889882096186));
#5378=CARTESIAN_POINT('Ctrl Pts',(-11.75,-50.8195783088351,28.4897529808069));
#5379=CARTESIAN_POINT('Ctrl Pts',(-11.75,-50.8068295747107,28.4904609403112));
#5380=CARTESIAN_POINT('Ctrl Pts',(-11.75,-50.7944749099203,28.4911139370449));
#5381=CARTESIAN_POINT('Ctrl Pts',(-11.75,-50.7825659149619,28.4917433782269));
#5382=CARTESIAN_POINT('Ctrl Pts',(-11.75,-50.7710234450966,28.4923217234006));
#5383=CARTESIAN_POINT('Ctrl Pts',(-11.75,-50.7597785346558,28.4928535438568));
#5384=CARTESIAN_POINT('Ctrl Pts',(-11.75,-50.747101445715,28.4934530982293));
#5385=CARTESIAN_POINT('Ctrl Pts',(-11.75,-50.7347989865272,28.4939936355355));
#5386=CARTESIAN_POINT('Ctrl Pts',(-11.75,-50.7227091778086,28.4944860760703));
#5387=CARTESIAN_POINT('Ctrl Pts',(-11.75,-50.7121821144797,28.4949148630608));
#5388=CARTESIAN_POINT('Ctrl Pts',(-11.75,-50.7018150118825,28.4953072833384));
#5389=CARTESIAN_POINT('Ctrl Pts',(-11.75,-50.6915551273425,28.4956690553717));
#5390=CARTESIAN_POINT('Ctrl Pts',(-11.75,-50.6805857313288,28.4960558453676));
#5391=CARTESIAN_POINT('Ctrl Pts',(-11.75,-50.6697393404634,28.4964075940832));
#5392=CARTESIAN_POINT('Ctrl Pts',(-11.75,-50.6590123129184,28.4967293401281));
#5393=CARTESIAN_POINT('Ctrl Pts',(-11.75,-50.6470810531527,28.4970872058671));
#5394=CARTESIAN_POINT('Ctrl Pts',(-11.75,-50.6352981469025,28.4974079460655));
#5395=CARTESIAN_POINT('Ctrl Pts',(-11.75,-50.6237230561404,28.4976962629297));
#5396=CARTESIAN_POINT('Ctrl Pts',(-11.75,-50.6079391036174,28.4980894157602));
#5397=CARTESIAN_POINT('Ctrl Pts',(-11.75,-50.5925433344296,28.4984223114867));
#5398=CARTESIAN_POINT('Ctrl Pts',(-11.75,-50.5777896934101,28.4987024375927));
#5399=CARTESIAN_POINT('Ctrl Pts',(-11.75,-50.5648932817387,28.4989473006458));
#5400=CARTESIAN_POINT('Ctrl Pts',(-11.75,-50.5524934882989,28.4991516576674));
#5401=CARTESIAN_POINT('Ctrl Pts',(-11.75,-50.5407536664145,28.4993194046194));
#5402=CARTESIAN_POINT('Ctrl Pts',(-11.75,-50.5311715653723,28.4994563205165));
#5403=CARTESIAN_POINT('Ctrl Pts',(-11.75,-50.5220301388433,28.4995687990443));
#5404=CARTESIAN_POINT('Ctrl Pts',(-11.75,-50.5133789107192,28.4996593957187));
#5405=CARTESIAN_POINT('Ctrl Pts',(-11.75,-50.5057760151608,28.4997390141317));
#5406=CARTESIAN_POINT('Ctrl Pts',(-11.75,-50.4985519422282,28.4998017189357));
#5407=CARTESIAN_POINT('Ctrl Pts',(-11.75,-50.4917000052821,28.4998499569896));
#5408=CARTESIAN_POINT('Ctrl Pts',(-11.75,-50.4851588124594,28.499896007386));
#5409=CARTESIAN_POINT('Ctrl Pts',(-11.75,-50.4789572193462,28.4999288595998));
#5410=CARTESIAN_POINT('Ctrl Pts',(-11.75,-50.4730449644023,28.4999515308499));
#5411=CARTESIAN_POINT('Ctrl Pts',(-11.75,-50.467350210492,28.4999733680662));
#5412=CARTESIAN_POINT('Ctrl Pts',(-11.75,-50.4619242499953,28.4999857490199));
#5413=CARTESIAN_POINT('Ctrl Pts',(-11.75,-50.4566741944358,28.4999923881841));
#5414=CARTESIAN_POINT('Ctrl Pts',(-11.75,-50.4516413366092,28.4999987526824));
#5415=CARTESIAN_POINT('Ctrl Pts',(-11.75,-50.4467703165113,28.499999834418));
#5416=CARTESIAN_POINT('Ctrl Pts',(-11.75,-50.4419306608448,28.4999999762192));
#5417=CARTESIAN_POINT('Ctrl Pts',(-11.75,-50.4411218346041,28.4999999999177));
#5418=CARTESIAN_POINT('Ctrl Pts',(-11.75,-50.4403137664283,28.5));
#5419=CARTESIAN_POINT('Ctrl Pts',(-11.75,-50.4395057018939,28.5));
#5420=CARTESIAN_POINT('Origin',(-10.25,-50.4395057018939,28.5));
#5421=CARTESIAN_POINT('Ctrl Pts',(-11.4036426673187,-54.5478522992939,27.0240243188992));
#5422=CARTESIAN_POINT('Ctrl Pts',(-11.4615522331947,-54.4292651381976,27.1114217982501));
#5423=CARTESIAN_POINT('Ctrl Pts',(-11.5626119653216,-54.2363366821717,27.2850664511841));
#5424=CARTESIAN_POINT('Ctrl Pts',(-11.698349061705,-53.9489014760259,27.647655682615));
#5425=CARTESIAN_POINT('Ctrl Pts',(-11.75,-53.9337452912787,27.928456270074));
#5426=CARTESIAN_POINT('Ctrl Pts',(-11.75,-53.9339332455111,28.0585923376188));
#5427=CARTESIAN_POINT('Ctrl Pts',(-11.4261206909661,-54.619139009821,27.0317095020178));
#5428=CARTESIAN_POINT('Ctrl Pts',(-11.4809311253972,-54.5088574448181,27.1171857315643));
#5429=CARTESIAN_POINT('Ctrl Pts',(-11.5766568823197,-54.3298857074654,27.2874406270891));
#5430=CARTESIAN_POINT('Ctrl Pts',(-11.7033339233249,-54.0964866400634,27.637127047));
#5431=CARTESIAN_POINT('Ctrl Pts',(-11.75,-54.1197368475589,27.9020417445192));
#5432=CARTESIAN_POINT('Ctrl Pts',(-11.75,-54.1390364368369,28.0238762410533));
#5433=CARTESIAN_POINT('Ctrl Pts',(-11.4678682083394,-54.7753664247634,27.0450561563743));
#5434=CARTESIAN_POINT('Ctrl Pts',(-11.5169730415903,-54.6817849499403,27.1264442985627));
#5435=CARTESIAN_POINT('Ctrl Pts',(-11.6026726518141,-54.5338157356986,27.2890197296902));
#5436=CARTESIAN_POINT('Ctrl Pts',(-11.7124281617442,-54.4171175096622,27.6109853108808));
#5437=CARTESIAN_POINT('Ctrl Pts',(-11.75,-54.5138149663689,27.8446200879407));
#5438=CARTESIAN_POINT('Ctrl Pts',(-11.75,-54.5698358822192,27.9513402416147));
#5439=CARTESIAN_POINT('Ctrl Pts',(-11.5219294316392,-55.0515569487357,27.0592711573383));
#5440=CARTESIAN_POINT('Ctrl Pts',(-11.5636482983391,-54.9837452748392,27.134071495852));
#5441=CARTESIAN_POINT('Ctrl Pts',(-11.6359129833309,-54.8911246652477,27.2832643991929));
#5442=CARTESIAN_POINT('Ctrl Pts',(-11.7233301028587,-54.9438065507063,27.5630027915793));
#5443=CARTESIAN_POINT('Ctrl Pts',(-11.75,-55.1098444637869,27.7574840252057));
#5444=CARTESIAN_POINT('Ctrl Pts',(-11.75,-55.2000442312448,27.8481388889848));
#5445=CARTESIAN_POINT('Ctrl Pts',(-11.5676720361653,-55.3628629707297,27.0694253791334));
#5446=CARTESIAN_POINT('Ctrl Pts',(-11.602944461922,-55.3194831579058,27.137747545004));
#5447=CARTESIAN_POINT('Ctrl Pts',(-11.6631899459347,-55.2835182258151,27.2734803729292));
#5448=CARTESIAN_POINT('Ctrl Pts',(-11.7312801057272,-55.4473103176138,27.5180126950938));
#5449=CARTESIAN_POINT('Ctrl Pts',(-11.75,-55.6240078853667,27.6856277446261));
#5450=CARTESIAN_POINT('Ctrl Pts',(-11.75,-55.7236765770797,27.7669117172129));
#5451=CARTESIAN_POINT('Ctrl Pts',(-11.6041985033679,-55.7110392436778,27.0761508330667));
#5452=CARTESIAN_POINT('Ctrl Pts',(-11.6338484608118,-55.689952292346,27.1385232375107));
#5453=CARTESIAN_POINT('Ctrl Pts',(-11.6837071109192,-55.7059418990816,27.2624014892919));
#5454=CARTESIAN_POINT('Ctrl Pts',(-11.7361895388389,-55.9301836083106,27.478735260942));
#5455=CARTESIAN_POINT('Ctrl Pts',(-11.75,-56.1126269572006,27.6265603284008));
#5456=CARTESIAN_POINT('Ctrl Pts',(-11.75,-56.22247931731,27.7008405193729));
#5457=CARTESIAN_POINT('Ctrl Pts',(-11.6293510926906,-56.165014158401,27.0709108290769));
#5458=CARTESIAN_POINT('Ctrl Pts',(-11.6544893743832,-56.1683233315699,27.1277216032685));
#5459=CARTESIAN_POINT('Ctrl Pts',(-11.6963115992505,-56.233930865985,27.2412822140872));
#5460=CARTESIAN_POINT('Ctrl Pts',(-11.7385459552829,-56.4663614653899,27.4366499897318));
#5461=CARTESIAN_POINT('Ctrl Pts',(-11.75,-56.6124384531716,27.5755364201443));
#5462=CARTESIAN_POINT('Ctrl Pts',(-11.75,-56.6979484656605,27.6476655589598));
#5463=CARTESIAN_POINT('Ctrl Pts',(-11.6407872845123,-56.655550113487,27.0579389554519));
#5464=CARTESIAN_POINT('Ctrl Pts',(-11.6633100914468,-56.663625933347,27.1124149515509));
#5465=CARTESIAN_POINT('Ctrl Pts',(-11.7012205080814,-56.7215393605392,27.2239354541208));
#5466=CARTESIAN_POINT('Ctrl Pts',(-11.7396059030236,-56.8593224126265,27.4145285262285));
#5467=CARTESIAN_POINT('Ctrl Pts',(-11.75,-56.9594664670439,27.5514215324741));
#5468=CARTESIAN_POINT('Ctrl Pts',(-11.75,-57.0185495750324,27.6222299856667));
#5469=CARTESIAN_POINT('Ctrl Pts',(-11.6407389917658,-57.1277624708371,27.0461930721545));
#5470=CARTESIAN_POINT('Ctrl Pts',(-11.6633426850788,-57.1323590272674,27.1021896993413));
#5471=CARTESIAN_POINT('Ctrl Pts',(-11.7022744838558,-57.1638834059704,27.2187436456391));
#5472=CARTESIAN_POINT('Ctrl Pts',(-11.7407289584579,-57.2335141011929,27.4085617787051));
#5473=CARTESIAN_POINT('Ctrl Pts',(-11.75,-57.2965342786322,27.5420151241978));
#5474=CARTESIAN_POINT('Ctrl Pts',(-11.75,-57.3251476410754,27.6100825022792));
#5475=CARTESIAN_POINT('Ctrl Pts',(-11.6397316061253,-57.363732490317,27.0447893121341));
#5476=CARTESIAN_POINT('Ctrl Pts',(-11.663426806216,-57.3661782581162,27.1031253644656));
#5477=CARTESIAN_POINT('Ctrl Pts',(-11.7038030345879,-57.3770309738935,27.2236181329977));
#5478=CARTESIAN_POINT('Ctrl Pts',(-11.7413733270975,-57.4046871628495,27.4132453917217));
#5479=CARTESIAN_POINT('Ctrl Pts',(-11.75,-57.4228954107308,27.5436326633783));
#5480=CARTESIAN_POINT('Ctrl Pts',(-11.75,-57.4311548330044,27.6092767459504));
#5481=CARTESIAN_POINT('Ctrl Pts',(-11.6397316061253,-57.4744400851578,27.0447893121341));
#5482=CARTESIAN_POINT('Ctrl Pts',(-11.6639309594094,-57.4744400851578,27.1043665570684));
#5483=CARTESIAN_POINT('Ctrl Pts',(-11.7046568123925,-57.4744400851578,27.2266372616367));
#5484=CARTESIAN_POINT('Ctrl Pts',(-11.7417184858829,-57.4744400851578,27.416363875278));
#5485=CARTESIAN_POINT('Ctrl Pts',(-11.75,-57.4744400851579,27.5449723385328));
#5486=CARTESIAN_POINT('Ctrl Pts',(-11.75,-57.4744400851579,27.6092767459504));
#5487=CARTESIAN_POINT('',(-11.6397316061253,-57.4744400851578,27.0447893121341));
#5488=CARTESIAN_POINT('Ctrl Pts',(-11.4036426673187,-54.5478522992939,27.0240243188992));
#5489=CARTESIAN_POINT('Ctrl Pts',(-11.4261206909661,-54.619139009821,27.0317095020178));
#5490=CARTESIAN_POINT('Ctrl Pts',(-11.4678682083394,-54.7753664247634,27.0450561563743));
#5491=CARTESIAN_POINT('Ctrl Pts',(-11.5219294316392,-55.0515569487357,27.0592711573383));
#5492=CARTESIAN_POINT('Ctrl Pts',(-11.5676720361653,-55.3628629707297,27.0694253791334));
#5493=CARTESIAN_POINT('Ctrl Pts',(-11.6041985033679,-55.7110392436778,27.0761508330667));
#5494=CARTESIAN_POINT('Ctrl Pts',(-11.6293510926906,-56.165014158401,27.0709108290769));
#5495=CARTESIAN_POINT('Ctrl Pts',(-11.6407872845123,-56.655550113487,27.0579389554519));
#5496=CARTESIAN_POINT('Ctrl Pts',(-11.6407389917658,-57.1277624708371,27.0461930721545));
#5497=CARTESIAN_POINT('Ctrl Pts',(-11.6397316061253,-57.363732490317,27.0447893121341));
#5498=CARTESIAN_POINT('Ctrl Pts',(-11.6397316061253,-57.4744400851578,27.0447893121341));
#5499=CARTESIAN_POINT('',(-11.75,-57.4744400851578,27.6092767459504));
#5500=CARTESIAN_POINT('Origin',(-10.25,-57.4744400851578,27.6092767459504));
#5501=CARTESIAN_POINT('Ctrl Pts',(-11.75,-57.4744400851578,27.6092767459504));
#5502=CARTESIAN_POINT('Ctrl Pts',(-11.75,-57.4682380629742,27.6092767459504));
#5503=CARTESIAN_POINT('Ctrl Pts',(-11.75,-57.46203146662,27.6092769327113));
#5504=CARTESIAN_POINT('Ctrl Pts',(-11.75,-57.4556330502102,27.6092873545432));
#5505=CARTESIAN_POINT('Ctrl Pts',(-11.75,-57.4490413673133,27.6092980911703));
#5506=CARTESIAN_POINT('Ctrl Pts',(-11.75,-57.4422462626555,27.6093196821446));
#5507=CARTESIAN_POINT('Ctrl Pts',(-11.75,-57.4350999140101,27.6093608061421));
#5508=CARTESIAN_POINT('Ctrl Pts',(-11.75,-57.4276999022956,27.6094033898556));
#5509=CARTESIAN_POINT('Ctrl Pts',(-11.75,-57.4199234597612,27.6094669077841));
#5510=CARTESIAN_POINT('Ctrl Pts',(-11.75,-57.411663922944,27.6095586979009));
#5511=CARTESIAN_POINT('Ctrl Pts',(-11.75,-57.4030491049216,27.6096544363387));
#5512=CARTESIAN_POINT('Ctrl Pts',(-11.75,-57.3939089722672,27.6097809188575));
#5513=CARTESIAN_POINT('Ctrl Pts',(-11.75,-57.384180733157,27.6099441878211));
#5514=CARTESIAN_POINT('Ctrl Pts',(-11.75,-57.3739219188226,27.6101163614247));
#5515=CARTESIAN_POINT('Ctrl Pts',(-11.75,-57.3630094001404,27.6103294266497));
#5516=CARTESIAN_POINT('Ctrl Pts',(-11.75,-57.3514289290909,27.6105882077451));
#5517=CARTESIAN_POINT('Ctrl Pts',(-11.75,-57.3389866956444,27.6108662460726));
#5518=CARTESIAN_POINT('Ctrl Pts',(-11.75,-57.3257738253156,27.6111970322825));
#5519=CARTESIAN_POINT('Ctrl Pts',(-11.75,-57.311833972158,27.611584327769));
#5520=CARTESIAN_POINT('Ctrl Pts',(-11.75,-57.2962039672651,27.6120185812924));
#5521=CARTESIAN_POINT('Ctrl Pts',(-11.75,-57.2796607008605,27.6125238322184));
#5522=CARTESIAN_POINT('Ctrl Pts',(-11.75,-57.2623319807925,27.6131032250168));
#5523=CARTESIAN_POINT('Ctrl Pts',(-11.75,-57.2374504175596,27.6139351501962));
#5524=CARTESIAN_POINT('Ctrl Pts',(-11.75,-57.2109517468017,27.6149196765448));
#5525=CARTESIAN_POINT('Ctrl Pts',(-11.75,-57.1833342538281,27.6160638207192));
#5526=CARTESIAN_POINT('Ctrl Pts',(-11.75,-57.1633159064827,27.6168931456517));
#5527=CARTESIAN_POINT('Ctrl Pts',(-11.75,-57.1427137537576,27.6178062288161));
#5528=CARTESIAN_POINT('Ctrl Pts',(-11.75,-57.1217085049378,27.618807336458));
#5529=CARTESIAN_POINT('Ctrl Pts',(-11.75,-57.1019528623634,27.619748888016));
#5530=CARTESIAN_POINT('Ctrl Pts',(-11.75,-57.0818424148603,27.6207682323189));
#5531=CARTESIAN_POINT('Ctrl Pts',(-11.75,-57.0614851660083,27.6218716185331));
#5532=CARTESIAN_POINT('Ctrl Pts',(-11.75,-57.0435447208271,27.6228440112191));
#5533=CARTESIAN_POINT('Ctrl Pts',(-11.75,-57.0254128722897,27.6238816744479));
#5534=CARTESIAN_POINT('Ctrl Pts',(-11.75,-57.0071180629835,27.6249914227548));
#5535=CARTESIAN_POINT('Ctrl Pts',(-11.75,-56.9899929381132,27.6260302189517));
#5536=CARTESIAN_POINT('Ctrl Pts',(-11.75,-56.9727253394012,27.6271321674965));
#5537=CARTESIAN_POINT('Ctrl Pts',(-11.75,-56.955291787462,27.6283053253161));
#5538=CARTESIAN_POINT('Ctrl Pts',(-11.75,-56.9386948570471,27.6294221842767));
#5539=CARTESIAN_POINT('Ctrl Pts',(-11.75,-56.921947763125,27.6306035736095));
#5540=CARTESIAN_POINT('Ctrl Pts',(-11.75,-56.9049823859674,27.6318588902963));
#5541=CARTESIAN_POINT('Ctrl Pts',(-11.75,-56.8882977094691,27.6330934371401));
#5542=CARTESIAN_POINT('Ctrl Pts',(-11.75,-56.8714022396541,27.6343994739635));
#5543=CARTESIAN_POINT('Ctrl Pts',(-11.75,-56.8541788600037,27.6357885514562));
#5544=CARTESIAN_POINT('Ctrl Pts',(-11.75,-56.8365083471281,27.6372136905531));
#5545=CARTESIAN_POINT('Ctrl Pts',(-11.75,-56.8184842021601,27.6387268543044));
#5546=CARTESIAN_POINT('Ctrl Pts',(-11.75,-56.7999918907713,27.6403382260299));
#5547=CARTESIAN_POINT('Ctrl Pts',(-11.75,-56.7803424057823,27.6420504308411));
#5548=CARTESIAN_POINT('Ctrl Pts',(-11.75,-56.7601643021885,27.6438735193742));
#5549=CARTESIAN_POINT('Ctrl Pts',(-11.75,-56.7393803673515,27.6458137717341));
#5550=CARTESIAN_POINT('Ctrl Pts',(-11.75,-56.7177189729018,27.6478359379905));
#5551=CARTESIAN_POINT('Ctrl Pts',(-11.75,-56.6953998141485,27.6499853367801));
#5552=CARTESIAN_POINT('Ctrl Pts',(-11.75,-56.6723965380397,27.6522631008096));
#5553=CARTESIAN_POINT('Ctrl Pts',(-11.75,-56.6479776478186,27.6546810376949));
#5554=CARTESIAN_POINT('Ctrl Pts',(-11.75,-56.6227881784263,27.6572435874507));
#5555=CARTESIAN_POINT('Ctrl Pts',(-11.75,-56.5968593342403,27.6599460348943));
#5556=CARTESIAN_POINT('Ctrl Pts',(-11.75,-56.5686479924799,27.66288637685));
#5557=CARTESIAN_POINT('Ctrl Pts',(-11.75,-56.53956185922,27.6659922736235));
#5558=CARTESIAN_POINT('Ctrl Pts',(-11.75,-56.5097071919688,27.6692513857264));
#5559=CARTESIAN_POINT('Ctrl Pts',(-11.75,-56.4752460848123,27.6730133640619));
#5560=CARTESIAN_POINT('Ctrl Pts',(-11.75,-56.4397619204689,27.6769793695445));
#5561=CARTESIAN_POINT('Ctrl Pts',(-11.75,-56.4034925998356,27.6811236774098));
#5562=CARTESIAN_POINT('Ctrl Pts',(-11.75,-56.3589895786251,27.6862088076966));
#5563=CARTESIAN_POINT('Ctrl Pts',(-11.75,-56.3133091518626,27.6915618385673));
#5564=CARTESIAN_POINT('Ctrl Pts',(-11.75,-56.2669536798887,27.6971307956727));
#5565=CARTESIAN_POINT('Ctrl Pts',(-11.75,-56.2291131873125,27.701676797925));
#5566=CARTESIAN_POINT('Ctrl Pts',(-11.75,-56.19082639045,27.7063663645592));
#5567=CARTESIAN_POINT('Ctrl Pts',(-11.75,-56.1523422368873,27.7111748223421));
#5568=CARTESIAN_POINT('Ctrl Pts',(-11.75,-56.1195729430805,27.7152692287733));
#5569=CARTESIAN_POINT('Ctrl Pts',(-11.75,-56.086661223355,27.719449785333));
#5570=CARTESIAN_POINT('Ctrl Pts',(-11.75,-56.05372004355,27.723706012738));
#5571=CARTESIAN_POINT('Ctrl Pts',(-11.75,-56.0234574564512,27.7276161475091));
#5572=CARTESIAN_POINT('Ctrl Pts',(-11.75,-55.9931704246252,27.7315901097834));
#5573=CARTESIAN_POINT('Ctrl Pts',(-11.75,-55.9629021394689,27.7356247271088));
#5574=CARTESIAN_POINT('Ctrl Pts',(-11.75,-55.9343574686687,27.7394295949024));
#5575=CARTESIAN_POINT('Ctrl Pts',(-11.75,-55.9058297737234,27.7432883782966));
#5576=CARTESIAN_POINT('Ctrl Pts',(-11.75,-55.8773089994521,27.7472034781906));
#5577=CARTESIAN_POINT('Ctrl Pts',(-11.75,-55.8500428121308,27.7509463585933));
#5578=CARTESIAN_POINT('Ctrl Pts',(-11.75,-55.8227831876173,27.7547406873807));
#5579=CARTESIAN_POINT('Ctrl Pts',(-11.75,-55.7954738888044,27.7585936931648));
#5580=CARTESIAN_POINT('Ctrl Pts',(-11.75,-55.7556335218039,27.7642146783665));
#5581=CARTESIAN_POINT('Ctrl Pts',(-11.75,-55.7156881554976,27.7699606066307));
#5582=CARTESIAN_POINT('Ctrl Pts',(-11.75,-55.6752957585286,27.775871392683));
#5583=CARTESIAN_POINT('Ctrl Pts',(-11.75,-55.6422235578877,27.7807109842135));
#5584=CARTESIAN_POINT('Ctrl Pts',(-11.75,-55.6088486342554,27.7856613908356));
#5585=CARTESIAN_POINT('Ctrl Pts',(-11.75,-55.5750297975473,27.7907376118618));
#5586=CARTESIAN_POINT('Ctrl Pts',(-11.75,-55.5402715926056,27.7959548324387));
#5587=CARTESIAN_POINT('Ctrl Pts',(-11.75,-55.505044637198,27.8013049306843));
#5588=CARTESIAN_POINT('Ctrl Pts',(-11.75,-55.4692519769536,27.8067962845969));
#5589=CARTESIAN_POINT('Ctrl Pts',(-11.75,-55.4323070552011,27.8124644198859));
#5590=CARTESIAN_POINT('Ctrl Pts',(-11.75,-55.3947596141154,27.8182830248045));
#5591=CARTESIAN_POINT('Ctrl Pts',(-11.75,-55.3565595025227,27.8242533850529));
#5592=CARTESIAN_POINT('Ctrl Pts',(-11.75,-55.316897598443,27.830452211329));
#5593=CARTESIAN_POINT('Ctrl Pts',(-11.75,-55.2765323532396,27.8368145965225));
#5594=CARTESIAN_POINT('Ctrl Pts',(-11.75,-55.2354642915899,27.8433340235585));
#5595=CARTESIAN_POINT('Ctrl Pts',(-11.75,-55.1924601680397,27.8501607943986));
#5596=CARTESIAN_POINT('Ctrl Pts',(-11.75,-55.1486857000517,27.8571597210816));
#5597=CARTESIAN_POINT('Ctrl Pts',(-11.75,-55.1041984021242,27.8643153252547));
#5598=CARTESIAN_POINT('Ctrl Pts',(-11.75,-55.0550507843067,27.8722205232672));
#5599=CARTESIAN_POINT('Ctrl Pts',(-11.75,-55.0050332344035,27.8803169350967));
#5600=CARTESIAN_POINT('Ctrl Pts',(-11.75,-54.9542890660661,27.8885744452277));
#5601=CARTESIAN_POINT('Ctrl Pts',(-11.75,-54.8982969865987,27.8976859387965));
#5602=CARTESIAN_POINT('Ctrl Pts',(-11.75,-54.8414209387741,27.9069934756318));
#5603=CARTESIAN_POINT('Ctrl Pts',(-11.75,-54.783923805356,27.9164466944241));
#5604=CARTESIAN_POINT('Ctrl Pts',(-11.75,-54.7127266228214,27.9281523657138));
#5605=CARTESIAN_POINT('Ctrl Pts',(-11.75,-54.6405788191673,27.9400811789901));
#5606=CARTESIAN_POINT('Ctrl Pts',(-11.75,-54.5680667300855,27.9521251932557));
#5607=CARTESIAN_POINT('Ctrl Pts',(-11.75,-54.4972712190365,27.9638840896798));
#5608=CARTESIAN_POINT('Ctrl Pts',(-11.75,-54.4261341126834,27.975752005738));
#5609=CARTESIAN_POINT('Ctrl Pts',(-11.75,-54.3552111935911,27.9876269653966));
#5610=CARTESIAN_POINT('Ctrl Pts',(-11.75,-54.2968320033107,27.997401669235));
#5611=CARTESIAN_POINT('Ctrl Pts',(-11.75,-54.2385994839843,28.0071809267329));
#5612=CARTESIAN_POINT('Ctrl Pts',(-11.75,-54.1807893385038,28.0169126128547));
#5613=CARTESIAN_POINT('Ctrl Pts',(-11.75,-54.12985365408,28.0254870609743));
#5614=CARTESIAN_POINT('Ctrl Pts',(-11.75,-54.0792462791144,28.0340245199494));
#5615=CARTESIAN_POINT('Ctrl Pts',(-11.75,-54.0291156032053,28.0424949371287));
#5616=CARTESIAN_POINT('Ctrl Pts',(-11.75,-53.9971865337544,28.0478898880943));
#5617=CARTESIAN_POINT('Ctrl Pts',(-11.75,-53.9654500237334,28.0532577569664));
#5618=CARTESIAN_POINT('Ctrl Pts',(-11.75,-53.933933245511,28.0585923376188));
#5619=CARTESIAN_POINT('Ctrl Pts',(-11.4036426673187,-54.5478522992939,27.0240243188992));
#5620=CARTESIAN_POINT('Ctrl Pts',(-11.4261206909661,-54.619139009821,27.0317095020178));
#5621=CARTESIAN_POINT('Ctrl Pts',(-11.4678682083394,-54.7753664247634,27.0450561563743));
#5622=CARTESIAN_POINT('Ctrl Pts',(-11.5219294316392,-55.0515569487357,27.0592711573383));
#5623=CARTESIAN_POINT('Ctrl Pts',(-11.5676720361653,-55.3628629707297,27.0694253791334));
#5624=CARTESIAN_POINT('Ctrl Pts',(-11.6041985033679,-55.7110392436778,27.0761508330667));
#5625=CARTESIAN_POINT('Ctrl Pts',(-11.6293510926906,-56.165014158401,27.0709108290769));
#5626=CARTESIAN_POINT('Ctrl Pts',(-11.6407872845123,-56.655550113487,27.0579389554519));
#5627=CARTESIAN_POINT('Ctrl Pts',(-11.6407389917658,-57.1277624708371,27.0461930721545));
#5628=CARTESIAN_POINT('Ctrl Pts',(-11.6397316061253,-57.363732490317,27.0447893121341));
#5629=CARTESIAN_POINT('Ctrl Pts',(-11.6397316061253,-57.4744400851578,27.0447893121341));
#5630=CARTESIAN_POINT('Ctrl Pts',(-11.4056744978358,-54.8565373551291,26.9571206611979));
#5631=CARTESIAN_POINT('Ctrl Pts',(-11.425881934872,-54.9234156613997,26.9641285083518));
#5632=CARTESIAN_POINT('Ctrl Pts',(-11.4637384141443,-55.0695884674853,26.9766081427614));
#5633=CARTESIAN_POINT('Ctrl Pts',(-11.5131993614349,-55.3176899472866,26.9921795154288));
#5634=CARTESIAN_POINT('Ctrl Pts',(-11.5550612570744,-55.587540745675,27.0060065073449));
#5635=CARTESIAN_POINT('Ctrl Pts',(-11.588034956304,-55.9103178353415,27.0142817320036));
#5636=CARTESIAN_POINT('Ctrl Pts',(-11.6098696850535,-56.330000078221,27.0098948076316));
#5637=CARTESIAN_POINT('Ctrl Pts',(-11.6188317974633,-56.751408863631,27.0007489416937));
#5638=CARTESIAN_POINT('Ctrl Pts',(-11.6177954089112,-57.1688811140666,26.9895324431076));
#5639=CARTESIAN_POINT('Ctrl Pts',(-11.6160364060345,-57.3735875663891,26.9864532598026));
#5640=CARTESIAN_POINT('Ctrl Pts',(-11.6155322528411,-57.4744400851578,26.9852120671998));
#5641=CARTESIAN_POINT('Ctrl Pts',(-11.4016198844234,-55.4350236943482,26.8257334030613));
#5642=CARTESIAN_POINT('Ctrl Pts',(-11.4180046175133,-55.4870719637334,26.8337889355243));
#5643=CARTESIAN_POINT('Ctrl Pts',(-11.448696168229,-55.5965703435142,26.849319640107));
#5644=CARTESIAN_POINT('Ctrl Pts',(-11.4883951285763,-55.7842152906512,26.8700825844368));
#5645=CARTESIAN_POINT('Ctrl Pts',(-11.5211314440225,-56.0264814243962,26.8841232904636));
#5646=CARTESIAN_POINT('Ctrl Pts',(-11.5455271164629,-56.3287025422187,26.8893062301278));
#5647=CARTESIAN_POINT('Ctrl Pts',(-11.5601395830408,-56.6415092117603,26.8894371085844));
#5648=CARTESIAN_POINT('Ctrl Pts',(-11.565178525252,-56.9636542250448,26.8841114282347));
#5649=CARTESIAN_POINT('Ctrl Pts',(-11.5636518290488,-57.2508858561164,26.8763268322256));
#5650=CARTESIAN_POINT('Ctrl Pts',(-11.5609543058734,-57.3969803606192,26.8719337884106));
#5651=CARTESIAN_POINT('Ctrl Pts',(-11.5594609573045,-57.4744400851578,26.869174443501));
#5652=CARTESIAN_POINT('Ctrl Pts',(-11.2997784282662,-56.483207232693,26.5735144753966));
#5653=CARTESIAN_POINT('Ctrl Pts',(-11.3140389607583,-56.5125155768284,26.5858134318439));
#5654=CARTESIAN_POINT('Ctrl Pts',(-11.340996073885,-56.5792500323716,26.6089416616986));
#5655=CARTESIAN_POINT('Ctrl Pts',(-11.3766871104107,-56.7009042297429,26.6392600043901));
#5656=CARTESIAN_POINT('Ctrl Pts',(-11.4071793825474,-56.8327704023066,26.6658576493885));
#5657=CARTESIAN_POINT('Ctrl Pts',(-11.4314106272048,-56.9671901961843,26.6881628389937));
#5658=CARTESIAN_POINT('Ctrl Pts',(-11.4484842708503,-57.1075504815581,26.70404881117));
#5659=CARTESIAN_POINT('Ctrl Pts',(-11.4579140455171,-57.2369802510149,26.7132254829272));
#5660=CARTESIAN_POINT('Ctrl Pts',(-11.4594435852588,-57.3514741011057,26.7147858271157));
#5661=CARTESIAN_POINT('Ctrl Pts',(-11.4556520998985,-57.4337746987641,26.7098181829087));
#5662=CARTESIAN_POINT('Ctrl Pts',(-11.4537249117801,-57.4744400851578,26.7073422951417));
#5663=CARTESIAN_POINT('Ctrl Pts',(-11.2223402105725,-56.9738197660987,26.457631451129));
#5664=CARTESIAN_POINT('Ctrl Pts',(-11.2360403354403,-56.9836883245595,26.4717134732819));
#5665=CARTESIAN_POINT('Ctrl Pts',(-11.2621573408621,-57.0078868630681,26.4985585022481));
#5666=CARTESIAN_POINT('Ctrl Pts',(-11.2967766935143,-57.0562358821178,26.5341428852863));
#5667=CARTESIAN_POINT('Ctrl Pts',(-11.3259375961349,-57.1148055302009,26.5641166614864));
#5668=CARTESIAN_POINT('Ctrl Pts',(-11.3483886211839,-57.1811525567616,26.5871935191899));
#5669=CARTESIAN_POINT('Ctrl Pts',(-11.3634658032956,-57.2525414612344,26.6026909846911));
#5670=CARTESIAN_POINT('Ctrl Pts',(-11.3712558640503,-57.3260863954995,26.610698196974));
#5671=CARTESIAN_POINT('Ctrl Pts',(-11.3726809390219,-57.3998517026445,26.6121629965662));
#5672=CARTESIAN_POINT('Ctrl Pts',(-11.3709135743967,-57.4493513494199,26.6103463658388));
#5673=CARTESIAN_POINT('Ctrl Pts',(-11.3699793908937,-57.4744400851578,26.6093861415408));
#5674=CARTESIAN_POINT('Ctrl Pts',(-11.1869715421574,-57.1693344782318,26.4212768648062));
#5675=CARTESIAN_POINT('Ctrl Pts',(-11.1986334837488,-57.1738183368239,26.433263888386));
#5676=CARTESIAN_POINT('Ctrl Pts',(-11.2213246471036,-57.1855564733263,26.4565875783611));
#5677=CARTESIAN_POINT('Ctrl Pts',(-11.2521742739407,-57.2108126625013,26.4882971527424));
#5678=CARTESIAN_POINT('Ctrl Pts',(-11.2785587151832,-57.2427787167886,26.5154170724258));
#5679=CARTESIAN_POINT('Ctrl Pts',(-11.2991691603149,-57.2804600999434,26.5366020431998));
#5680=CARTESIAN_POINT('Ctrl Pts',(-11.3135266504996,-57.3231548689703,26.5513597550304));
#5681=CARTESIAN_POINT('Ctrl Pts',(-11.3218720263615,-57.3700513896901,26.5599377620846));
#5682=CARTESIAN_POINT('Ctrl Pts',(-11.3251037180685,-57.4204518775266,26.5632595386852));
#5683=CARTESIAN_POINT('Ctrl Pts',(-11.3251385827513,-57.4561207138731,26.563295375237));
#5684=CARTESIAN_POINT('Ctrl Pts',(-11.3251385827513,-57.4744400851578,26.563295375237));
#5685=CARTESIAN_POINT('',(-11.1869715421574,-57.1693344782318,26.4212768648062));
#5686=CARTESIAN_POINT('Ctrl Pts',(-11.4036426673187,-54.5478522992939,27.0240243188992));
#5687=CARTESIAN_POINT('Ctrl Pts',(-11.4056744978358,-54.8565373551291,26.9571206611979));
#5688=CARTESIAN_POINT('Ctrl Pts',(-11.4016198844234,-55.4350236943482,26.8257334030613));
#5689=CARTESIAN_POINT('Ctrl Pts',(-11.2997784282662,-56.483207232693,26.5735144753966));
#5690=CARTESIAN_POINT('Ctrl Pts',(-11.2223402105725,-56.9738197660987,26.457631451129));
#5691=CARTESIAN_POINT('Ctrl Pts',(-11.1869715421574,-57.1693344782318,26.4212768648062));
#5692=CARTESIAN_POINT('',(-11.3251385827513,-57.4744400851578,26.563295375237));
#5693=CARTESIAN_POINT('Ctrl Pts',(-11.1869715421574,-57.1693344782318,26.4212768648062));
#5694=CARTESIAN_POINT('Ctrl Pts',(-11.1975752587447,-57.1734114636424,26.4321761648729));
#5695=CARTESIAN_POINT('Ctrl Pts',(-11.2079193963117,-57.1786333210742,26.4428086500346));
#5696=CARTESIAN_POINT('Ctrl Pts',(-11.2178370238051,-57.1849181031437,26.4530027359582));
#5697=CARTESIAN_POINT('Ctrl Pts',(-11.2289208242517,-57.1919418868416,26.4643955024427));
#5698=CARTESIAN_POINT('Ctrl Pts',(-11.2394757876326,-57.2002933892963,26.4752446902849));
#5699=CARTESIAN_POINT('Ctrl Pts',(-11.2492832459557,-57.2098158778734,26.4853255360219));
#5700=CARTESIAN_POINT('Ctrl Pts',(-11.2566117223972,-57.2169314149373,26.4928582971166));
#5701=CARTESIAN_POINT('Ctrl Pts',(-11.2635212956347,-57.2246988419329,26.4999604778876));
#5702=CARTESIAN_POINT('Ctrl Pts',(-11.2699110505806,-57.2330435191664,26.506528350193));
#5703=CARTESIAN_POINT('Ctrl Pts',(-11.2760229714302,-57.2410253599721,26.5128106436488));
#5704=CARTESIAN_POINT('Ctrl Pts',(-11.2816583795425,-57.2495353770094,26.5186031413555));
#5705=CARTESIAN_POINT('Ctrl Pts',(-11.2867634569941,-57.2585212280722,26.5238505251903));
#5706=CARTESIAN_POINT('Ctrl Pts',(-11.2919617559989,-57.2676711657725,26.5291937291719));
#5707=CARTESIAN_POINT('Ctrl Pts',(-11.2966102433628,-57.2773150473538,26.5339717952601));
#5708=CARTESIAN_POINT('Ctrl Pts',(-11.3006902174229,-57.2874044374645,26.5381655004747));
#5709=CARTESIAN_POINT('Ctrl Pts',(-11.3048261403786,-57.2976321839042,26.542416714186));
#5710=CARTESIAN_POINT('Ctrl Pts',(-11.3083779584185,-57.308318386214,26.5460675407882));
#5711=CARTESIAN_POINT('Ctrl Pts',(-11.3113636579821,-57.3194102315103,26.5491364681011));
#5712=CARTESIAN_POINT('Ctrl Pts',(-11.3144497440286,-57.3308750116297,26.5523085802163));
#5713=CARTESIAN_POINT('Ctrl Pts',(-11.3169310113477,-57.3427739783844,26.5548590140036));
#5714=CARTESIAN_POINT('Ctrl Pts',(-11.3188663621515,-57.3550350834457,26.5568483136017));
#5715=CARTESIAN_POINT('Ctrl Pts',(-11.3202389931859,-57.3637311675301,26.5582592073578));
#5716=CARTESIAN_POINT('Ctrl Pts',(-11.3213369448618,-57.3726034264079,26.5593877649419));
#5717=CARTESIAN_POINT('Ctrl Pts',(-11.322197162754,-57.3816522079097,26.5602719618037));
#5718=CARTESIAN_POINT('Ctrl Pts',(-11.3229006965359,-57.3890528020268,26.5609951069136));
#5719=CARTESIAN_POINT('Ctrl Pts',(-11.3234456971154,-57.3965763223841,26.561555299635));
#5720=CARTESIAN_POINT('Ctrl Pts',(-11.3238611741511,-57.4042137950324,26.5619823582843));
#5721=CARTESIAN_POINT('Ctrl Pts',(-11.3242062661502,-57.4105574204969,26.5623370698816));
#5722=CARTESIAN_POINT('Ctrl Pts',(-11.3244621289527,-57.4169761189419,26.5626000649775));
#5723=CARTESIAN_POINT('Ctrl Pts',(-11.3246487725861,-57.4234459052443,26.562791911388));
#5724=CARTESIAN_POINT('Ctrl Pts',(-11.3248868099345,-57.4316971954088,26.5630365841371));
#5725=CARTESIAN_POINT('Ctrl Pts',(-11.325011868218,-57.440037366691,26.5631651284778));
#5726=CARTESIAN_POINT('Ctrl Pts',(-11.3250748038367,-57.4485354032602,26.5632298184559));
#5727=CARTESIAN_POINT('Ctrl Pts',(-11.3251120334882,-57.4535624284345,26.563268085901));
#5728=CARTESIAN_POINT('Ctrl Pts',(-11.325127727785,-57.4586465061032,26.5632842176836));
#5729=CARTESIAN_POINT('Ctrl Pts',(-11.3251341353187,-57.4637748214379,26.5632908038302));
#5730=CARTESIAN_POINT('Ctrl Pts',(-11.3251385595302,-57.4673157706764,26.5632953513686));
#5731=CARTESIAN_POINT('Ctrl Pts',(-11.3251385827513,-57.4708772708834,26.563295375237));
#5732=CARTESIAN_POINT('Ctrl Pts',(-11.3251385827513,-57.4744400851578,26.563295375237));
#5733=CARTESIAN_POINT('Origin',(-10.25,-57.4744400851578,27.6092767459504));
#5734=CARTESIAN_POINT('Ctrl Pts',(13.5495594673461,-74.5,13.7064342671172));
#5735=CARTESIAN_POINT('Ctrl Pts',(13.5467337063143,-74.500913770886,13.7074395345448));
#5736=CARTESIAN_POINT('Ctrl Pts',(13.5439085691583,-74.5018274333553,13.7084453974024));
#5737=CARTESIAN_POINT('Ctrl Pts',(13.1195735244359,-74.6390717004847,13.8596844877977));
#5738=CARTESIAN_POINT('Ctrl Pts',(12.2865431729579,-74.9124369201401,14.1962874050006));
#5739=CARTESIAN_POINT('Ctrl Pts',(11.0920759832119,-75.3023919346408,14.8016554406696));
#5740=CARTESIAN_POINT('Ctrl Pts',(9.96613235843638,-75.6498510563504,15.5120237262466));
#5741=CARTESIAN_POINT('Ctrl Pts',(8.94700252861594,-75.9173627363531,16.3218857871776));
#5742=CARTESIAN_POINT('Ctrl Pts',(8.37451622999263,-76.0000000000011,16.9233403342994));
#5743=CARTESIAN_POINT('Ctrl Pts',(8.13245645286506,-76.,17.2256664178419));
#5744=CARTESIAN_POINT('Ctrl Pts',(13.5495594673461,-74.5,13.7064342671172));
#5745=CARTESIAN_POINT('Ctrl Pts',(13.5468341682316,-74.5010880412427,13.7074044821407));
#5746=CARTESIAN_POINT('Ctrl Pts',(13.5441079702308,-74.502175297854,13.7083741608938));
#5747=CARTESIAN_POINT('Ctrl Pts',(13.1348350511081,-74.6655754192811,13.8543595920766));
#5748=CARTESIAN_POINT('Ctrl Pts',(12.3365205924995,-74.9909595762314,14.1940182156569));
#5749=CARTESIAN_POINT('Ctrl Pts',(11.2118300110218,-75.43904650411,14.8402478644195));
#5750=CARTESIAN_POINT('Ctrl Pts',(10.1746710939098,-75.8045306067528,15.6152353869831));
#5751=CARTESIAN_POINT('Ctrl Pts',(9.26215065395236,-76.0292087134312,16.4871098402866));
#5752=CARTESIAN_POINT('Ctrl Pts',(8.7649178143862,-76.0390767688493,17.0920316194285));
#5753=CARTESIAN_POINT('Ctrl Pts',(8.55584618814211,-75.9999999999984,17.3745342452739));
#5754=CARTESIAN_POINT('Ctrl Pts',(13.5495594673461,-74.5,13.7064342671172));
#5755=CARTESIAN_POINT('Ctrl Pts',(13.5470086260027,-74.5013917039868,13.7073426018241));
#5756=CARTESIAN_POINT('Ctrl Pts',(13.5444581780732,-74.5027854029091,13.7082497068365));
#5757=CARTESIAN_POINT('Ctrl Pts',(13.1614625951492,-74.7118719798842,13.8450159886343));
#5758=CARTESIAN_POINT('Ctrl Pts',(12.4207328860913,-75.1284948182414,14.1804801540009));
#5759=CARTESIAN_POINT('Ctrl Pts',(11.4045957684352,-75.7022072556065,14.8607969491432));
#5760=CARTESIAN_POINT('Ctrl Pts',(10.5078715211485,-76.1687893779649,15.7065804601963));
#5761=CARTESIAN_POINT('Ctrl Pts',(9.77557344916966,-76.446602283765,16.6743295053884));
#5762=CARTESIAN_POINT('Ctrl Pts',(9.42548112888395,-76.4393230011604,17.3359419068481));
#5763=CARTESIAN_POINT('Ctrl Pts',(9.28862846765746,-76.3768951564532,17.6321874117153));
#5764=CARTESIAN_POINT('Ctrl Pts',(13.5495594673461,-74.5,13.7064342671172));
#5765=CARTESIAN_POINT('Ctrl Pts',(13.5471832880125,-74.5016964413131,13.7072799387094));
#5766=CARTESIAN_POINT('Ctrl Pts',(13.5448080607976,-74.503394384559,13.708125689232));
#5767=CARTESIAN_POINT('Ctrl Pts',(13.1880642043117,-74.7582406516142,13.8355273038246));
#5768=CARTESIAN_POINT('Ctrl Pts',(12.4990051679545,-75.26599305198,14.1505413508689));
#5769=CARTESIAN_POINT('Ctrl Pts',(11.5520582825295,-75.9839872524738,14.7989296287648));
#5770=CARTESIAN_POINT('Ctrl Pts',(10.7112099596854,-76.6105036531895,15.624607469104));
#5771=CARTESIAN_POINT('Ctrl Pts',(10.0150506332837,-77.0684054825357,16.6112988132948));
#5772=CARTESIAN_POINT('Ctrl Pts',(9.67699622195904,-77.1821560187879,17.3546690435718));
#5773=CARTESIAN_POINT('Ctrl Pts',(9.54753240656313,-77.1634007871146,17.7232204805137));
#5774=CARTESIAN_POINT('Ctrl Pts',(13.5495594673461,-74.5,13.7064342671172));
#5775=CARTESIAN_POINT('Ctrl Pts',(13.5472582906659,-74.501827541771,13.7072529131158));
#5776=CARTESIAN_POINT('Ctrl Pts',(13.5449578322374,-74.5036548667106,13.708072634864));
#5777=CARTESIAN_POINT('Ctrl Pts',(13.1994702376666,-74.778143400967,13.8314386182475));
#5778=CARTESIAN_POINT('Ctrl Pts',(12.5314377680523,-75.3248738402797,14.1346500051805));
#5779=CARTESIAN_POINT('Ctrl Pts',(11.6051167790487,-76.1047838692804,14.7580666143769));
#5780=CARTESIAN_POINT('Ctrl Pts',(10.7678693972259,-76.7997021127005,15.5605141240385));
#5781=CARTESIAN_POINT('Ctrl Pts',(10.0529644685779,-77.3347254727059,16.5433746249396));
#5782=CARTESIAN_POINT('Ctrl Pts',(9.68905355278519,-77.5000000000023,17.3207251820422));
#5783=CARTESIAN_POINT('Ctrl Pts',(9.54753240656265,-77.5,17.723220480515));
#5784=CARTESIAN_POINT('',(9.54753240656264,-77.5,17.723220480515));
#5785=CARTESIAN_POINT('',(8.13245645286366,-76.,17.225666417838));
#5786=CARTESIAN_POINT('Origin',(8.13245645286785,-77.5,17.2256664178497));
#5787=CARTESIAN_POINT('',(13.5495594673461,-74.5,13.7064342671172));
#5788=CARTESIAN_POINT('Ctrl Pts',(8.13245645286506,-76.,17.2256664178419));
#5789=CARTESIAN_POINT('Ctrl Pts',(8.37451622999263,-76.0000000000011,16.9233403342994));
#5790=CARTESIAN_POINT('Ctrl Pts',(8.94700252861594,-75.9173627363531,16.3218857871776));
#5791=CARTESIAN_POINT('Ctrl Pts',(9.96613235843638,-75.6498510563504,15.5120237262466));
#5792=CARTESIAN_POINT('Ctrl Pts',(11.0920759832119,-75.3023919346408,14.8016554406696));
#5793=CARTESIAN_POINT('Ctrl Pts',(12.2865431729579,-74.9124369201401,14.1962874050006));
#5794=CARTESIAN_POINT('Ctrl Pts',(13.1195735244359,-74.6390717004847,13.8596844877977));
#5795=CARTESIAN_POINT('Ctrl Pts',(13.5439085691583,-74.5018274333553,13.7084453974024));
#5796=CARTESIAN_POINT('Ctrl Pts',(13.5467337063143,-74.500913770886,13.7074395345448));
#5797=CARTESIAN_POINT('Ctrl Pts',(13.5495594673461,-74.5,13.7064342671172));
#5798=CARTESIAN_POINT('Ctrl Pts',(13.5495594673461,-74.5,13.7064342671172));
#5799=CARTESIAN_POINT('Ctrl Pts',(13.5472582906659,-74.501827541771,13.7072529131158));
#5800=CARTESIAN_POINT('Ctrl Pts',(13.5449578322374,-74.5036548667106,13.708072634864));
#5801=CARTESIAN_POINT('Ctrl Pts',(13.1994702376666,-74.778143400967,13.8314386182475));
#5802=CARTESIAN_POINT('Ctrl Pts',(12.5314377680523,-75.3248738402797,14.1346500051805));
#5803=CARTESIAN_POINT('Ctrl Pts',(11.6051167790487,-76.1047838692804,14.7580666143769));
#5804=CARTESIAN_POINT('Ctrl Pts',(10.7678693972259,-76.7997021127005,15.5605141240385));
#5805=CARTESIAN_POINT('Ctrl Pts',(10.0529644685779,-77.3347254727059,16.5433746249396));
#5806=CARTESIAN_POINT('Ctrl Pts',(9.68905355278519,-77.5000000000023,17.3207251820422));
#5807=CARTESIAN_POINT('Ctrl Pts',(9.54753240656265,-77.5,17.723220480515));
#5808=CARTESIAN_POINT('Origin',(15.7549989234371,-77.5,19.9058243020736));
#5809=CARTESIAN_POINT('',(18.1068126973034,-77.5,26.0511779918992));
#5810=CARTESIAN_POINT('',(18.6429404573034,-76.,27.4520944865403));
#5811=CARTESIAN_POINT('Origin',(18.6429404573034,-77.5,27.4520944865403));
#5812=CARTESIAN_POINT('Origin',(15.7549989234371,-76.,19.9058243020736));
#5813=CARTESIAN_POINT('',(9.17499892343714,-77.5,19.9058243020736));
#5814=CARTESIAN_POINT('Origin',(15.7549989234371,-77.5,19.9058243020736));
#5815=CARTESIAN_POINT('Origin',(15.7549989234371,-77.5,19.9058243020736));
#5816=CARTESIAN_POINT('Ctrl Pts',(18.6429404573034,-76.,27.4520944865403));
#5817=CARTESIAN_POINT('Ctrl Pts',(18.9385228411414,-76.,27.2018445098022));
#5818=CARTESIAN_POINT('Ctrl Pts',(19.5239349991665,-75.9175011654104,26.6135278010822));
#5819=CARTESIAN_POINT('Ctrl Pts',(20.306474949988,-75.6496859452496,25.5711136755668));
#5820=CARTESIAN_POINT('Ctrl Pts',(20.8713068494945,-75.3607139260192,24.6191809969596));
#5821=CARTESIAN_POINT('Ctrl Pts',(21.2714641971791,-75.1072152910943,23.8212731170768));
#5822=CARTESIAN_POINT('Ctrl Pts',(21.5446280010667,-74.910062582637,23.2103422763752));
#5823=CARTESIAN_POINT('Ctrl Pts',(21.7926735591243,-74.7074299934883,22.5851632671737));
#5824=CARTESIAN_POINT('Ctrl Pts',(21.9403816656412,-74.5708967840024,22.161890614371));
#5825=CARTESIAN_POINT('Ctrl Pts',(22.0106164872634,-74.5018275240143,21.946332733576));
#5826=CARTESIAN_POINT('Ctrl Pts',(22.0115446782955,-74.5009137708843,21.9434808513606));
#5827=CARTESIAN_POINT('Ctrl Pts',(22.0124721680491,-74.5,21.9406286152608));
#5828=CARTESIAN_POINT('Ctrl Pts',(18.4825314066175,-76.,27.0329412515062));
#5829=CARTESIAN_POINT('Ctrl Pts',(18.7590978400344,-76.0395111058413,26.8162249226231));
#5830=CARTESIAN_POINT('Ctrl Pts',(19.3493062019864,-76.0313028861807,26.3035747616819));
#5831=CARTESIAN_POINT('Ctrl Pts',(20.1976393318199,-75.8057818315788,25.3659247435223));
#5832=CARTESIAN_POINT('Ctrl Pts',(20.8183777940405,-75.5016458134265,24.4864268986465));
#5833=CARTESIAN_POINT('Ctrl Pts',(21.2511927195644,-75.215544621589,23.7372601132028));
#5834=CARTESIAN_POINT('Ctrl Pts',(21.5409997905396,-74.9866403927017,23.1583882760665));
#5835=CARTESIAN_POINT('Ctrl Pts',(21.7966713094305,-74.7472027700139,22.5612275461447));
#5836=CARTESIAN_POINT('Ctrl Pts',(21.9428871153759,-74.5844305339527,22.1540617038697));
#5837=CARTESIAN_POINT('Ctrl Pts',(22.010681716844,-74.5021753620261,21.9461308236499));
#5838=CARTESIAN_POINT('Ctrl Pts',(22.0115774749629,-74.5010878224813,21.9433799943556));
#5839=CARTESIAN_POINT('Ctrl Pts',(22.0124721680491,-74.5,21.9406286152608));
#5840=CARTESIAN_POINT('Ctrl Pts',(18.2048075979027,-76.3765573204003,26.3072413463509));
#5841=CARTESIAN_POINT('Ctrl Pts',(18.4981008301568,-76.4375050162337,26.1616067501358));
#5842=CARTESIAN_POINT('Ctrl Pts',(19.1487519574545,-76.4465849406437,25.7947616999083));
#5843=CARTESIAN_POINT('Ctrl Pts',(20.097466061115,-76.1675045863882,25.0345690866919));
#5844=CARTESIAN_POINT('Ctrl Pts',(20.7799890202635,-75.7801908264648,24.2704525195758));
#5845=CARTESIAN_POINT('Ctrl Pts',(21.2437971521883,-75.4147238218567,23.5985088270388));
#5846=CARTESIAN_POINT('Ctrl Pts',(21.5469942020933,-75.1220711458006,23.0709069696437));
#5847=CARTESIAN_POINT('Ctrl Pts',(21.8059032558839,-74.8159560572129,22.5197643862297));
#5848=CARTESIAN_POINT('Ctrl Pts',(21.9472830254517,-74.6080202184253,22.1403316605483));
#5849=CARTESIAN_POINT('Ctrl Pts',(22.0107962541792,-74.5027849123619,21.9457778992358));
#5850=CARTESIAN_POINT('Ctrl Pts',(22.0116348691308,-74.5013924127761,21.9432034945969));
#5851=CARTESIAN_POINT('Ctrl Pts',(22.0124721680491,-74.5,21.9406286152608));
#5852=CARTESIAN_POINT('Ctrl Pts',(18.1068126973034,-77.1634007871154,26.0511779918992));
#5853=CARTESIAN_POINT('Ctrl Pts',(18.4722103537889,-77.181501287092,25.9116884701917));
#5854=CARTESIAN_POINT('Ctrl Pts',(19.2054311721846,-77.068495980659,25.5542101368694));
#5855=CARTESIAN_POINT('Ctrl Pts',(20.1739875310497,-76.6096892138135,24.8299567576278));
#5856=CARTESIAN_POINT('Ctrl Pts',(20.8410686317979,-76.08894831816,24.1123685459567));
#5857=CARTESIAN_POINT('Ctrl Pts',(21.2866279070112,-75.6244436770029,23.4847978781727));
#5858=CARTESIAN_POINT('Ctrl Pts',(21.5751000088158,-75.2606583603571,22.9930980700308));
#5859=CARTESIAN_POINT('Ctrl Pts',(21.8194326475454,-74.8851621400643,22.4799704966691));
#5860=CARTESIAN_POINT('Ctrl Pts',(21.9517441376663,-74.6316586459176,22.1266519842861));
#5861=CARTESIAN_POINT('Ctrl Pts',(22.0109110662195,-74.5033940330766,21.9454248072325));
#5862=CARTESIAN_POINT('Ctrl Pts',(22.0116922632987,-74.5016970030708,21.9430269948383));
#5863=CARTESIAN_POINT('Ctrl Pts',(22.0124721680491,-74.5,21.9406286152607));
#5864=CARTESIAN_POINT('Ctrl Pts',(18.1068126973035,-77.5,26.0511779918992));
#5865=CARTESIAN_POINT('Ctrl Pts',(18.5052805683544,-77.5,25.8986851859713));
#5866=CARTESIAN_POINT('Ctrl Pts',(19.2722638658099,-77.335002330821,25.5139688642689));
#5867=CARTESIAN_POINT('Ctrl Pts',(20.2362090146132,-76.7993718904996,24.7713015497499));
#5868=CARTESIAN_POINT('Ctrl Pts',(20.8841939150112,-76.221427852039,24.0572262459599));
#5869=CARTESIAN_POINT('Ctrl Pts',(21.3136827241522,-75.7144305821893,23.4411393481124));
#5870=CARTESIAN_POINT('Ctrl Pts',(21.5910041866233,-75.3201251652747,22.961466102553));
#5871=CARTESIAN_POINT('Ctrl Pts',(21.8259590967731,-74.914859986977,22.4630646403333));
#5872=CARTESIAN_POINT('Ctrl Pts',(21.9536612874833,-74.6417935680061,22.1207810868871));
#5873=CARTESIAN_POINT('Ctrl Pts',(22.0109603812303,-74.5036550480287,21.9452736052131));
#5874=CARTESIAN_POINT('Ctrl Pts',(22.0117168607993,-74.5018275417686,21.9429513520845));
#5875=CARTESIAN_POINT('Ctrl Pts',(22.0124721680491,-74.5,21.9406286152607));
#5876=CARTESIAN_POINT('',(22.0124721680491,-74.5,21.9406286152608));
#5877=CARTESIAN_POINT('Ctrl Pts',(18.1068126973035,-77.5,26.0511779918992));
#5878=CARTESIAN_POINT('Ctrl Pts',(18.5052805683544,-77.5,25.8986851859713));
#5879=CARTESIAN_POINT('Ctrl Pts',(19.2722638658099,-77.335002330821,25.5139688642689));
#5880=CARTESIAN_POINT('Ctrl Pts',(20.2362090146132,-76.7993718904996,24.7713015497499));
#5881=CARTESIAN_POINT('Ctrl Pts',(20.8841939150112,-76.221427852039,24.0572262459599));
#5882=CARTESIAN_POINT('Ctrl Pts',(21.3136827241522,-75.7144305821893,23.4411393481124));
#5883=CARTESIAN_POINT('Ctrl Pts',(21.5910041866233,-75.3201251652747,22.961466102553));
#5884=CARTESIAN_POINT('Ctrl Pts',(21.8259590967731,-74.914859986977,22.4630646403333));
#5885=CARTESIAN_POINT('Ctrl Pts',(21.9536612874833,-74.6417935680061,22.1207810868871));
#5886=CARTESIAN_POINT('Ctrl Pts',(22.0109603812303,-74.5036550480287,21.9452736052131));
#5887=CARTESIAN_POINT('Ctrl Pts',(22.0117168607993,-74.5018275417686,21.9429513520845));
#5888=CARTESIAN_POINT('Ctrl Pts',(22.0124721680491,-74.5,21.9406286152607));
#5889=CARTESIAN_POINT('Ctrl Pts',(22.0124721680491,-74.5,21.9406286152608));
#5890=CARTESIAN_POINT('Ctrl Pts',(22.0115446782955,-74.5009137708843,21.9434808513606));
#5891=CARTESIAN_POINT('Ctrl Pts',(22.0106164872634,-74.5018275240143,21.946332733576));
#5892=CARTESIAN_POINT('Ctrl Pts',(21.9403816656412,-74.5708967840024,22.161890614371));
#5893=CARTESIAN_POINT('Ctrl Pts',(21.7926735591243,-74.7074299934883,22.5851632671737));
#5894=CARTESIAN_POINT('Ctrl Pts',(21.5446280010667,-74.910062582637,23.2103422763752));
#5895=CARTESIAN_POINT('Ctrl Pts',(21.2714641971791,-75.1072152910943,23.8212731170768));
#5896=CARTESIAN_POINT('Ctrl Pts',(20.8713068494945,-75.3607139260192,24.6191809969596));
#5897=CARTESIAN_POINT('Ctrl Pts',(20.306474949988,-75.6496859452496,25.5711136755668));
#5898=CARTESIAN_POINT('Ctrl Pts',(19.5239349991665,-75.9175011654104,26.6135278010822));
#5899=CARTESIAN_POINT('Ctrl Pts',(18.9385228411414,-76.,27.2018445098022));
#5900=CARTESIAN_POINT('Ctrl Pts',(18.6429404573034,-76.,27.4520944865403));
#5901=CARTESIAN_POINT('Origin',(15.7549989234371,-64.,19.9058243020736));
#5902=CARTESIAN_POINT('',(9.17499892343714,-92.5,19.9058243020736));
#5903=CARTESIAN_POINT('',(15.7549989234371,-92.5,26.4858243020736));
#5904=CARTESIAN_POINT('Origin',(15.7549989234371,-92.5,19.9058243020736));
#5905=CARTESIAN_POINT('',(9.17499892343714,-64.,19.9058243020736));
#5906=CARTESIAN_POINT('',(13.5495594673461,-65.4862793563681,13.7064342671172));
#5907=CARTESIAN_POINT('',(13.5495594673461,-64.,13.7064342671172));
#5908=CARTESIAN_POINT('',(22.3273845851756,-64.5137948649087,19.5893646468654));
#5909=CARTESIAN_POINT('Ctrl Pts',(22.3273845851756,-64.5137948649087,19.5893646468654));
#5910=CARTESIAN_POINT('Ctrl Pts',(22.3009434103268,-64.6819444219364,19.0402216657745));
#5911=CARTESIAN_POINT('Ctrl Pts',(22.0182491840655,-65.1249033091288,17.3660014851262));
#5912=CARTESIAN_POINT('Ctrl Pts',(20.3996929906254,-65.4675282678602,14.790931739076));
#5913=CARTESIAN_POINT('Ctrl Pts',(17.108331147668,-65.4984352615723,13.1332607012214));
#5914=CARTESIAN_POINT('Ctrl Pts',(14.6638187116385,-65.4998383628986,13.3100353814494));
#5915=CARTESIAN_POINT('Ctrl Pts',(13.5495594673461,-65.4862793563681,13.7064342671172));
#5916=CARTESIAN_POINT('',(22.0124721680549,-64.7361167208269,21.9406286152429));
#5917=CARTESIAN_POINT('Ctrl Pts',(22.0124721680641,-64.7361167208269,21.9406286152146));
#5918=CARTESIAN_POINT('Ctrl Pts',(22.2607968496926,-64.7457155704675,21.1769753040655));
#5919=CARTESIAN_POINT('Ctrl Pts',(22.3648596237791,-64.6643902428287,20.3676641941769));
#5920=CARTESIAN_POINT('Ctrl Pts',(22.3273845851756,-64.5137948649087,19.5893646468654));
#5921=CARTESIAN_POINT('',(22.0124721680491,-64.,21.9406286152608));
#5922=CARTESIAN_POINT('Origin',(15.7549989234371,-92.5,19.9058243020736));
#5923=CARTESIAN_POINT('Origin',(-0.0852758045923283,-74.5,20.1491332198885));
#5924=CARTESIAN_POINT('',(4.75229606428629,-76.,18.428161993503));
#5925=CARTESIAN_POINT('',(-0.0852758045923283,-76.,20.1491332198885));
#5926=CARTESIAN_POINT('',(3.44465179193075,-74.5,17.3012656879272));
#5927=CARTESIAN_POINT('Ctrl Pts',(3.44465179193074,-74.5,17.3012656879272));
#5928=CARTESIAN_POINT('Ctrl Pts',(3.44465179193074,-74.8437352735977,17.3012656879272));
#5929=CARTESIAN_POINT('Ctrl Pts',(3.79716351093372,-75.3954849452663,17.391326601304));
#5930=CARTESIAN_POINT('Ctrl Pts',(4.44883833448172,-75.8878504880069,17.8073497527611));
#5931=CARTESIAN_POINT('Ctrl Pts',(4.69345869925492,-76.,18.2061261237036));
#5932=CARTESIAN_POINT('Ctrl Pts',(4.75229606428629,-76.,18.428161993503));
#5933=CARTESIAN_POINT('',(-0.588035559020371,-74.5,18.7358984094881));
#5934=CARTESIAN_POINT('Ctrl Pts',(2.05488941313003,-74.5,17.0976698089258));
#5935=CARTESIAN_POINT('Ctrl Pts',(2.05488941313003,-75.1874705471953,17.0976698089258));
#5936=CARTESIAN_POINT('Ctrl Pts',(2.34864265050167,-76.2909698905325,17.2941713927596));
#5937=CARTESIAN_POINT('Ctrl Pts',(2.94673295258383,-77.2757009760139,17.9864468145839));
#5938=CARTESIAN_POINT('Ctrl Pts',(3.22475328389334,-77.5,18.566196516197));
#5939=CARTESIAN_POINT('Ctrl Pts',(3.31944297957686,-77.5,18.8719322467182));
#5940=CARTESIAN_POINT('Ctrl Pts',(2.27942199683666,-74.5,17.2623147999518));
#5941=CARTESIAN_POINT('Ctrl Pts',(2.27942199683666,-75.1103077706469,17.2623147999518));
#5942=CARTESIAN_POINT('Ctrl Pts',(2.56435902550201,-76.0882973861849,17.488441886899));
#5943=CARTESIAN_POINT('Ctrl Pts',(3.05027759900582,-76.8855256503737,18.1665044794068));
#5944=CARTESIAN_POINT('Ctrl Pts',(3.24514970934365,-77.0493541132497,18.632308369193));
#5945=CARTESIAN_POINT('Ctrl Pts',(3.31944297957686,-77.0512010494872,18.8719322467182));
#5946=CARTESIAN_POINT('Ctrl Pts',(2.75413933099354,-74.5,17.4376086759984));
#5947=CARTESIAN_POINT('Ctrl Pts',(2.75413933099354,-74.9756474708872,17.4376086759984));
#5948=CARTESIAN_POINT('Ctrl Pts',(3.05817310375224,-75.7304607348865,17.6712560580193));
#5949=CARTESIAN_POINT('Ctrl Pts',(3.50880508501315,-76.2079790639179,18.2795915662264));
#5950=CARTESIAN_POINT('Ctrl Pts',(3.63247559123791,-76.2693587018273,18.5990373798359));
#5951=CARTESIAN_POINT('Ctrl Pts',(3.6791101585977,-76.2741447216288,18.7605393922724));
#5952=CARTESIAN_POINT('Ctrl Pts',(3.24790882893162,-74.5,17.3712572017471));
#5953=CARTESIAN_POINT('Ctrl Pts',(3.24790882893162,-74.8761750756918,17.3712572017471));
#5954=CARTESIAN_POINT('Ctrl Pts',(3.58936826765485,-75.4754070583814,17.514655230656));
#5955=CARTESIAN_POINT('Ctrl Pts',(4.17976836091964,-75.9168138466094,17.9842517218019));
#5956=CARTESIAN_POINT('Ctrl Pts',(4.37985475230223,-75.997852821614,18.3358110037385));
#5957=CARTESIAN_POINT('Ctrl Pts',(4.43076458395796,-76.,18.5277438054589));
#5958=CARTESIAN_POINT('Ctrl Pts',(3.44465179193074,-74.5,17.3012656879272));
#5959=CARTESIAN_POINT('Ctrl Pts',(3.44465179193074,-74.8437352735977,17.3012656879272));
#5960=CARTESIAN_POINT('Ctrl Pts',(3.79716351093372,-75.3954849452663,17.391326601304));
#5961=CARTESIAN_POINT('Ctrl Pts',(4.44883833448172,-75.8878504880069,17.8073497527611));
#5962=CARTESIAN_POINT('Ctrl Pts',(4.69345869925492,-76.,18.2061261237036));
#5963=CARTESIAN_POINT('Ctrl Pts',(4.75229606428629,-76.,18.428161993503));
#5964=CARTESIAN_POINT('',(2.60492322345859,-76.6823325540257,17.6000000000248));
#5965=CARTESIAN_POINT('Ctrl Pts',(2.60492322343673,-76.6823325539429,17.6));
#5966=CARTESIAN_POINT('Ctrl Pts',(2.60492322343673,-76.4303965030099,17.6));
#5967=CARTESIAN_POINT('Ctrl Pts',(2.63563288409125,-76.1767582245834,17.5890750062653));
#5968=CARTESIAN_POINT('Ctrl Pts',(2.76051459332479,-75.6417558982545,17.5446482082522));
#5969=CARTESIAN_POINT('Ctrl Pts',(2.86670867612105,-75.3588167713862,17.5068695527907));
#5970=CARTESIAN_POINT('Ctrl Pts',(3.15342215212093,-74.8365207418436,17.4048709353464));
#5971=CARTESIAN_POINT('Ctrl Pts',(3.30910768762121,-74.6445599147354,17.3494856440841));
#5972=CARTESIAN_POINT('Ctrl Pts',(3.44125599781191,-74.5036086919645,17.3024737452187));
#5973=CARTESIAN_POINT('Ctrl Pts',(3.44295284901561,-74.5018032490807,17.3018700886372));
#5974=CARTESIAN_POINT('Ctrl Pts',(3.44465179193074,-74.5,17.3012656879272));
#5975=CARTESIAN_POINT('',(3.31944297957685,-77.5,18.8719322467182));
#5976=CARTESIAN_POINT('Origin',(4.75229606428629,-77.5,18.428161993503));
#5977=CARTESIAN_POINT('Ctrl Pts',(3.31944297957686,-77.5,18.8719322467182));
#5978=CARTESIAN_POINT('Ctrl Pts',(3.22475328389334,-77.5,18.566196516197));
#5979=CARTESIAN_POINT('Ctrl Pts',(2.99160400736765,-77.311901687472,18.0800154413798));
#5980=CARTESIAN_POINT('Ctrl Pts',(2.71362512277794,-76.8858175440424,17.723349098822));
#5981=CARTESIAN_POINT('Ctrl Pts',(2.60565758744413,-76.6813698234107,17.6009603876995));
#5982=CARTESIAN_POINT('Origin',(0.,-77.5,19.9));
#5983=CARTESIAN_POINT('',(-4.59800513479956,-76.,21.799729923004));
#5984=CARTESIAN_POINT('',(-3.21167192832733,-77.5,21.226947031646));
#5985=CARTESIAN_POINT('Origin',(-4.59800513479956,-77.5,21.799729923004));
#5986=CARTESIAN_POINT('Origin',(0.,-77.5,19.9));
#5987=CARTESIAN_POINT('Origin',(0.,-76.,19.9));
#5988=CARTESIAN_POINT('Ctrl Pts',(-2.62794686102488,-74.4999999999996,17.6236654320807));
#5989=CARTESIAN_POINT('Ctrl Pts',(-2.62794686102457,-74.5385176303559,17.6236654320804));
#5990=CARTESIAN_POINT('Ctrl Pts',(-2.70881420683519,-74.5986024365995,17.7106292229849));
#5991=CARTESIAN_POINT('Ctrl Pts',(-2.85564856549178,-74.6972848349757,17.8743868548445));
#5992=CARTESIAN_POINT('Ctrl Pts',(-3.14033958632436,-74.8715494879809,18.2095345105164));
#5993=CARTESIAN_POINT('Ctrl Pts',(-3.42183690350911,-75.052246786694,18.5832131803127));
#5994=CARTESIAN_POINT('Ctrl Pts',(-3.65798012664234,-75.2102674917161,18.9375278533725));
#5995=CARTESIAN_POINT('Ctrl Pts',(-3.78445743951541,-75.2976943368343,19.1420010606844));
#5996=CARTESIAN_POINT('Ctrl Pts',(-4.08677418563574,-75.5105845537404,19.6560895611469));
#5997=CARTESIAN_POINT('Ctrl Pts',(-4.50358910711481,-75.8381349192376,20.5669916261437));
#5998=CARTESIAN_POINT('Ctrl Pts',(-4.63066587522008,-76.,21.4260495139285));
#5999=CARTESIAN_POINT('Ctrl Pts',(-4.59800513479956,-76.,21.799729923004));
#6000=CARTESIAN_POINT('Ctrl Pts',(-2.6198976425455,-74.4999999999996,17.6153918379322));
#6001=CARTESIAN_POINT('Ctrl Pts',(-2.6198976425452,-74.5458503296804,17.6153918379319));
#6002=CARTESIAN_POINT('Ctrl Pts',(-2.69530270009846,-74.617383276263,17.6981443556341));
#6003=CARTESIAN_POINT('Ctrl Pts',(-2.83088019610945,-74.734674942756,17.8551254439667));
#6004=CARTESIAN_POINT('Ctrl Pts',(-3.08977120804478,-74.9408458006311,18.1794626958858));
#6005=CARTESIAN_POINT('Ctrl Pts',(-3.3361708549124,-75.1512250273228,18.547413471135));
#6006=CARTESIAN_POINT('Ctrl Pts',(-3.5340149510007,-75.3290723681168,18.8995647293407));
#6007=CARTESIAN_POINT('Ctrl Pts',(-3.63685667259437,-75.4250613669306,19.1035828867849));
#6008=CARTESIAN_POINT('Ctrl Pts',(-3.87868662801256,-75.6549527042656,19.6161085384849));
#6009=CARTESIAN_POINT('Ctrl Pts',(-4.17049299730359,-75.9726487212694,20.5307601022928));
#6010=CARTESIAN_POINT('Ctrl Pts',(-4.21405736507045,-76.0347086491326,21.3154872044132));
#6011=CARTESIAN_POINT('Ctrl Pts',(-4.18321520938235,-76.,21.6283536826619));
#6012=CARTESIAN_POINT('Ctrl Pts',(-2.60597864782108,-74.4999999999994,17.6007504433767));
#6013=CARTESIAN_POINT('Ctrl Pts',(-2.60597864782082,-74.558688541398,17.6007504433764));
#6014=CARTESIAN_POINT('Ctrl Pts',(-2.67233161961228,-74.6501731794821,17.6755711986141));
#6015=CARTESIAN_POINT('Ctrl Pts',(-2.79004202267908,-74.8001944795044,17.818803207096));
#6016=CARTESIAN_POINT('Ctrl Pts',(-3.00978964359079,-75.0638055322934,18.1181009523724));
#6017=CARTESIAN_POINT('Ctrl Pts',(-3.20599283196046,-75.3323946643159,18.4643857165802));
#6018=CARTESIAN_POINT('Ctrl Pts',(-3.35013712559828,-75.5596212564654,18.7995291858752));
#6019=CARTESIAN_POINT('Ctrl Pts',(-3.41996592817147,-75.6823851194784,18.9947011554515));
#6020=CARTESIAN_POINT('Ctrl Pts',(-3.57591888074467,-75.975319324052,19.4848993789548));
#6021=CARTESIAN_POINT('Ctrl Pts',(-3.68669233341196,-76.3782029739677,20.3689614381735));
#6022=CARTESIAN_POINT('Ctrl Pts',(-3.54328462351115,-76.4300667253356,21.0705252014945));
#6023=CARTESIAN_POINT('Ctrl Pts',(-3.46504639693922,-76.376527039592,21.331632225689));
#6024=CARTESIAN_POINT('Ctrl Pts',(-2.59235863136602,-74.4999999999993,17.5858313209354));
#6025=CARTESIAN_POINT('Ctrl Pts',(-2.5923586313658,-74.5715312449278,17.5858313209352));
#6026=CARTESIAN_POINT('Ctrl Pts',(-2.65073980674976,-74.6830914782549,17.6518327149195));
#6027=CARTESIAN_POINT('Ctrl Pts',(-2.75424710339252,-74.8662471839831,17.7783026165823));
#6028=CARTESIAN_POINT('Ctrl Pts',(-2.9473364455788,-75.1892853343924,18.0431959549881));
#6029=CARTESIAN_POINT('Ctrl Pts',(-3.11967126292998,-75.5227981805502,18.351579008865));
#6030=CARTESIAN_POINT('Ctrl Pts',(-3.24597494349776,-75.8121826412495,18.6531734383991));
#6031=CARTESIAN_POINT('Ctrl Pts',(-3.3070249991455,-75.9714163841517,18.8299329530584));
#6032=CARTESIAN_POINT('Ctrl Pts',(-3.44242850636355,-76.3573389385315,19.2775121256877));
#6033=CARTESIAN_POINT('Ctrl Pts',(-3.53770217787084,-76.9368096437243,20.100282866264));
#6034=CARTESIAN_POINT('Ctrl Pts',(-3.35458377390954,-77.1793012254716,20.8817971741429));
#6035=CARTESIAN_POINT('Ctrl Pts',(-3.21167192832733,-77.1634007871154,21.226947031646));
#6036=CARTESIAN_POINT('Ctrl Pts',(-2.58657726977332,-74.4999999999993,17.5793873594475));
#6037=CARTESIAN_POINT('Ctrl Pts',(-2.58657726977311,-74.5770352607119,17.5793873594473));
#6038=CARTESIAN_POINT('Ctrl Pts',(-2.64172112372632,-74.697204873199,17.6414359119534));
#6039=CARTESIAN_POINT('Ctrl Pts',(-2.73980461126798,-74.8945696699514,17.7601771148731));
#6040=CARTESIAN_POINT('Ctrl Pts',(-2.92381454567081,-75.2430989759617,18.0087172459104));
#6041=CARTESIAN_POINT('Ctrl Pts',(-3.09099592746772,-75.6044935733881,18.2983728903283));
#6042=CARTESIAN_POINT('Ctrl Pts',(-3.2169829291564,-75.9205349834321,18.5837597773558));
#6043=CARTESIAN_POINT('Ctrl Pts',(-3.27932774090317,-76.0953886736687,18.7518763395062));
#6044=CARTESIAN_POINT('Ctrl Pts',(-3.41950322977676,-76.5211691074809,19.1800285358311));
#6045=CARTESIAN_POINT('Ctrl Pts',(-3.542208763958,-77.1762698384752,19.9801553952313));
#6046=CARTESIAN_POINT('Ctrl Pts',(-3.3766625489206,-77.5,20.8276125202003));
#6047=CARTESIAN_POINT('Ctrl Pts',(-3.21167192832733,-77.5,21.226947031646));
#6048=CARTESIAN_POINT('',(-2.62794686102482,-74.5,17.6236654320807));
#6049=CARTESIAN_POINT('',(-2.60492322346101,-74.6025230458068,17.6000000000275));
#6050=CARTESIAN_POINT('Ctrl Pts',(-2.62794686102488,-74.4999999999996,17.6236654320807));
#6051=CARTESIAN_POINT('Ctrl Pts',(-2.62788162847891,-74.5000935473817,17.6235983811475));
#6052=CARTESIAN_POINT('Ctrl Pts',(-2.62781654799513,-74.5001873096726,17.6235314865153));
#6053=CARTESIAN_POINT('Ctrl Pts',(-2.62328395819539,-74.5067477636014,17.6188725486891));
#6054=CARTESIAN_POINT('Ctrl Pts',(-2.61963876607647,-74.5141001949009,17.6151257451625));
#6055=CARTESIAN_POINT('Ctrl Pts',(-2.61306180080027,-74.531742014991,17.6083654439527));
#6056=CARTESIAN_POINT('Ctrl Pts',(-2.6104794212026,-74.5422237929488,17.6057110793354));
#6057=CARTESIAN_POINT('Ctrl Pts',(-2.60595224710823,-74.5689819210264,17.6010577081799));
#6058=CARTESIAN_POINT('Ctrl Pts',(-2.60492322343671,-74.5859341708746,17.6));
#6059=CARTESIAN_POINT('Ctrl Pts',(-2.60492322343671,-74.6025230456583,17.6));
#6060=CARTESIAN_POINT('Ctrl Pts',(-2.60484016461808,-74.6025228484423,17.6000734346246));
#6061=CARTESIAN_POINT('Ctrl Pts',(-2.61017709111659,-74.6188914962532,17.6061538047341));
#6062=CARTESIAN_POINT('Ctrl Pts',(-2.61638000655707,-74.6344633755989,17.6132453986425));
#6063=CARTESIAN_POINT('Ctrl Pts',(-2.62291073902167,-74.6494800628938,17.6207591534136));
#6064=CARTESIAN_POINT('Ctrl Pts',(-2.62894805138929,-74.6633621859814,17.6277052172515));
#6065=CARTESIAN_POINT('Ctrl Pts',(-2.63526626671981,-74.6767692495029,17.6350128632251));
#6066=CARTESIAN_POINT('Ctrl Pts',(-2.64146407011724,-74.6898752815077,17.6422433466646));
#6067=CARTESIAN_POINT('Ctrl Pts',(-2.65131933129801,-74.7107154663551,17.6537406947071));
#6068=CARTESIAN_POINT('Ctrl Pts',(-2.66087372489503,-74.7307962781335,17.6650466006993));
#6069=CARTESIAN_POINT('Ctrl Pts',(-2.67029123395196,-74.7504319146852,17.6763550788274));
#6070=CARTESIAN_POINT('Ctrl Pts',(-2.6802451213348,-74.7711859074601,17.6883076362475));
#6071=CARTESIAN_POINT('Ctrl Pts',(-2.69004569238068,-74.7914417617953,17.700262272696));
#6072=CARTESIAN_POINT('Ctrl Pts',(-2.69989579076165,-74.8115167797751,17.7124668021741));
#6073=CARTESIAN_POINT('Ctrl Pts',(-2.70532847879617,-74.8225888833982,17.7191980447158));
#6074=CARTESIAN_POINT('Ctrl Pts',(-2.71077642223649,-74.8336051370196,17.726005692152));
#6075=CARTESIAN_POINT('Ctrl Pts',(-2.71627555881327,-74.8446135288472,17.732935093836));
#6076=CARTESIAN_POINT('Ctrl Pts',(-2.72375673639123,-74.8595896497273,17.7423620436459));
#6077=CARTESIAN_POINT('Ctrl Pts',(-2.73133250274596,-74.8745519348765,17.7520139382992));
#6078=CARTESIAN_POINT('Ctrl Pts',(-2.73902045410641,-74.8894482337124,17.7619188889674));
#6079=CARTESIAN_POINT('Ctrl Pts',(-2.76948215017438,-74.9484713084436,17.8011649224912));
#6080=CARTESIAN_POINT('Ctrl Pts',(-2.80043265280368,-75.0074989635545,17.8427625322896));
#6081=CARTESIAN_POINT('Ctrl Pts',(-2.83059111617375,-75.0658108702688,17.8851275777643));
#6082=CARTESIAN_POINT('Ctrl Pts',(-2.8433077904312,-75.0903987782772,17.9029913023379));
#6083=CARTESIAN_POINT('Ctrl Pts',(-2.85588394045759,-75.1148589887014,17.9209917807733));
#6084=CARTESIAN_POINT('Ctrl Pts',(-2.86822481194008,-75.139135438527,17.9390117486477));
#6085=CARTESIAN_POINT('Ctrl Pts',(-2.89781259599372,-75.1973392984445,17.9822154169524));
#6086=CARTESIAN_POINT('Ctrl Pts',(-2.92604706423613,-75.2544898954043,18.0255293070021));
#6087=CARTESIAN_POINT('Ctrl Pts',(-2.95312939073335,-75.3109268298352,18.0692499654291));
#6088=CARTESIAN_POINT('Ctrl Pts',(-2.98042914615577,-75.3678168649994,18.1133216326874));
#6089=CARTESIAN_POINT('Ctrl Pts',(-3.00655865199512,-75.4239816145573,18.157806501506));
#6090=CARTESIAN_POINT('Ctrl Pts',(-3.03173470351374,-75.4797257902552,18.2030372575637));
#6091=CARTESIAN_POINT('Ctrl Pts',(-3.0567363329205,-75.5350837649301,18.2479546505832));
#6092=CARTESIAN_POINT('Ctrl Pts',(-3.08079812617754,-75.5900269889905,18.293607595238));
#6093=CARTESIAN_POINT('Ctrl Pts',(-3.10413601140317,-75.6448124320721,18.3403514429696));
#6094=CARTESIAN_POINT('Ctrl Pts',(-3.11120076879105,-75.6613968766358,18.3545015658452));
#6095=CARTESIAN_POINT('Ctrl Pts',(-3.11819918924633,-75.6779665702219,18.3687518638826));
#6096=CARTESIAN_POINT('Ctrl Pts',(-3.12513723585182,-75.694527863464,18.3831127394107));
#6097=CARTESIAN_POINT('Ctrl Pts',(-3.12998616688882,-75.7061023848503,18.3931494109735));
#6098=CARTESIAN_POINT('Ctrl Pts',(-3.13480560845856,-75.717672796272,18.4032400996508));
#6099=CARTESIAN_POINT('Ctrl Pts',(-3.13959315282978,-75.7292339679924,18.4133828718912));
#6100=CARTESIAN_POINT('Ctrl Pts',(-3.17224328704717,-75.8080789413461,18.4825546328835));
#6101=CARTESIAN_POINT('Ctrl Pts',(-3.20325213817999,-75.8866143580629,18.5538163184054));
#6102=CARTESIAN_POINT('Ctrl Pts',(-3.23180038091373,-75.9636314090724,18.6262970235811));
#6103=CARTESIAN_POINT('Ctrl Pts',(-3.24819220609339,-76.0078530463821,18.667913982608));
#6104=CARTESIAN_POINT('Ctrl Pts',(-3.26377292099236,-76.0515744671331,18.7099332587127));
#6105=CARTESIAN_POINT('Ctrl Pts',(-3.27856683128757,-76.0947158651123,18.7523354493283));
#6106=CARTESIAN_POINT('Ctrl Pts',(-3.29336833471437,-76.1378794058722,18.7947594033186));
#6107=CARTESIAN_POINT('Ctrl Pts',(-3.30738220951047,-76.1804623774967,18.8375666943947));
#6108=CARTESIAN_POINT('Ctrl Pts',(-3.32064054081175,-76.2225921550354,18.8808445484816));
#6109=CARTESIAN_POINT('Ctrl Pts',(-3.3524896822702,-76.3237962367522,18.9848065377779));
#6110=CARTESIAN_POINT('Ctrl Pts',(-3.3799819428159,-76.4223867162862,19.0914825543844));
#6111=CARTESIAN_POINT('Ctrl Pts',(-3.40254069219907,-76.5172691853166,19.2008146650806));
#6112=CARTESIAN_POINT('Ctrl Pts',(-3.42294079444715,-76.6030723491752,19.2996847841336));
#6113=CARTESIAN_POINT('Ctrl Pts',(-3.43930629260682,-76.6858439414749,19.4007272315167));
#6114=CARTESIAN_POINT('Ctrl Pts',(-3.45117598257631,-76.7647479649028,19.5039116018526));
#6115=CARTESIAN_POINT('Ctrl Pts',(-3.45243197982257,-76.7730972340411,19.5148301081769));
#6116=CARTESIAN_POINT('Ctrl Pts',(-3.45363760331106,-76.7814031658268,19.5257726085555));
#6117=CARTESIAN_POINT('Ctrl Pts',(-3.45479228136487,-76.7896647452631,19.5367390750054));
#6118=CARTESIAN_POINT('Ctrl Pts',(-3.46857610448231,-76.8882863040996,19.6676498802028));
#6119=CARTESIAN_POINT('Ctrl Pts',(-3.47504828335386,-76.9801610519526,19.8014517904509));
#6120=CARTESIAN_POINT('Ctrl Pts',(-3.4733810844053,-77.0636175785821,19.9379668519073));
#6121=CARTESIAN_POINT('Ctrl Pts',(-3.47311411044568,-77.0769817421033,19.9598274502103));
#6122=CARTESIAN_POINT('Ctrl Pts',(-3.47263833688056,-77.0901299895575,19.9817576675963));
#6123=CARTESIAN_POINT('Ctrl Pts',(-3.47195026280349,-77.1030553882462,20.0037568254768));
#6124=CARTESIAN_POINT('Ctrl Pts',(-3.46813810976339,-77.1746662794973,20.1256392788181));
#6125=CARTESIAN_POINT('Ctrl Pts',(-3.45781211968422,-77.2394392298267,20.2496366910261));
#6126=CARTESIAN_POINT('Ctrl Pts',(-3.44063852122443,-77.294930459015,20.374473880449));
#6127=CARTESIAN_POINT('Ctrl Pts',(-3.43721880982533,-77.305980210146,20.3993322210409));
#6128=CARTESIAN_POINT('Ctrl Pts',(-3.4335274715573,-77.3166618151176,20.4242238965631));
#6129=CARTESIAN_POINT('Ctrl Pts',(-3.42956170134596,-77.326955778717,20.4491388792851));
#6130=CARTESIAN_POINT('Ctrl Pts',(-3.41722649698811,-77.3589743117848,20.5266348982349));
#6131=CARTESIAN_POINT('Ctrl Pts',(-3.4021992249304,-77.3873290648932,20.6045734227278));
#6132=CARTESIAN_POINT('Ctrl Pts',(-3.38438756229577,-77.4113260425586,20.6825116467915));
#6133=CARTESIAN_POINT('Ctrl Pts',(-3.36750060978889,-77.4340771933331,20.7564036306693));
#6134=CARTESIAN_POINT('Ctrl Pts',(-3.34811096573285,-77.4529105915802,20.8302947617197));
#6135=CARTESIAN_POINT('Ctrl Pts',(-3.32616681624955,-77.4672709504228,20.9038042168217));
#6136=CARTESIAN_POINT('Ctrl Pts',(-3.30560778985826,-77.4807248779335,20.9726737270574));
#6137=CARTESIAN_POINT('Ctrl Pts',(-3.28280671361695,-77.4902523143786,21.0412078544525));
#6138=CARTESIAN_POINT('Ctrl Pts',(-3.25774338648008,-77.4954359727254,21.1090968272553));
#6139=CARTESIAN_POINT('Ctrl Pts',(-3.24315264720242,-77.4984536649507,21.1486187269848));
#6140=CARTESIAN_POINT('Ctrl Pts',(-3.22779563399061,-77.5,21.1879220731327));
#6141=CARTESIAN_POINT('Ctrl Pts',(-3.21167192832733,-77.5,21.226947031646));
#6142=CARTESIAN_POINT('Ctrl Pts',(-4.59800513479956,-76.,21.799729923004));
#6143=CARTESIAN_POINT('Ctrl Pts',(-4.60423349087057,-76.,21.7284696081883));
#6144=CARTESIAN_POINT('Ctrl Pts',(-4.60697118466284,-75.9970540879519,21.6550526541574));
#6145=CARTESIAN_POINT('Ctrl Pts',(-4.60640016563329,-75.9914557618242,21.5799498647404));
#6146=CARTESIAN_POINT('Ctrl Pts',(-4.60577302036791,-75.9853071686193,21.4974651201672));
#6147=CARTESIAN_POINT('Ctrl Pts',(-4.60115453152144,-75.9759592473813,21.4129473693964));
#6148=CARTESIAN_POINT('Ctrl Pts',(-4.59283294137815,-75.9638396281118,21.3270459027084));
#6149=CARTESIAN_POINT('Ctrl Pts',(-4.5868748882492,-75.9551622798806,21.2655425729879));
#6150=CARTESIAN_POINT('Ctrl Pts',(-4.57901960635417,-75.9450649879844,21.2033305284276));
#6151=CARTESIAN_POINT('Ctrl Pts',(-4.56938611724534,-75.9337140489507,21.1406521331733));
#6152=CARTESIAN_POINT('Ctrl Pts',(-4.56518114065864,-75.9287594128542,21.1132932830663));
#6153=CARTESIAN_POINT('Ctrl Pts',(-4.56063749483075,-75.9235660039372,21.0858456012737));
#6154=CARTESIAN_POINT('Ctrl Pts',(-4.55576564653628,-75.9181479852605,21.0583292793486));
#6155=CARTESIAN_POINT('Ctrl Pts',(-4.5522081231154,-75.9141916370387,21.0382362974272));
#6156=CARTESIAN_POINT('Ctrl Pts',(-4.54847595168621,-75.9101158675602,21.0181081037192));
#6157=CARTESIAN_POINT('Ctrl Pts',(-4.5445694000171,-75.9059221445276,20.9979335931413));
#6158=CARTESIAN_POINT('Ctrl Pts',(-4.5170568589707,-75.8763871513054,20.8558512408828));
#6159=CARTESIAN_POINT('Ctrl Pts',(-4.48093040131444,-75.8410399969274,20.7116642205862));
#6160=CARTESIAN_POINT('Ctrl Pts',(-4.43728419996958,-75.8015305151936,20.5674262004436));
#6161=CARTESIAN_POINT('Ctrl Pts',(-4.40483305069228,-75.7721550357679,20.4601845762269));
#6162=CARTESIAN_POINT('Ctrl Pts',(-4.36822423825367,-75.7404783079634,20.3529149793654));
#6163=CARTESIAN_POINT('Ctrl Pts',(-4.32783266422672,-75.7068300763871,20.2458205628836));
#6164=CARTESIAN_POINT('Ctrl Pts',(-4.31154809511825,-75.6932642036604,20.2026435768824));
#6165=CARTESIAN_POINT('Ctrl Pts',(-4.294648588354,-75.6793778478462,20.1594950904334));
#6166=CARTESIAN_POINT('Ctrl Pts',(-4.27715845525321,-75.6651925404952,20.1163885397992));
#6167=CARTESIAN_POINT('Ctrl Pts',(-4.26903153515201,-75.6586012321965,20.0963587612478));
#6168=CARTESIAN_POINT('Ctrl Pts',(-4.2607770932124,-75.6519453779633,20.0763380381003));
#6169=CARTESIAN_POINT('Ctrl Pts',(-4.25239755998195,-75.645227136735,20.0563277249562));
#6170=CARTESIAN_POINT('Ctrl Pts',(-4.24437856259259,-75.6387979529859,20.0371783708753));
#6171=CARTESIAN_POINT('Ctrl Pts',(-4.2362486436983,-75.6323145519174,20.018047238552));
#6172=CARTESIAN_POINT('Ctrl Pts',(-4.2280104470707,-75.6257791420815,19.9989359674843));
#6173=CARTESIAN_POINT('Ctrl Pts',(-4.17229684056552,-75.5815812103733,19.8696894971449));
#6174=CARTESIAN_POINT('Ctrl Pts',(-4.11163063678157,-75.5350031778162,19.7413397868855));
#6175=CARTESIAN_POINT('Ctrl Pts',(-4.04669749239065,-75.486629939478,19.6141560621437));
#6176=CARTESIAN_POINT('Ctrl Pts',(-3.99218589546121,-75.4460204403508,19.5073848899767));
#6177=CARTESIAN_POINT('Ctrl Pts',(-3.93466572196769,-75.404144841552,19.4014352158509));
#6178=CARTESIAN_POINT('Ctrl Pts',(-3.87451766892716,-75.3613368071137,19.2964691246415));
#6179=CARTESIAN_POINT('Ctrl Pts',(-3.84492452424643,-75.3402750388172,19.2448252797172));
#6180=CARTESIAN_POINT('Ctrl Pts',(-3.81469497137028,-75.318987444393,19.1934196199738));
#6181=CARTESIAN_POINT('Ctrl Pts',(-3.7837636127123,-75.2974104920399,19.1421463347936));
#6182=CARTESIAN_POINT('Ctrl Pts',(-3.75284786579325,-75.2758444300505,19.0908989283712));
#6183=CARTESIAN_POINT('Ctrl Pts',(-3.72123101818602,-75.2539892777896,19.039783742447));
#6184=CARTESIAN_POINT('Ctrl Pts',(-3.68889431554607,-75.2318849779449,18.9888134618546));
#6185=CARTESIAN_POINT('Ctrl Pts',(-3.65660482683881,-75.2098129519823,18.937917601571));
#6186=CARTESIAN_POINT('Ctrl Pts',(-3.62359744910181,-75.1874924524366,18.8871660939995));
#6187=CARTESIAN_POINT('Ctrl Pts',(-3.59009522353087,-75.1650370467632,18.8367917882557));
#6188=CARTESIAN_POINT('Ctrl Pts',(-3.56798138618606,-75.1502148915149,18.803541185211));
#6189=CARTESIAN_POINT('Ctrl Pts',(-3.54565195169452,-75.1353339647639,18.7704549593805));
#6190=CARTESIAN_POINT('Ctrl Pts',(-3.52317128884807,-75.1204270862183,18.7376006364961));
#6191=CARTESIAN_POINT('Ctrl Pts',(-3.51232609814306,-75.1132356638947,18.7217509527212));
#6192=CARTESIAN_POINT('Ctrl Pts',(-3.50144658211435,-75.1060387846516,18.7059565514655));
#6193=CARTESIAN_POINT('Ctrl Pts',(-3.4905459745631,-75.0988440720001,18.690233530124));
#6194=CARTESIAN_POINT('Ctrl Pts',(-3.4898101249215,-75.0983583901974,18.6891721416129));
#6195=CARTESIAN_POINT('Ctrl Pts',(-3.48907417160971,-75.0978727132546,18.6881110673162));
#6196=CARTESIAN_POINT('Ctrl Pts',(-3.48833811684209,-75.0973870422858,18.6870503094715));
#6197=CARTESIAN_POINT('Ctrl Pts',(-3.40454966524142,-75.0421009137896,18.566299434348));
#6198=CARTESIAN_POINT('Ctrl Pts',(-3.31944709059856,-74.9868915704142,18.4496432423949));
#6199=CARTESIAN_POINT('Ctrl Pts',(-3.23043261194965,-74.9302642675194,18.3337682438123));
#6200=CARTESIAN_POINT('Ctrl Pts',(-3.17387429898762,-74.8942842250821,18.2601432051244));
#6201=CARTESIAN_POINT('Ctrl Pts',(-3.11573698746306,-74.8577321265021,18.1868355170828));
#6202=CARTESIAN_POINT('Ctrl Pts',(-3.05534397386782,-74.8202210617288,18.1129991022673));
#6203=CARTESIAN_POINT('Ctrl Pts',(-3.00396618106701,-74.7883094944973,18.0501846839146));
#6204=CARTESIAN_POINT('Ctrl Pts',(-2.95095288137261,-74.7557031821337,17.9869844290313));
#6205=CARTESIAN_POINT('Ctrl Pts',(-2.89886774573304,-74.7229161766802,17.926281843797));
#6206=CARTESIAN_POINT('Ctrl Pts',(-2.88421438924867,-74.7136920540381,17.9092040996376));
#6207=CARTESIAN_POINT('Ctrl Pts',(-2.86963467327811,-74.7044536574538,17.8923242792417));
#6208=CARTESIAN_POINT('Ctrl Pts',(-2.85518618752195,-74.6952125167431,17.8757072415078));
#6209=CARTESIAN_POINT('Ctrl Pts',(-2.84347740358359,-74.6877236683093,17.8622411034082));
#6210=CARTESIAN_POINT('Ctrl Pts',(-2.83181526755977,-74.6802092127504,17.8489024684908));
#6211=CARTESIAN_POINT('Ctrl Pts',(-2.82025875987298,-74.6726915694975,17.8357590236945));
#6212=CARTESIAN_POINT('Ctrl Pts',(-2.79729318216269,-74.657752192914,17.809639817873));
#6213=CARTESIAN_POINT('Ctrl Pts',(-2.77474516510195,-74.6427984045588,17.7842931636052));
#6214=CARTESIAN_POINT('Ctrl Pts',(-2.75211439049998,-74.6273548656406,17.7591518089548));
#6215=CARTESIAN_POINT('Ctrl Pts',(-2.7495971270009,-74.6256370518451,17.7563552889287));
#6216=CARTESIAN_POINT('Ctrl Pts',(-2.74707885386446,-74.6239132229636,17.7535613047264));
#6217=CARTESIAN_POINT('Ctrl Pts',(-2.74455890622487,-74.6221827693301,17.7507690870508));
#6218=CARTESIAN_POINT('Ctrl Pts',(-2.73199793780236,-74.6135571244535,17.7368509573637));
#6219=CARTESIAN_POINT('Ctrl Pts',(-2.7195025131082,-74.6048283637939,17.723094064157));
#6220=CARTESIAN_POINT('Ctrl Pts',(-2.70694954265972,-74.5959193922014,17.7093560561899));
#6221=CARTESIAN_POINT('Ctrl Pts',(-2.7012266435178,-74.5918577921131,17.7030928984513));
#6222=CARTESIAN_POINT('Ctrl Pts',(-2.69549281090388,-74.5877587196252,17.6968347485333));
#6223=CARTESIAN_POINT('Ctrl Pts',(-2.68988182208728,-74.5836053472216,17.6907226718651));
#6224=CARTESIAN_POINT('Ctrl Pts',(-2.6837888749919,-74.5790952191231,17.6840855957633));
#6225=CARTESIAN_POINT('Ctrl Pts',(-2.67779738580613,-74.5744898909488,17.6775733029496));
#6226=CARTESIAN_POINT('Ctrl Pts',(-2.67203148672096,-74.5697170087406,17.6713161246564));
#6227=CARTESIAN_POINT('Ctrl Pts',(-2.66738784482089,-74.5658731059115,17.6662768246497));
#6228=CARTESIAN_POINT('Ctrl Pts',(-2.66289001440519,-74.561920274403,17.6614024767487));
#6229=CARTESIAN_POINT('Ctrl Pts',(-2.65862439450473,-74.5578158073155,17.6567846596426));
#6230=CARTESIAN_POINT('Ctrl Pts',(-2.65466181378656,-74.5540029307539,17.6524949025964));
#6231=CARTESIAN_POINT('Ctrl Pts',(-2.65089879847783,-74.5500586503372,17.6484256458352));
#6232=CARTESIAN_POINT('Ctrl Pts',(-2.64743148353119,-74.5459462429601,17.6446792608907));
#6233=CARTESIAN_POINT('Ctrl Pts',(-2.64505462629831,-74.5431271724779,17.6421111001411));
#6234=CARTESIAN_POINT('Ctrl Pts',(-2.64281856661614,-74.5402307604799,17.6396966507059));
#6235=CARTESIAN_POINT('Ctrl Pts',(-2.64076073536532,-74.5372414812257,17.6374757994204));
#6236=CARTESIAN_POINT('Ctrl Pts',(-2.63834316182882,-74.5337296274645,17.6348667073026));
#6237=CARTESIAN_POINT('Ctrl Pts',(-2.63617797071308,-74.5300929954683,17.6325317322374));
#6238=CARTESIAN_POINT('Ctrl Pts',(-2.63436072537881,-74.5263720274855,17.6305729703125));
#6239=CARTESIAN_POINT('Ctrl Pts',(-2.63336204533867,-74.5243271431848,17.629496518828));
#6240=CARTESIAN_POINT('Ctrl Pts',(-2.6324679519308,-74.5222569218384,17.628533146625));
#6241=CARTESIAN_POINT('Ctrl Pts',(-2.63168964298471,-74.5201691965459,17.627694750154));
#6242=CARTESIAN_POINT('Ctrl Pts',(-2.63021506629212,-74.5162138121547,17.6261063322108));
#6243=CARTESIAN_POINT('Ctrl Pts',(-2.6291687895547,-74.5122250046966,17.6249801672333));
#6244=CARTESIAN_POINT('Ctrl Pts',(-2.62856643959806,-74.5082336212838,17.6243319971288));
#6245=CARTESIAN_POINT('Ctrl Pts',(-2.62815182032783,-74.5054862076588,17.623885838193));
#6246=CARTESIAN_POINT('Ctrl Pts',(-2.62794686102485,-74.5027377063281,17.6236654320807));
#6247=CARTESIAN_POINT('Ctrl Pts',(-2.62794686102484,-74.5,17.6236654320807));
#6248=CARTESIAN_POINT('Origin',(-8.69277412216903,-74.5,26.0086424801863));
#6249=CARTESIAN_POINT('',(-10.25,-76.,27.6092767459504));
#6250=CARTESIAN_POINT('',(-8.69277412216903,-76.,26.0086424801863));
#6251=CARTESIAN_POINT('',(-11.3251385827513,-74.5,26.563295375237));
#6252=CARTESIAN_POINT('Origin',(-10.25,-74.5,27.6092767459504));
#6253=CARTESIAN_POINT('',(-9.76791270492033,-74.5,24.9626611094729));
#6254=CARTESIAN_POINT('Origin',(0.,-76.,30.5));
#6255=CARTESIAN_POINT('',(12.3451132622534,-76.,46.8193058281009));
#6256=CARTESIAN_POINT('',(16.3141566768172,-76.,34.6136196044291));
#6257=CARTESIAN_POINT('',(5.2127349439267,-76.,52.));
#6258=CARTESIAN_POINT('Origin',(5.2127349439267,-76.,44.5));
#6259=CARTESIAN_POINT('',(-2.75,-76.,52.));
#6260=CARTESIAN_POINT('',(5.875,-76.,52.));
#6261=CARTESIAN_POINT('',(-10.25,-76.,44.5));
#6262=CARTESIAN_POINT('Origin',(-2.75,-76.,44.5));
#6263=CARTESIAN_POINT('',(-10.25,-76.,26.846739843594));
#6264=CARTESIAN_POINT('',(-3.2258,-76.,45.5));
#6265=CARTESIAN_POINT('Origin',(0.,-76.,45.5));
#6266=CARTESIAN_POINT('Origin',(-1.30246161171836,-92.5,19.1));
#6267=CARTESIAN_POINT('',(1.80572007797444,-94.,19.1));
#6268=CARTESIAN_POINT('',(-1.80572007797443,-94.,19.1));
#6269=CARTESIAN_POINT('',(-1.30246161171836,-94.,19.1));
#6270=CARTESIAN_POINT('',(-2.60492322343673,-92.5,17.6));
#6271=CARTESIAN_POINT('Ctrl Pts',(-1.80572007797443,-94.,19.1));
#6272=CARTESIAN_POINT('Ctrl Pts',(-1.80682134022658,-94.,19.0983075988427));
#6273=CARTESIAN_POINT('Ctrl Pts',(-1.80792189420323,-93.9999971357781,19.096614737922));
#6274=CARTESIAN_POINT('Ctrl Pts',(-1.88401592973945,-93.9996004837778,18.9794608958259));
#6275=CARTESIAN_POINT('Ctrl Pts',(-1.95550470070967,-93.9858728992761,18.8622128844382));
#6276=CARTESIAN_POINT('Ctrl Pts',(-2.09052544655321,-93.9293728671454,18.6297318188308));
#6277=CARTESIAN_POINT('Ctrl Pts',(-2.15365949557327,-93.8868709666176,18.5152266714366));
#6278=CARTESIAN_POINT('Ctrl Pts',(-2.29829660159298,-93.7445958255447,18.2429361597759));
#6279=CARTESIAN_POINT('Ctrl Pts',(-2.37287343133536,-93.6284131105254,18.0931118854977));
#6280=CARTESIAN_POINT('Ctrl Pts',(-2.48990996173317,-93.3489087109767,17.8506884424338));
#6281=CARTESIAN_POINT('Ctrl Pts',(-2.53323690599972,-93.1930020705814,17.7571016733844));
#6282=CARTESIAN_POINT('Ctrl Pts',(-2.59059417253184,-92.8553245083193,17.6320166676685));
#6283=CARTESIAN_POINT('Ctrl Pts',(-2.60492322343673,-92.6788671654025,17.6));
#6284=CARTESIAN_POINT('Ctrl Pts',(-2.60492322343673,-92.5,17.6));
#6285=CARTESIAN_POINT('',(2.60492322343673,-92.5,17.6));
#6286=CARTESIAN_POINT('',(-1.30246161171836,-92.5,17.6));
#6287=CARTESIAN_POINT('Ctrl Pts',(1.80572007797444,-94.,19.1));
#6288=CARTESIAN_POINT('Ctrl Pts',(1.80682134022657,-94.,19.0983075988427));
#6289=CARTESIAN_POINT('Ctrl Pts',(1.80792189420324,-93.9999971357781,19.096614737922));
#6290=CARTESIAN_POINT('Ctrl Pts',(1.88401592973946,-93.9996004837778,18.9794608958259));
#6291=CARTESIAN_POINT('Ctrl Pts',(1.95550470070967,-93.9858728992761,18.8622128844382));
#6292=CARTESIAN_POINT('Ctrl Pts',(2.09052544655321,-93.9293728671454,18.6297318188308));
#6293=CARTESIAN_POINT('Ctrl Pts',(2.15365949557327,-93.8868709666176,18.5152266714366));
#6294=CARTESIAN_POINT('Ctrl Pts',(2.29829660159298,-93.7445958255447,18.2429361597759));
#6295=CARTESIAN_POINT('Ctrl Pts',(2.37287343133536,-93.6284131105254,18.0931118854977));
#6296=CARTESIAN_POINT('Ctrl Pts',(2.48990996173317,-93.3489087109767,17.8506884424338));
#6297=CARTESIAN_POINT('Ctrl Pts',(2.53323690599972,-93.1930020705814,17.7571016733844));
#6298=CARTESIAN_POINT('Ctrl Pts',(2.59059417253184,-92.8553245083193,17.6320166676685));
#6299=CARTESIAN_POINT('Ctrl Pts',(2.60492322343673,-92.6788671654025,17.6));
#6300=CARTESIAN_POINT('Ctrl Pts',(2.60492322343673,-92.5,17.6));
#6301=CARTESIAN_POINT('Origin',(0.,-92.5,19.9));
#6302=CARTESIAN_POINT('Origin',(0.,-92.5,19.9));
#6303=CARTESIAN_POINT('Origin',(0.,-94.,19.9));
#6304=CARTESIAN_POINT('Origin',(-2.60492322343673,-64.,17.6));
#6305=CARTESIAN_POINT('',(-2.60492322343673,-64.,17.6));
#6306=CARTESIAN_POINT('',(-2.60492322343673,-64.8720169934718,17.6));
#6307=CARTESIAN_POINT('',(-2.60492322343673,-64.,17.6));
#6308=CARTESIAN_POINT('',(-2.59481241928844,-64.7227077408525,17.6));
#6309=CARTESIAN_POINT('Ctrl Pts',(-2.59471075394895,-64.7226827951854,17.6000913692932));
#6310=CARTESIAN_POINT('Ctrl Pts',(-2.60151979194667,-64.7719284730909,17.6000433362917));
#6311=CARTESIAN_POINT('Ctrl Pts',(-2.60492322343673,-64.8217722544568,17.6));
#6312=CARTESIAN_POINT('Ctrl Pts',(-2.60492322343673,-64.8720169934718,17.6));
#6313=CARTESIAN_POINT('',(2.6058045493809,-64.7227077408525,17.6));
#6314=CARTESIAN_POINT('',(4.375,-64.7227077408525,17.6));
#6315=CARTESIAN_POINT('',(2.60492322343673,-64.7525737706375,17.6));
#6316=CARTESIAN_POINT('Ctrl Pts',(2.60492444588866,-64.7525718007528,17.5999995651115));
#6317=CARTESIAN_POINT('Ctrl Pts',(2.60492412006487,-64.7425716436261,17.5999986514674));
#6318=CARTESIAN_POINT('Ctrl Pts',(2.60521968409675,-64.73261678139,17.6000020871918));
#6319=CARTESIAN_POINT('Ctrl Pts',(2.60580875431326,-64.7227082889347,17.6000091569118));
#6320=CARTESIAN_POINT('',(2.60492322343673,-64.,17.6));
#6321=CARTESIAN_POINT('',(2.60492322343673,-64.,17.6));
#6322=CARTESIAN_POINT('Origin',(0.,-94.,20.4875));
#6323=CARTESIAN_POINT('Origin',(15.7549989234371,-92.5,19.9058243020736));
#6324=CARTESIAN_POINT('',(15.7549989234371,-94.,24.9858243020736));
#6325=CARTESIAN_POINT('Origin',(15.7549989234371,-94.,19.9058243020736));
#6326=CARTESIAN_POINT('Origin',(15.7549989234371,-92.5,24.9858243020736));
#6327=CARTESIAN_POINT('Origin',(15.7549989234371,-94.,19.9058243020736));
#6328=CARTESIAN_POINT('Origin',(2.60492322343673,-64.,17.6));
#6329=CARTESIAN_POINT('Origin',(15.2914210693608,-51.5,13.0867651895996));
#6330=CARTESIAN_POINT('Ctrl Pts',(10.25,34.4,34.));
#6331=CARTESIAN_POINT('Ctrl Pts',(11.75,34.4,34.));
#6332=CARTESIAN_POINT('Ctrl Pts',(11.75,34.4,32.5));
#6333=CARTESIAN_POINT('Ctrl Pts',(10.25,35.4,34.));
#6334=CARTESIAN_POINT('Ctrl Pts',(11.75,35.4,34.));
#6335=CARTESIAN_POINT('Ctrl Pts',(11.75,35.4,32.5));
#6336=CARTESIAN_POINT('Ctrl Pts',(10.25,35.4,33.));
#6337=CARTESIAN_POINT('Ctrl Pts',(10.75,35.4,33.));
#6338=CARTESIAN_POINT('Ctrl Pts',(10.75,35.4,32.5));
#6339=CARTESIAN_POINT('',(11.75,34.4,32.5));
#6340=CARTESIAN_POINT('',(10.75,35.4,32.5));
#6341=CARTESIAN_POINT('Origin',(10.75,34.4,32.5));
#6342=CARTESIAN_POINT('',(10.25,35.4,33.));
#6343=CARTESIAN_POINT('Origin',(10.25,35.4,32.5));
#6344=CARTESIAN_POINT('',(10.25,34.4,34.));
#6345=CARTESIAN_POINT('Origin',(10.25,34.4,33.));
#6346=CARTESIAN_POINT('Origin',(10.25,34.4,32.5));
#6347=CARTESIAN_POINT('Ctrl Pts',(-11.75,34.4,32.5));
#6348=CARTESIAN_POINT('Ctrl Pts',(-11.75,34.4,34.));
#6349=CARTESIAN_POINT('Ctrl Pts',(-10.25,34.4,34.));
#6350=CARTESIAN_POINT('Ctrl Pts',(-11.75,35.4,32.5));
#6351=CARTESIAN_POINT('Ctrl Pts',(-11.75,35.4,34.));
#6352=CARTESIAN_POINT('Ctrl Pts',(-10.25,35.4,34.));
#6353=CARTESIAN_POINT('Ctrl Pts',(-10.75,35.4,32.5));
#6354=CARTESIAN_POINT('Ctrl Pts',(-10.75,35.4,33.));
#6355=CARTESIAN_POINT('Ctrl Pts',(-10.25,35.4,33.));
#6356=CARTESIAN_POINT('',(-10.25,34.4,34.));
#6357=CARTESIAN_POINT('',(-10.25,35.4,33.));
#6358=CARTESIAN_POINT('Origin',(-10.25,34.4,33.));
#6359=CARTESIAN_POINT('',(-10.75,35.4,32.5));
#6360=CARTESIAN_POINT('Origin',(-10.25,35.4,32.5));
#6361=CARTESIAN_POINT('',(-11.75,34.4,32.5));
#6362=CARTESIAN_POINT('Origin',(-10.75,34.4,32.5));
#6363=CARTESIAN_POINT('Origin',(-10.25,34.4,32.5));
#6364=CARTESIAN_POINT('Origin',(17.0014632172785,-64.5481981292188,32.5));
#6365=CARTESIAN_POINT('',(18.1043183221063,-63.5904281992298,32.8411559452276));
#6366=CARTESIAN_POINT('',(18.4279388809033,-64.5481981291721,32.9638611656202));
#6367=CARTESIAN_POINT('Origin',(17.0014632172379,-64.5481981291721,32.5));
#6368=CARTESIAN_POINT('',(17.0014632172379,-64.5481981292317,34.));
#6369=CARTESIAN_POINT('Origin',(17.0014632172785,-64.5481981292188,32.5));
#6370=CARTESIAN_POINT('Origin',(17.0014632172379,-64.5481981291721,32.5));
#6371=CARTESIAN_POINT('Ctrl Pts',(18.1043183221445,-63.5904281992742,32.8411559452287));
#6372=CARTESIAN_POINT('Ctrl Pts',(16.3614949726897,-61.5658492772718,32.7913277516836));
#6373=CARTESIAN_POINT('Ctrl Pts',(13.0330935125453,-56.2048172921681,32.671486967106));
#6374=CARTESIAN_POINT('Ctrl Pts',(11.75,-49.9725562209396,32.5587504746996));
#6375=CARTESIAN_POINT('Ctrl Pts',(11.75,-46.4117750649887,32.5));
#6376=CARTESIAN_POINT('Ctrl Pts',(18.0385075795254,-63.6475812650485,33.2143553663025));
#6377=CARTESIAN_POINT('Ctrl Pts',(16.2980206422555,-61.6092310560081,33.1770830913183));
#6378=CARTESIAN_POINT('Ctrl Pts',(12.9845377863745,-56.2179399365872,33.0858105506723));
#6379=CARTESIAN_POINT('Ctrl Pts',(11.7318752005008,-49.9718907900933,32.996300571242));
#6380=CARTESIAN_POINT('Ctrl Pts',(11.75,-46.4117750649887,32.9487989505128));
#6381=CARTESIAN_POINT('Ctrl Pts',(17.7254519883327,-63.9194530914765,33.8023328242827));
#6382=CARTESIAN_POINT('Ctrl Pts',(15.9577989600253,-61.8468609219125,33.791948305729));
#6383=CARTESIAN_POINT('Ctrl Pts',(12.5996001605832,-56.3660796592874,33.7662933217898));
#6384=CARTESIAN_POINT('Ctrl Pts',(11.345493367021,-50.0241042481475,33.7401393393588));
#6385=CARTESIAN_POINT('Ctrl Pts',(11.373451702871,-46.4117750649887,33.7258334073961));
#6386=CARTESIAN_POINT('Ctrl Pts',(17.2184815236629,-64.3597294834417,34.));
#6387=CARTESIAN_POINT('Ctrl Pts',(15.3918914363884,-62.2453681570038,34.0000663319895));
#6388=CARTESIAN_POINT('Ctrl Pts',(11.9088549150843,-56.6439895703001,34.000031740915));
#6389=CARTESIAN_POINT('Ctrl Pts',(10.5782960301231,-50.1313790408137,33.999851172147));
#6390=CARTESIAN_POINT('Ctrl Pts',(10.5865992128846,-46.4117750649887,34.));
#6391=CARTESIAN_POINT('Ctrl Pts',(17.0014632172785,-64.5481981292188,34.));
#6392=CARTESIAN_POINT('Ctrl Pts',(15.1497134084828,-62.4159410331092,34.));
#6393=CARTESIAN_POINT('Ctrl Pts',(11.6132868570794,-56.7628906117032,34.));
#6394=CARTESIAN_POINT('Ctrl Pts',(10.25,-50.177182922614,34.));
#6395=CARTESIAN_POINT('Ctrl Pts',(10.25,-46.4117750649887,34.));
#6396=CARTESIAN_POINT('',(11.75,-46.4117750649887,32.5));
#6397=CARTESIAN_POINT('Ctrl Pts',(18.1043183221445,-63.5904281992742,32.8411559452287));
#6398=CARTESIAN_POINT('Ctrl Pts',(16.3614949726897,-61.5658492772718,32.7913277516836));
#6399=CARTESIAN_POINT('Ctrl Pts',(13.0330935125453,-56.2048172921681,32.671486967106));
#6400=CARTESIAN_POINT('Ctrl Pts',(11.75,-49.9725562209396,32.5587504746996));
#6401=CARTESIAN_POINT('Ctrl Pts',(11.75,-46.4117750649887,32.5));
#6402=CARTESIAN_POINT('',(10.25,-46.4117750649887,34.));
#6403=CARTESIAN_POINT('Origin',(10.25,-46.4117750649887,32.5));
#6404=CARTESIAN_POINT('Ctrl Pts',(10.25,-46.4117750649887,34.));
#6405=CARTESIAN_POINT('Ctrl Pts',(10.25,-50.177182922614,34.));
#6406=CARTESIAN_POINT('Ctrl Pts',(11.6132868570794,-56.7628906117032,34.));
#6407=CARTESIAN_POINT('Ctrl Pts',(15.1497134084828,-62.4159410331092,34.));
#6408=CARTESIAN_POINT('Ctrl Pts',(17.0014632172785,-64.5481981292188,34.));
#6409=CARTESIAN_POINT('Origin',(10.25,5.,32.5));
#6410=CARTESIAN_POINT('',(10.25,5.,34.));
#6411=CARTESIAN_POINT('',(11.75,5.,32.5));
#6412=CARTESIAN_POINT('Origin',(17.0014632172379,-29.,32.5));
#6413=CARTESIAN_POINT('',(17.0014632172379,-65.,34.));
#6414=CARTESIAN_POINT('',(18.4279388809033,-65.,32.9638611656202));
#6415=CARTESIAN_POINT('Origin',(17.0014632172379,-65.,32.5));
#6416=CARTESIAN_POINT('',(18.4279388809033,-29.,32.9638611656202));
#6417=CARTESIAN_POINT('',(17.0014632172379,-29.,34.));
#6418=CARTESIAN_POINT('Ctrl Pts',(16.9646294824609,-69.5,37.4638611656202));
#6419=CARTESIAN_POINT('Ctrl Pts',(17.2929953436092,-69.5,36.4540635269663));
#6420=CARTESIAN_POINT('Ctrl Pts',(18.0603807039213,-68.6771100768094,34.0941838425464));
#6421=CARTESIAN_POINT('Ctrl Pts',(18.4279388809033,-66.3463968515385,32.9638611656202));
#6422=CARTESIAN_POINT('Ctrl Pts',(18.4279388809033,-65.,32.9638611656202));
#6423=CARTESIAN_POINT('Ctrl Pts',(16.9646294824609,-69.0512010494872,37.4638611656202));
#6424=CARTESIAN_POINT('Ctrl Pts',(17.2624570482831,-69.0714695179596,36.5452928773154));
#6425=CARTESIAN_POINT('Ctrl Pts',(17.9706541115311,-68.3660968355597,34.3668354941853));
#6426=CARTESIAN_POINT('Ctrl Pts',(18.3169301224635,-66.2332502379215,33.3052376465686));
#6427=CARTESIAN_POINT('Ctrl Pts',(18.3169301224635,-65.,33.3052376465686));
#6428=CARTESIAN_POINT('Ctrl Pts',(16.6065273324243,-68.274176077808,37.3474135563422));
#6429=CARTESIAN_POINT('Ctrl Pts',(16.8877864701546,-68.326698351987,36.5972051628613));
#6430=CARTESIAN_POINT('Ctrl Pts',(17.5644807281439,-67.8224898656012,34.7584724201686));
#6431=CARTESIAN_POINT('Ctrl Pts',(17.8994875943623,-66.0367558444986,33.8271837930641));
#6432=CARTESIAN_POINT('Ctrl Pts',(17.8994875943623,-65.,33.8271837930641));
#6433=CARTESIAN_POINT('Ctrl Pts',(15.8582542091881,-68.,37.104090202157));
#6434=CARTESIAN_POINT('Ctrl Pts',(16.1726301198638,-68.0235633567298,36.4266010610004));
#6435=CARTESIAN_POINT('Ctrl Pts',(16.912951225181,-67.5187537801683,34.8030707741026));
#6436=CARTESIAN_POINT('Ctrl Pts',(17.2706921643902,-65.923652263396,34.));
#6437=CARTESIAN_POINT('Ctrl Pts',(17.2706921643902,-65.,34.));
#6438=CARTESIAN_POINT('Ctrl Pts',(15.5381538187956,-68.,37.));
#6439=CARTESIAN_POINT('Ctrl Pts',(15.8665196799438,-68.,36.3268015742308));
#6440=CARTESIAN_POINT('Ctrl Pts',(16.633905040256,-67.451406717873,34.7535484512842));
#6441=CARTESIAN_POINT('Ctrl Pts',(17.0014632172379,-65.8975979010257,34.));
#6442=CARTESIAN_POINT('Ctrl Pts',(17.0014632172379,-65.,34.));
#6443=CARTESIAN_POINT('',(15.5381538187956,-68.,37.));
#6444=CARTESIAN_POINT('',(16.9646294824609,-69.5,37.4638611656202));
#6445=CARTESIAN_POINT('Origin',(15.5381538187956,-69.5,37.));
#6446=CARTESIAN_POINT('Origin',(16.9646294824609,-65.,37.4638611656202));
#6447=CARTESIAN_POINT('Origin',(15.5381538187956,-65.,37.));
#6448=CARTESIAN_POINT('Origin',(14.3658570548138,-69.5,40.6050717937938));
#6449=CARTESIAN_POINT('',(12.3451132622534,-68.,46.8193058281009));
#6450=CARTESIAN_POINT('',(13.7715889259188,-69.5,47.283166993721));
#6451=CARTESIAN_POINT('Origin',(12.3451132622534,-69.5,46.8193058281009));
#6452=CARTESIAN_POINT('',(15.7923327184792,-69.5,41.0689329594139));
#6453=CARTESIAN_POINT('',(14.3658570548138,-68.,40.6050717937938));
#6454=CARTESIAN_POINT('Origin',(5.2127349439267,-69.5,44.5));
#6455=CARTESIAN_POINT('',(5.2127349439267,-68.,52.));
#6456=CARTESIAN_POINT('',(5.2127349439267,-69.5,53.5));
#6457=CARTESIAN_POINT('Origin',(5.2127349439267,-69.5,52.));
#6458=CARTESIAN_POINT('Origin',(5.2127349439267,-69.5,44.5));
#6459=CARTESIAN_POINT('Origin',(5.2127349439267,-68.,44.5));
#6460=CARTESIAN_POINT('Origin',(5.875,-69.5,52.));
#6461=CARTESIAN_POINT('',(-2.75,-68.,52.));
#6462=CARTESIAN_POINT('',(-2.75,-69.5,53.5));
#6463=CARTESIAN_POINT('Origin',(-2.75,-69.5,52.));
#6464=CARTESIAN_POINT('',(5.875,-69.5,53.5));
#6465=CARTESIAN_POINT('',(5.875,-68.,52.));
#6466=CARTESIAN_POINT('Origin',(-2.75,-69.5,44.5));
#6467=CARTESIAN_POINT('',(-10.25,-68.,44.5));
#6468=CARTESIAN_POINT('',(-11.75,-69.5,44.5));
#6469=CARTESIAN_POINT('Origin',(-10.25,-69.5,44.5));
#6470=CARTESIAN_POINT('Origin',(-2.75,-69.5,44.5));
#6471=CARTESIAN_POINT('Origin',(-2.75,-68.,44.5));
#6472=CARTESIAN_POINT('Origin',(-10.25,-69.5,33.471739843594));
#6473=CARTESIAN_POINT('',(-10.25,-68.,37.));
#6474=CARTESIAN_POINT('',(-11.75,-69.5,37.));
#6475=CARTESIAN_POINT('Origin',(-10.25,-69.5,37.));
#6476=CARTESIAN_POINT('',(-11.75,-69.5,33.471739843594));
#6477=CARTESIAN_POINT('',(-10.25,-68.,33.471739843594));
#6478=CARTESIAN_POINT('Origin',(-10.25,-65.,37.));
#6479=CARTESIAN_POINT('',(-10.25,-65.,34.));
#6480=CARTESIAN_POINT('',(-11.75,-65.,32.5));
#6481=CARTESIAN_POINT('Origin',(-10.25,-65.,32.5));
#6482=CARTESIAN_POINT('Origin',(-11.75,-65.,37.));
#6483=CARTESIAN_POINT('Origin',(-10.25,-65.,37.));
#6484=CARTESIAN_POINT('Origin',(-10.25,5.,32.5));
#6485=CARTESIAN_POINT('',(-11.75,5.,32.5));
#6486=CARTESIAN_POINT('',(-10.25,5.,34.));
#6487=CARTESIAN_POINT('Origin',(20.8291203765726,-64.5137948649087,19.6615059056515));
#6488=CARTESIAN_POINT('',(20.8291203765726,-63.1194597008114,19.1084874157603));
#6489=CARTESIAN_POINT('Origin',(20.8291203765726,-64.5137948649087,19.6615059056515));
#6490=CARTESIAN_POINT('',(21.7068191779507,-63.3245857952365,19.9172921497474));
#6491=CARTESIAN_POINT('Origin',(20.8291203765726,-64.5137948649087,19.6615059056515));
#6492=CARTESIAN_POINT('Origin',(20.8291203765726,-64.5137948649087,19.6615059056515));
#6493=CARTESIAN_POINT('Origin',(10.25,0.,28.5));
#6494=CARTESIAN_POINT('',(11.75,-45.3395152495453,28.4999999999999));
#6495=CARTESIAN_POINT('',(10.25,-45.3395152495453,27.));
#6496=CARTESIAN_POINT('Origin',(10.25,-45.3395152495453,28.5));
#6497=CARTESIAN_POINT('',(10.25,-1.,27.));
#6498=CARTESIAN_POINT('',(10.25,0.,27.));
#6499=CARTESIAN_POINT('',(11.75,-1.,28.5));
#6500=CARTESIAN_POINT('Origin',(10.25,-1.,28.5));
#6501=CARTESIAN_POINT('',(11.75,0.,28.5));
#6502=CARTESIAN_POINT('Ctrl Pts',(10.9580034697782,-51.4999999999933,27.));
#6503=CARTESIAN_POINT('Ctrl Pts',(10.4884122813211,-49.4824170645426,27.));
#6504=CARTESIAN_POINT('Ctrl Pts',(10.25,-47.411025999143,27.));
#6505=CARTESIAN_POINT('Ctrl Pts',(10.25,-45.3395152495453,27.));
#6506=CARTESIAN_POINT('Ctrl Pts',(11.4117156991984,-51.3943987573939,27.));
#6507=CARTESIAN_POINT('Ctrl Pts',(10.9443450164009,-49.4128926264423,27.0002718220372));
#6508=CARTESIAN_POINT('Ctrl Pts',(10.7043840999159,-47.3765607922822,26.9997713998939));
#6509=CARTESIAN_POINT('Ctrl Pts',(10.6987989505128,-45.3395152495453,27.));
#6510=CARTESIAN_POINT('Ctrl Pts',(12.1959437205372,-51.2118701673216,27.4075129906932));
#6511=CARTESIAN_POINT('Ctrl Pts',(11.7332289993832,-49.2919433269562,27.3965303233778));
#6512=CARTESIAN_POINT('Ctrl Pts',(11.4903409587455,-47.3173648656115,27.3862829960357));
#6513=CARTESIAN_POINT('Ctrl Pts',(11.4758679980144,-45.3395152495453,27.3765067717428));
#6514=CARTESIAN_POINT('Ctrl Pts',(12.4366393407056,-51.1558484096306,28.2406512975983));
#6515=CARTESIAN_POINT('Ctrl Pts',(11.9877620874776,-49.2521919196264,28.2137977351844));
#6516=CARTESIAN_POINT('Ctrl Pts',(11.756493083972,-47.2962583423844,28.1880520114015));
#6517=CARTESIAN_POINT('Ctrl Pts',(11.75,-45.3395152495453,28.1634007871154));
#6518=CARTESIAN_POINT('Ctrl Pts',(12.4163562068501,-51.1605692965719,28.5894096854362));
#6519=CARTESIAN_POINT('Ctrl Pts',(11.9743880294787,-49.2535727673976,28.5586784269789));
#6520=CARTESIAN_POINT('Ctrl Pts',(11.75,-47.2963464253739,28.5286829432248));
#6521=CARTESIAN_POINT('Ctrl Pts',(11.75,-45.3395152495453,28.5));
#6522=CARTESIAN_POINT('',(12.4163562068501,-51.1605692965719,28.5894096854362));
#6523=CARTESIAN_POINT('Ctrl Pts',(11.75,-45.3395152495453,28.5));
#6524=CARTESIAN_POINT('Ctrl Pts',(11.75,-47.2963464253739,28.5286829432248));
#6525=CARTESIAN_POINT('Ctrl Pts',(11.9743880294787,-49.2535727673976,28.5586784269789));
#6526=CARTESIAN_POINT('Ctrl Pts',(12.4163562068501,-51.1605692965719,28.5894096854362));
#6527=CARTESIAN_POINT('',(10.9580034697782,-51.4999999999967,27.));
#6528=CARTESIAN_POINT('Origin',(10.9580034697782,-51.4999999999933,28.5));
#6529=CARTESIAN_POINT('Ctrl Pts',(10.9580034697782,-51.4999999999933,27.));
#6530=CARTESIAN_POINT('Ctrl Pts',(10.4884122813211,-49.4824170645426,27.));
#6531=CARTESIAN_POINT('Ctrl Pts',(10.25,-47.411025999143,27.));
#6532=CARTESIAN_POINT('Ctrl Pts',(10.25,-45.3395152495453,27.));
#6533=CARTESIAN_POINT('Ctrl Pts',(12.4163562068501,-51.1605692965718,28.5894096854362));
#6534=CARTESIAN_POINT('Ctrl Pts',(12.6153717066608,-52.0192778797286,28.6032477784822));
#6535=CARTESIAN_POINT('Ctrl Pts',(13.3587372898303,-54.5622336818079,28.3789067848682));
#6536=CARTESIAN_POINT('Ctrl Pts',(15.3195268993917,-58.2691895230774,26.8225297281322));
#6537=CARTESIAN_POINT('Ctrl Pts',(18.3991693136591,-61.4683579118759,23.790565115617));
#6538=CARTESIAN_POINT('Ctrl Pts',(20.6352326910835,-62.8294428238203,21.2922748582463));
#6539=CARTESIAN_POINT('Ctrl Pts',(21.7068191779507,-63.3245857952365,19.9172921497474));
#6540=CARTESIAN_POINT('Ctrl Pts',(12.4434003853241,-51.1542747806504,28.1243985016524));
#6541=CARTESIAN_POINT('Ctrl Pts',(12.6394753070057,-51.9820473433023,28.1401422109256));
#6542=CARTESIAN_POINT('Ctrl Pts',(13.3653238539983,-54.4366389627954,27.9359230434172));
#6543=CARTESIAN_POINT('Ctrl Pts',(15.2622128551912,-58.068547289747,26.4650817744209));
#6544=CARTESIAN_POINT('Ctrl Pts',(18.2842776199884,-61.2858098968412,23.5397039914499));
#6545=CARTESIAN_POINT('Ctrl Pts',(20.5097539062024,-62.6835852374678,21.1045780703658));
#6546=CARTESIAN_POINT('Ctrl Pts',(21.5800247242084,-63.1975654282555,19.7618247104547));
#6547=CARTESIAN_POINT('Ctrl Pts',(12.0939184396395,-51.2356164887584,27.2963729518471));
#6548=CARTESIAN_POINT('Ctrl Pts',(12.2915264112745,-52.0237913601309,27.3114181897601));
#6549=CARTESIAN_POINT('Ctrl Pts',(13.0171653876012,-54.3637458875917,27.1310064318417));
#6550=CARTESIAN_POINT('Ctrl Pts',(14.9088118115594,-57.8888277928419,25.7982983407464));
#6551=CARTESIAN_POINT('Ctrl Pts',(17.9539253666262,-61.1012597190553,23.0681428163183));
#6552=CARTESIAN_POINT('Ctrl Pts',(20.2113338214519,-62.5264834327594,20.7547880792974));
#6553=CARTESIAN_POINT('Ctrl Pts',(21.2994373175222,-63.0552469447817,19.4728241902923));
#6554=CARTESIAN_POINT('Ctrl Pts',(11.2982876418434,-51.4207990680445,27.));
#6555=CARTESIAN_POINT('Ctrl Pts',(11.5056088123607,-52.2192251900651,27.0051495160128));
#6556=CARTESIAN_POINT('Ctrl Pts',(12.2761960859789,-54.5881406697797,26.7900299078858));
#6557=CARTESIAN_POINT('Ctrl Pts',(14.3022658044625,-58.0972884274761,25.4046124415465));
#6558=CARTESIAN_POINT('Ctrl Pts',(17.5064943943873,-61.2133385411733,22.6956251896594));
#6559=CARTESIAN_POINT('Ctrl Pts',(19.846745583421,-62.5756910696425,20.4483098968924));
#6560=CARTESIAN_POINT('Ctrl Pts',(20.9701933830729,-63.0793892066262,19.2095178516434));
#6561=CARTESIAN_POINT('Ctrl Pts',(10.9580034697782,-51.499999999994,27.));
#6562=CARTESIAN_POINT('Ctrl Pts',(11.1694574383271,-52.3111651327589,27.0000000000004));
#6563=CARTESIAN_POINT('Ctrl Pts',(11.9592833704447,-54.7167559744696,26.7618971234005));
#6564=CARTESIAN_POINT('Ctrl Pts',(14.0426223306037,-58.241893018303,25.316446978539));
#6565=CARTESIAN_POINT('Ctrl Pts',(17.3147423957628,-61.3107745572218,22.5716275628758));
#6566=CARTESIAN_POINT('Ctrl Pts',(19.6905597342762,-62.6329918396165,20.3350273189752));
#6567=CARTESIAN_POINT('Ctrl Pts',(20.8291203765726,-63.1194597008114,19.1084874157603));
#6568=CARTESIAN_POINT('Ctrl Pts',(20.8291203765726,-63.1194597008114,19.1084874157603));
#6569=CARTESIAN_POINT('Ctrl Pts',(19.6905597342762,-62.6329918396165,20.3350273189752));
#6570=CARTESIAN_POINT('Ctrl Pts',(17.3147423957628,-61.3107745572218,22.5716275628758));
#6571=CARTESIAN_POINT('Ctrl Pts',(14.0426223306037,-58.241893018303,25.316446978539));
#6572=CARTESIAN_POINT('Ctrl Pts',(11.9592833704447,-54.7167559744696,26.7618971234005));
#6573=CARTESIAN_POINT('Ctrl Pts',(11.1694574383271,-52.3111651327589,27.0000000000004));
#6574=CARTESIAN_POINT('Ctrl Pts',(10.9580034697782,-51.499999999994,27.));
#6575=CARTESIAN_POINT('Ctrl Pts',(12.4163562068501,-51.1605692965718,28.5894096854362));
#6576=CARTESIAN_POINT('Ctrl Pts',(12.6153717066608,-52.0192778797286,28.6032477784822));
#6577=CARTESIAN_POINT('Ctrl Pts',(13.3587372898303,-54.5622336818079,28.3789067848682));
#6578=CARTESIAN_POINT('Ctrl Pts',(15.3195268993917,-58.2691895230774,26.8225297281322));
#6579=CARTESIAN_POINT('Ctrl Pts',(18.3991693136591,-61.4683579118759,23.790565115617));
#6580=CARTESIAN_POINT('Ctrl Pts',(20.6352326910835,-62.8294428238203,21.2922748582463));
#6581=CARTESIAN_POINT('Ctrl Pts',(21.7068191779507,-63.3245857952365,19.9172921497474));
#6582=CARTESIAN_POINT('Ctrl Pts',(18.4279388809033,-64.5481981291721,32.9638611656202));
#6583=CARTESIAN_POINT('Ctrl Pts',(19.6227607400213,-64.6152204450681,29.289519723028));
#6584=CARTESIAN_POINT('Ctrl Pts',(20.8176137709085,-64.6762923798726,25.6150824203523));
#6585=CARTESIAN_POINT('Ctrl Pts',(22.0124721680607,-64.7361167208269,21.9406286152251));
#6586=CARTESIAN_POINT('Ctrl Pts',(18.4297964852774,-64.2019053449526,32.9581486213745));
#6587=CARTESIAN_POINT('Ctrl Pts',(19.6251116562031,-64.2301067758423,29.2836675754479));
#6588=CARTESIAN_POINT('Ctrl Pts',(20.8189681444773,-64.2580874221963,25.6085812437628));
#6589=CARTESIAN_POINT('Ctrl Pts',(22.014627237695,-64.2860195192322,21.9340012995224));
#6590=CARTESIAN_POINT('Ctrl Pts',(18.3132265516851,-63.8569112644,32.9139495153419));
#6591=CARTESIAN_POINT('Ctrl Pts',(19.4812444180067,-63.8471154957681,29.2303051903111));
#6592=CARTESIAN_POINT('Ctrl Pts',(20.6465824833279,-63.8427427380899,25.5456314759625));
#6593=CARTESIAN_POINT('Ctrl Pts',(21.8120696616337,-63.8406637031043,21.8608827482757));
#6594=CARTESIAN_POINT('Ctrl Pts',(18.1043183221063,-63.5904281992298,32.8411559452276));
#6595=CARTESIAN_POINT('Ctrl Pts',(19.2288565424527,-63.5682011288772,29.1434594689091));
#6596=CARTESIAN_POINT('Ctrl Pts',(20.3534241009348,-63.5599227137722,25.445615781286));
#6597=CARTESIAN_POINT('Ctrl Pts',(21.4779967100192,-63.5609853905407,21.7476954654077));
#6598=CARTESIAN_POINT('Ctrl Pts',(18.4279388809033,-64.5481981291721,32.9638611656202));
#6599=CARTESIAN_POINT('Ctrl Pts',(19.6227607400213,-64.6152204450681,29.289519723028));
#6600=CARTESIAN_POINT('Ctrl Pts',(20.8176137709085,-64.6762923798726,25.6150824203523));
#6601=CARTESIAN_POINT('Ctrl Pts',(22.0124721680607,-64.7361167208269,21.9406286152251));
#6602=CARTESIAN_POINT('',(21.4779967100192,-63.5609853905407,21.7476954654077));
#6603=CARTESIAN_POINT('Origin',(20.5859965043954,-64.7361167208269,21.476767449605));
#6604=CARTESIAN_POINT('Ctrl Pts',(21.4779967100192,-63.5609853905407,21.7476954654077));
#6605=CARTESIAN_POINT('Ctrl Pts',(20.3534241009348,-63.5599227137722,25.445615781286));
#6606=CARTESIAN_POINT('Ctrl Pts',(19.2288565424527,-63.5682011288772,29.1434594689091));
#6607=CARTESIAN_POINT('Ctrl Pts',(18.1043183221063,-63.5904281992298,32.8411559452276));
#6608=CARTESIAN_POINT('Ctrl Pts',(22.0124721680641,-64.7361167208269,21.9406286152146));
#6609=CARTESIAN_POINT('Ctrl Pts',(22.2607968496926,-64.7457155704675,21.1769753040655));
#6610=CARTESIAN_POINT('Ctrl Pts',(22.3648596237791,-64.6643902428287,20.3676641941769));
#6611=CARTESIAN_POINT('Ctrl Pts',(22.3273845851756,-64.5137948649087,19.5893646468654));
#6612=CARTESIAN_POINT('Ctrl Pts',(22.0146272376976,-64.2860195192322,21.9340012995143));
#6613=CARTESIAN_POINT('Ctrl Pts',(22.2488519797242,-64.2907789110455,21.2112702308338));
#6614=CARTESIAN_POINT('Ctrl Pts',(22.3544315177012,-64.2048534507502,20.4459739010976));
#6615=CARTESIAN_POINT('Ctrl Pts',(22.3329711476268,-64.0497841504037,19.7053890510772));
#6616=CARTESIAN_POINT('Ctrl Pts',(21.812069661635,-63.8406637031043,21.8608827482717));
#6617=CARTESIAN_POINT('Ctrl Pts',(22.0200847294109,-63.840837983191,21.2025923840802));
#6618=CARTESIAN_POINT('Ctrl Pts',(22.1134611495432,-63.7506551873642,20.5051619193854));
#6619=CARTESIAN_POINT('Ctrl Pts',(22.0940718663508,-63.5919739200492,19.8316314162446));
#6620=CARTESIAN_POINT('Ctrl Pts',(21.4779967100192,-63.5609853905407,21.7476954654077));
#6621=CARTESIAN_POINT('Ctrl Pts',(21.6584350268685,-63.5611558976311,21.1543620405434));
#6622=CARTESIAN_POINT('Ctrl Pts',(21.7340493865838,-63.4752185505211,20.5241813819829));
#6623=CARTESIAN_POINT('Ctrl Pts',(21.7068191779507,-63.3245857952365,19.9172921497474));
#6624=CARTESIAN_POINT('Ctrl Pts',(21.7068191779507,-63.3245857952365,19.9172921497474));
#6625=CARTESIAN_POINT('Ctrl Pts',(21.7340493865838,-63.4752185505211,20.5241813819829));
#6626=CARTESIAN_POINT('Ctrl Pts',(21.6584350268685,-63.5611558976311,21.1543620405434));
#6627=CARTESIAN_POINT('Ctrl Pts',(21.4779967100192,-63.5609853905407,21.7476954654077));
#6628=CARTESIAN_POINT('Ctrl Pts',(-11.4036426673187,-54.5478522992939,27.0240243188992));
#6629=CARTESIAN_POINT('Ctrl Pts',(-11.4056744978358,-54.8565373551291,26.9571206611979));
#6630=CARTESIAN_POINT('Ctrl Pts',(-11.4016198844234,-55.4350236943482,26.8257334030613));
#6631=CARTESIAN_POINT('Ctrl Pts',(-11.2997784282662,-56.4832072326931,26.5735144753966));
#6632=CARTESIAN_POINT('Ctrl Pts',(-11.2223402105725,-56.9738197660986,26.457631451129));
#6633=CARTESIAN_POINT('Ctrl Pts',(-11.1869715421574,-57.1693344782318,26.4212768648062));
#6634=CARTESIAN_POINT('Ctrl Pts',(-11.3949562324373,-54.5656403734583,27.0109146969966));
#6635=CARTESIAN_POINT('Ctrl Pts',(-11.3972034396813,-54.8703414419191,26.9451639295302));
#6636=CARTESIAN_POINT('Ctrl Pts',(-11.3932731920442,-55.4445849159733,26.81529829682));
#6637=CARTESIAN_POINT('Ctrl Pts',(-11.2913568532728,-56.4890076837021,26.5643157733998));
#6638=CARTESIAN_POINT('Ctrl Pts',(-11.2162706828185,-56.9731309212499,26.4513927324958));
#6639=CARTESIAN_POINT('Ctrl Pts',(-11.1823067655208,-57.167540934795,26.4164820553743));
#6640=CARTESIAN_POINT('Ctrl Pts',(-11.3772777592042,-54.6021637617763,26.9847527061529));
#6641=CARTESIAN_POINT('Ctrl Pts',(-11.3799234453545,-54.8993595787397,26.921122586114));
#6642=CARTESIAN_POINT('Ctrl Pts',(-11.3762008960916,-55.4655186307474,26.7940927907772));
#6643=CARTESIAN_POINT('Ctrl Pts',(-11.2742430750468,-56.5017875072654,26.5456513755558));
#6644=CARTESIAN_POINT('Ctrl Pts',(-11.2040115090528,-56.9725082350009,26.4387918286201));
#6645=CARTESIAN_POINT('Ctrl Pts',(-11.1728775166397,-57.1643961648034,26.4067899618416));
#6646=CARTESIAN_POINT('Ctrl Pts',(-11.3497521684781,-54.6603032235125,26.9454255615499));
#6647=CARTESIAN_POINT('Ctrl Pts',(-11.3529126329494,-54.9474289216023,26.8844925756663));
#6648=CARTESIAN_POINT('Ctrl Pts',(-11.3493285420273,-55.5025602837003,26.7611372150844));
#6649=CARTESIAN_POINT('Ctrl Pts',(-11.2478128360756,-56.5242897290303,26.5168934931247));
#6650=CARTESIAN_POINT('Ctrl Pts',(-11.1853427660027,-56.9738016822879,26.4196026857667));
#6651=CARTESIAN_POINT('Ctrl Pts',(-11.1585368508091,-57.1610351978923,26.3920495433518));
#6652=CARTESIAN_POINT('Ctrl Pts',(-11.3211144187144,-54.7223893509112,26.9057434691314));
#6653=CARTESIAN_POINT('Ctrl Pts',(-11.3247252102811,-55.0004495171068,26.8470887125834));
#6654=CARTESIAN_POINT('Ctrl Pts',(-11.3210497098242,-55.5455143880429,26.726879521069));
#6655=CARTESIAN_POINT('Ctrl Pts',(-11.220699997168,-56.549928474614,26.4874383515853));
#6656=CARTESIAN_POINT('Ctrl Pts',(-11.1664924204891,-56.9772797578957,26.4002268781976));
#6657=CARTESIAN_POINT('Ctrl Pts',(-11.1441163126804,-57.1590516863295,26.3772270260869));
#6658=CARTESIAN_POINT('Ctrl Pts',(-11.2912425690335,-54.789110341634,26.8654148817321));
#6659=CARTESIAN_POINT('Ctrl Pts',(-11.2952489071756,-55.0589361204824,26.8086811661337));
#6660=CARTESIAN_POINT('Ctrl Pts',(-11.2912199272407,-55.5947117528921,26.6911554517057));
#6661=CARTESIAN_POINT('Ctrl Pts',(-11.1930148415477,-56.5785035960182,26.4573869118348));
#6662=CARTESIAN_POINT('Ctrl Pts',(-11.1475881540742,-56.9828899947688,26.3807956466571));
#6663=CARTESIAN_POINT('Ctrl Pts',(-11.1297574187896,-57.1584559868429,26.3624678714213));
#6664=CARTESIAN_POINT('Ctrl Pts',(-11.2600109250892,-54.8612686824875,26.8241224830716));
#6665=CARTESIAN_POINT('Ctrl Pts',(-11.2644146970662,-55.1235221866087,26.7690134725764));
#6666=CARTESIAN_POINT('Ctrl Pts',(-11.2596661508214,-55.6505299792802,26.6537990063098));
#6667=CARTESIAN_POINT('Ctrl Pts',(-11.1649124751397,-56.6098002042166,26.426881377234));
#6668=CARTESIAN_POINT('Ctrl Pts',(-11.1287634665775,-56.9905800651082,26.361446212334));
#6669=CARTESIAN_POINT('Ctrl Pts',(-11.1155866328553,-57.159264867186,26.3479020683081));
#6670=CARTESIAN_POINT('Ctrl Pts',(-11.2272288804948,-54.9397997968388,26.7815089740476));
#6671=CARTESIAN_POINT('Ctrl Pts',(-11.2318678379252,-55.1949517325003,26.7277964687357));
#6672=CARTESIAN_POINT('Ctrl Pts',(-11.2263409387148,-55.7133797847605,26.6146360438773));
#6673=CARTESIAN_POINT('Ctrl Pts',(-11.1365221403678,-56.643590636324,26.3960778139836));
#6674=CARTESIAN_POINT('Ctrl Pts',(-11.1101247441194,-57.0003070619608,26.3422879269103));
#6675=CARTESIAN_POINT('Ctrl Pts',(-11.1016899102922,-57.1615079183238,26.3336179682088));
#6676=CARTESIAN_POINT('Ctrl Pts',(-11.1925783551612,-55.0257824687526,26.7371687330596));
#6677=CARTESIAN_POINT('Ctrl Pts',(-11.1973360629977,-55.2740998679776,26.6846960766111));
#6678=CARTESIAN_POINT('Ctrl Pts',(-11.1911621625384,-55.7836539559838,26.5735003033933));
#6679=CARTESIAN_POINT('Ctrl Pts',(-11.1080040932141,-56.6796184962678,26.3651550682777));
#6680=CARTESIAN_POINT('Ctrl Pts',(-11.0917635895146,-57.0120254912439,26.3234149466716));
#6681=CARTESIAN_POINT('Ctrl Pts',(-11.0881276126802,-57.1652158091336,26.3196776153098));
#6682=CARTESIAN_POINT('Ctrl Pts',(-11.1557065420238,-55.1204408397487,26.6906455875276));
#6683=CARTESIAN_POINT('Ctrl Pts',(-11.1605424904335,-55.3619408632948,26.6393442802784));
#6684=CARTESIAN_POINT('Ctrl Pts',(-11.1540660594789,-55.8616706690636,26.5302544143996));
#6685=CARTESIAN_POINT('Ctrl Pts',(-11.0795429202148,-56.7175769537943,26.3343253832298));
#6686=CARTESIAN_POINT('Ctrl Pts',(-11.0737624397703,-57.0256781049563,26.3049120065946));
#6687=CARTESIAN_POINT('Ctrl Pts',(-11.0749420906746,-57.1704118184398,26.3061245408107));
#6688=CARTESIAN_POINT('Ctrl Pts',(-11.1162167138309,-55.225111316639,26.6414410735928));
#6689=CARTESIAN_POINT('Ctrl Pts',(-11.1211781405623,-55.4594976494857,26.5913529447311));
#6690=CARTESIAN_POINT('Ctrl Pts',(-11.1150615873996,-55.9475721275369,26.4848299438199));
#6691=CARTESIAN_POINT('Ctrl Pts',(-11.0513476278392,-56.7570998842212,26.3038405805211));
#6692=CARTESIAN_POINT('Ctrl Pts',(-11.0562021971206,-57.0411858989968,26.2868622641004));
#6693=CARTESIAN_POINT('Ctrl Pts',(-11.0621671574064,-57.1771025796783,26.2929935003991));
#6694=CARTESIAN_POINT('Ctrl Pts',(-11.0737075794844,-55.3411505412075,26.5890427604587));
#6695=CARTESIAN_POINT('Ctrl Pts',(-11.079027208432,-55.5676910733874,26.5403711149552));
#6696=CARTESIAN_POINT('Ctrl Pts',(-11.0742123098442,-56.0412121525979,26.4372688995364));
#6697=CARTESIAN_POINT('Ctrl Pts',(-11.023668816716,-56.7977600196312,26.273996119224));
#6698=CARTESIAN_POINT('Ctrl Pts',(-11.0391689712936,-57.058439209844,26.2693542292653));
#6699=CARTESIAN_POINT('Ctrl Pts',(-11.0498373314854,-57.1852686977114,26.2803199749067));
#6700=CARTESIAN_POINT('Ctrl Pts',(-11.0278577744794,-55.4697421303438,26.5329872497941));
#6701=CARTESIAN_POINT('Ctrl Pts',(-11.033951150089,-55.6871764472913,26.4861326844176));
#6702=CARTESIAN_POINT('Ctrl Pts',(-11.0317807349265,-56.1420080402877,26.3877878408092));
#6703=CARTESIAN_POINT('Ctrl Pts',(-10.9967738396902,-56.8390901834903,26.24512325816));
#6704=CARTESIAN_POINT('Ctrl Pts',(-11.0227613424465,-57.0772890160413,26.2524892302138));
#6705=CARTESIAN_POINT('Ctrl Pts',(-11.0379961111002,-57.1948566644087,26.2681486750543));
#6706=CARTESIAN_POINT('Ctrl Pts',(-10.9784562098491,-55.6116220187334,26.4729405244214));
#6707=CARTESIAN_POINT('Ctrl Pts',(-10.9859141720211,-55.8180670400141,26.4285460570627));
#6708=CARTESIAN_POINT('Ctrl Pts',(-10.9882557938384,-56.2488073622367,26.3368330848012));
#6709=CARTESIAN_POINT('Ctrl Pts',(-10.9709158711181,-56.8806215432927,26.21757151927));
#6710=CARTESIAN_POINT('Ctrl Pts',(-11.0070942510268,-57.0975429277761,26.2363854114112));
#6711=CARTESIAN_POINT('Ctrl Pts',(-11.0267083541264,-57.2057657070145,26.2565462666605));
#6712=CARTESIAN_POINT('Ctrl Pts',(-10.9254663953995,-55.7666614469667,26.4088243672415));
#6713=CARTESIAN_POINT('Ctrl Pts',(-10.9351649548843,-55.959600237224,26.3678061763096));
#6714=CARTESIAN_POINT('Ctrl Pts',(-10.9442712574546,-56.3598268179871,26.2851077154505));
#6715=CARTESIAN_POINT('Ctrl Pts',(-10.9463607551429,-56.9219194330955,26.1916980863023));
#6716=CARTESIAN_POINT('Ctrl Pts',(-10.9923158498093,-57.1189475484504,26.2211950554593));
#6717=CARTESIAN_POINT('Ctrl Pts',(-11.0160546355233,-57.2178566597018,26.2455955707489));
#6718=CARTESIAN_POINT('Ctrl Pts',(-10.8693281773017,-55.933439189976,26.3409512857744));
#6719=CARTESIAN_POINT('Ctrl Pts',(-10.882404794815,-56.1098549965061,26.3044922594197));
#6720=CARTESIAN_POINT('Ctrl Pts',(-10.9006048120209,-56.4727546657304,26.2335362969459));
#6721=CARTESIAN_POINT('Ctrl Pts',(-10.9233383453284,-56.962698096962,26.1677858839672));
#6722=CARTESIAN_POINT('Ctrl Pts',(-10.9785006209182,-57.1413158957358,26.2069947207054));
#6723=CARTESIAN_POINT('Ctrl Pts',(-11.0060398597039,-57.2310576205681,26.235301628445));
#6724=CARTESIAN_POINT('Ctrl Pts',(-10.8107816426028,-56.1089939478229,26.270049619988));
#6725=CARTESIAN_POINT('Ctrl Pts',(-10.8284924550833,-56.265758799931,26.2394999031932));
#6726=CARTESIAN_POINT('Ctrl Pts',(-10.85761059698,-56.5850287820831,26.1831201578095));
#6727=CARTESIAN_POINT('Ctrl Pts',(-10.902020116897,-57.0030048932465,26.1458876550005));
#6728=CARTESIAN_POINT('Ctrl Pts',(-10.9656300742879,-57.1645420811938,26.1937654016652));
#6729=CARTESIAN_POINT('Ctrl Pts',(-10.9966051906938,-57.2453404403188,26.2256039636947));
#6730=CARTESIAN_POINT('Ctrl Pts',(-10.7507092170578,-56.2890855103777,26.1971218665592));
#6731=CARTESIAN_POINT('Ctrl Pts',(-10.7739574669164,-56.4234199167164,26.1739070232133));
#6732=CARTESIAN_POINT('Ctrl Pts',(-10.8154338170565,-56.6944125406598,26.1346755665665));
#6733=CARTESIAN_POINT('Ctrl Pts',(-10.8824451294567,-57.0431794037442,26.1258397937885));
#6734=CARTESIAN_POINT('Ctrl Pts',(-10.9536137258898,-57.1885675457153,26.1814140920259));
#6735=CARTESIAN_POINT('Ctrl Pts',(-10.9876488720654,-57.2606870620911,26.2163979835631));
#6736=CARTESIAN_POINT('Ctrl Pts',(-10.688554965678,-56.4687883241232,26.1232828562481));
#6737=CARTESIAN_POINT('Ctrl Pts',(-10.7181439679836,-56.578880459509,26.1087183933305));
#6738=CARTESIAN_POINT('Ctrl Pts',(-10.7742063399726,-56.799563602545,26.0885839263263));
#6739=CARTESIAN_POINT('Ctrl Pts',(-10.8644722342329,-57.0837348564366,26.1072983237461));
#6740=CARTESIAN_POINT('Ctrl Pts',(-10.9423049625618,-57.2133523050448,26.1697900917162));
#6741=CARTESIAN_POINT('Ctrl Pts',(-10.9790450532801,-57.2770581100898,26.2075543293699));
#6742=CARTESIAN_POINT('Ctrl Pts',(-10.622564160936,-56.6443259974421,26.0491153910316));
#6743=CARTESIAN_POINT('Ctrl Pts',(-10.6602162367427,-56.7296843792271,26.0442720117544));
#6744=CARTESIAN_POINT('Ctrl Pts',(-10.7341343732602,-56.900299612078,26.0446815369686));
#6745=CARTESIAN_POINT('Ctrl Pts',(-10.847673356222,-57.1256038656801,26.0896530957516));
#6746=CARTESIAN_POINT('Ctrl Pts',(-10.9315236571839,-57.2388365571691,26.1587082524896));
#6747=CARTESIAN_POINT('Ctrl Pts',(-10.9706631331182,-57.2943609039746,26.1989387593264));
#6748=CARTESIAN_POINT('Ctrl Pts',(-10.5518848087517,-56.8151370852184,25.9739566764752));
#6749=CARTESIAN_POINT('Ctrl Pts',(-10.6000719251521,-56.876000650049,25.979839920373));
#6750=CARTESIAN_POINT('Ctrl Pts',(-10.6946880255906,-56.9977818105985,26.0021735075407));
#6751=CARTESIAN_POINT('Ctrl Pts',(-10.8317259276882,-57.1687649058629,26.0725450778215));
#6752=CARTESIAN_POINT('Ctrl Pts',(-10.9210838560333,-57.2648940239081,26.1479774370779));
#6753=CARTESIAN_POINT('Ctrl Pts',(-10.9623870283474,-57.3124175214339,26.1904319543268));
#6754=CARTESIAN_POINT('Ctrl Pts',(-10.5008247098388,-56.9280594383128,25.9218814822096));
#6755=CARTESIAN_POINT('Ctrl Pts',(-10.5576372890179,-56.972438441523,25.9358056861504));
#6756=CARTESIAN_POINT('Ctrl Pts',(-10.6680767134508,-57.0627578961079,25.9737215139994));
#6757=CARTESIAN_POINT('Ctrl Pts',(-10.8215056704819,-57.1976048242683,26.0614944512615));
#6758=CARTESIAN_POINT('Ctrl Pts',(-10.9142457198088,-57.2824826771722,26.1409486846594));
#6759=CARTESIAN_POINT('Ctrl Pts',(-10.9568851590163,-57.3247613353164,26.1847767178562));
#6760=CARTESIAN_POINT('Ctrl Pts',(-10.4737367300928,-56.9853420799595,25.8949452563352));
#6761=CARTESIAN_POINT('Ctrl Pts',(-10.5354573664276,-57.0212067979006,25.913184962193));
#6762=CARTESIAN_POINT('Ctrl Pts',(-10.654585602317,-57.0954417838074,25.9593296280275));
#6763=CARTESIAN_POINT('Ctrl Pts',(-10.8164680737053,-57.2118987839706,26.0560429256912));
#6764=CARTESIAN_POINT('Ctrl Pts',(-10.9108433424538,-57.2912565710256,26.13745146447));
#6765=CARTESIAN_POINT('Ctrl Pts',(-10.9541332830713,-57.3309356514488,26.181948132103));
#6766=CARTESIAN_POINT('',(-10.9541332830713,-57.3309356514488,26.181948132103));
#6767=CARTESIAN_POINT('Origin',(-9.87899470032003,-57.3309356514488,27.2279295028164));
#6768=CARTESIAN_POINT('Ctrl Pts',(-10.9541332830713,-57.3309356514488,26.181948132103));
#6769=CARTESIAN_POINT('Ctrl Pts',(-10.9572815219447,-57.3238720255973,26.1851841295837));
#6770=CARTESIAN_POINT('Ctrl Pts',(-10.9604282522114,-57.3168123547213,26.1884185764046));
#6771=CARTESIAN_POINT('Ctrl Pts',(-10.9635815704793,-57.3098650578025,26.1916597948702));
#6772=CARTESIAN_POINT('Ctrl Pts',(-10.9671302322383,-57.3020467518749,26.1953073772088));
#6773=CARTESIAN_POINT('Ctrl Pts',(-10.9706874779836,-57.294370856601,26.1989637828162));
#6774=CARTESIAN_POINT('Ctrl Pts',(-10.9742861962012,-57.2869300701198,26.2026628169601));
#6775=CARTESIAN_POINT('Ctrl Pts',(-10.9783710917121,-57.2784840531055,26.2068615808131));
#6776=CARTESIAN_POINT('Ctrl Pts',(-10.982510261672,-57.2703404382335,26.2111161320404));
#6777=CARTESIAN_POINT('Ctrl Pts',(-10.9867692637211,-57.2625621299008,26.2154938557315));
#6778=CARTESIAN_POINT('Ctrl Pts',(-10.9916395519017,-57.2536674163737,26.2204999054362));
#6779=CARTESIAN_POINT('Ctrl Pts',(-10.9966689335906,-57.245247991132,26.225669483454));
#6780=CARTESIAN_POINT('Ctrl Pts',(-11.0019506725815,-57.2373312693219,26.2310984533499));
#6781=CARTESIAN_POINT('Ctrl Pts',(-11.0064079789879,-57.2306502775308,26.2356800092235));
#6782=CARTESIAN_POINT('Ctrl Pts',(-11.0110458245929,-57.2243245936662,26.2404471369089));
#6783=CARTESIAN_POINT('Ctrl Pts',(-11.0158962358778,-57.2183664257897,26.2454327556403));
#6784=CARTESIAN_POINT('Ctrl Pts',(-11.0202098430912,-57.2130676594745,26.2498666066399));
#6785=CARTESIAN_POINT('Ctrl Pts',(-11.0246918096684,-57.2080586093248,26.2544735100979));
#6786=CARTESIAN_POINT('Ctrl Pts',(-11.0293378941223,-57.2033654023239,26.2592491062939));
#6787=CARTESIAN_POINT('Ctrl Pts',(-11.0352140902633,-57.1974296073246,26.2652891041063));
#6788=CARTESIAN_POINT('Ctrl Pts',(-11.0413479144873,-57.1920052156907,26.2715939115032));
#6789=CARTESIAN_POINT('Ctrl Pts',(-11.0476896826433,-57.1871733953715,26.2781124593648));
#6790=CARTESIAN_POINT('Ctrl Pts',(-11.0545325620661,-57.1819597762319,26.2851460872005));
#6791=CARTESIAN_POINT('Ctrl Pts',(-11.0616182201652,-57.177435884702,26.2924292612797));
#6792=CARTESIAN_POINT('Ctrl Pts',(-11.0689108908411,-57.173642349756,26.2999252185065));
#6793=CARTESIAN_POINT('Ctrl Pts',(-11.0772239437474,-57.1693180276921,26.308470001588));
#6794=CARTESIAN_POINT('Ctrl Pts',(-11.0858081662555,-57.1659417333897,26.3172935132487));
#6795=CARTESIAN_POINT('Ctrl Pts',(-11.0946201188797,-57.1635067993962,26.3263511031073));
#6796=CARTESIAN_POINT('Ctrl Pts',(-11.1021744798453,-57.1614193653054,26.3341160453611));
#6797=CARTESIAN_POINT('Ctrl Pts',(-11.1098974177494,-57.1600215700545,26.3420542637132));
#6798=CARTESIAN_POINT('Ctrl Pts',(-11.1177443645999,-57.1592907521646,26.350119947818));
#6799=CARTESIAN_POINT('Ctrl Pts',(-11.1250223151265,-57.1586129272031,26.3576007745646));
#6800=CARTESIAN_POINT('Ctrl Pts',(-11.132407599957,-57.1585078694115,26.3651919276083));
#6801=CARTESIAN_POINT('Ctrl Pts',(-11.1398367172548,-57.1589601723898,26.3728281349694));
#6802=CARTESIAN_POINT('Ctrl Pts',(-11.1488807120712,-57.1595107930931,26.3821242353031));
#6803=CARTESIAN_POINT('Ctrl Pts',(-11.1579834988763,-57.1608895488,26.3914807664792));
#6804=CARTESIAN_POINT('Ctrl Pts',(-11.1669941041689,-57.1630813505951,26.4007425465408));
#6805=CARTESIAN_POINT('Ctrl Pts',(-11.1737199572749,-57.164717393506,26.4076558858971));
#6806=CARTESIAN_POINT('Ctrl Pts',(-11.1803954770461,-57.166806070263,26.4145174888538));
#6807=CARTESIAN_POINT('Ctrl Pts',(-11.1869715421574,-57.1693344782318,26.4212768648062));
#6808=CARTESIAN_POINT('Origin',(-10.25,0.,28.5));
#6809=CARTESIAN_POINT('',(-11.75,-1.,28.5));
#6810=CARTESIAN_POINT('',(-10.25,-1.,27.));
#6811=CARTESIAN_POINT('Origin',(-10.25,-1.,28.5));
#6812=CARTESIAN_POINT('',(-10.25,0.,27.));
#6813=CARTESIAN_POINT('',(-11.75,0.,28.5));
#6814=CARTESIAN_POINT('Ctrl Pts',(-9.87899470032003,-56.7061925459364,25.8642227703718));
#6815=CARTESIAN_POINT('Ctrl Pts',(-8.97074226134106,-58.5256778840757,25.0306777760271));
#6816=CARTESIAN_POINT('Ctrl Pts',(-6.53237486392641,-61.3494471861574,22.7928759807761));
#6817=CARTESIAN_POINT('Ctrl Pts',(-3.09194821627359,-62.9947930638269,19.6354383703856));
#6818=CARTESIAN_POINT('Ctrl Pts',(-1.52978464068543,-63.4393008870284,18.2017690809941));
#6819=CARTESIAN_POINT('Ctrl Pts',(-10.1131143015154,-56.7924381992803,25.8247117992626));
#6820=CARTESIAN_POINT('Ctrl Pts',(-9.20927366666959,-58.637244894887,24.9627035718741));
#6821=CARTESIAN_POINT('Ctrl Pts',(-6.78278741308269,-61.4860187741706,22.6509655411263));
#6822=CARTESIAN_POINT('Ctrl Pts',(-3.36479512632715,-63.0981367528637,19.4120419203204));
#6823=CARTESIAN_POINT('Ctrl Pts',(-1.81501698174494,-63.5177930801196,17.9486085271902));
#6824=CARTESIAN_POINT('Ctrl Pts',(-10.5223695635349,-56.9907740251621,25.8594883226101));
#6825=CARTESIAN_POINT('Ctrl Pts',(-9.62602708305269,-58.9033629332885,24.954884580583));
#6826=CARTESIAN_POINT('Ctrl Pts',(-7.2206189774886,-61.8507887165858,22.5277864430848));
#6827=CARTESIAN_POINT('Ctrl Pts',(-3.84064608455368,-63.4992343440981,19.1269459648975));
#6828=CARTESIAN_POINT('Ctrl Pts',(-2.31106160837522,-63.92111976818,17.5910674414367));
#6829=CARTESIAN_POINT('Ctrl Pts',(-10.842816292912,-57.2289037303607,26.0675281296181));
#6830=CARTESIAN_POINT('Ctrl Pts',(-9.94066836749955,-59.2291755621041,25.1401977374649));
#6831=CARTESIAN_POINT('Ctrl Pts',(-7.5188588274118,-62.3272080824694,22.6511616402766));
#6832=CARTESIAN_POINT('Ctrl Pts',(-4.10756899760025,-64.111785476579,19.144787268216));
#6833=CARTESIAN_POINT('Ctrl Pts',(-2.560746649555,-64.5869442300596,17.5545919837926));
#6834=CARTESIAN_POINT('Ctrl Pts',(-10.9541332830713,-57.3309356514488,26.181948132103));
#6835=CARTESIAN_POINT('Ctrl Pts',(-10.0458808440924,-59.3687592301648,25.2483777384369));
#6836=CARTESIAN_POINT('Ctrl Pts',(-7.60751344667771,-62.5313808484963,22.7420397277558));
#6837=CARTESIAN_POINT('Ctrl Pts',(-4.16708679902489,-64.3741682314861,19.2057096041185));
#6838=CARTESIAN_POINT('Ctrl Pts',(-2.60492322343673,-64.8720169934718,17.6));
#6839=CARTESIAN_POINT('Origin',(1.42862123926277,-51.5,13.4540186292866));
#6840=CARTESIAN_POINT('',(-1.97149051545307,-63.3059890543326,18.6071428571429));
#6841=CARTESIAN_POINT('Origin',(2.50375982201407,-51.5,14.5));
#6842=CARTESIAN_POINT('Ctrl Pts',(-1.97148229745836,-63.3059365589005,18.6071353151115));
#6843=CARTESIAN_POINT('Ctrl Pts',(-1.97225355253667,-63.3065045358057,18.6055055581016));
#6844=CARTESIAN_POINT('Ctrl Pts',(-1.9730247649771,-63.3070754591774,18.6038768582771));
#6845=CARTESIAN_POINT('Ctrl Pts',(-1.97379593175716,-63.3076493228163,18.6022492208679));
#6846=CARTESIAN_POINT('Ctrl Pts',(-2.00104024705597,-63.3279231757898,18.5447469166772));
#6847=CARTESIAN_POINT('Ctrl Pts',(-2.02821024837012,-63.3518491417187,18.4886052621212));
#6848=CARTESIAN_POINT('Ctrl Pts',(-2.05517379388018,-63.3791701417347,18.4340604044813));
#6849=CARTESIAN_POINT('Ctrl Pts',(-2.08213733939024,-63.4064911417508,18.3795155468415));
#6850=CARTESIAN_POINT('Ctrl Pts',(-2.10889516218566,-63.4372079079168,18.3265669733794));
#6851=CARTESIAN_POINT('Ctrl Pts',(-2.13530670190573,-63.471111838268,18.2754854934025));
#6852=CARTESIAN_POINT('Ctrl Pts',(-2.16039311590481,-63.5033147329875,18.226966884947));
#6853=CARTESIAN_POINT('Ctrl Pts',(-2.18513076145803,-63.5383469501479,18.180202341372));
#6854=CARTESIAN_POINT('Ctrl Pts',(-2.20939435103093,-63.5760451549377,18.1354372520536));
#6855=CARTESIAN_POINT('Ctrl Pts',(-2.23322553989418,-63.6130715411387,18.0914699200633));
#6856=CARTESIAN_POINT('Ctrl Pts',(-2.25659994119048,-63.6526703763366,18.0494311161611));
#6857=CARTESIAN_POINT('Ctrl Pts',(-2.27937941323358,-63.6947142607134,18.009590610345));
#6858=CARTESIAN_POINT('Ctrl Pts',(-2.28225506822124,-63.7000218334956,18.0045611895997));
#6859=CARTESIAN_POINT('Ctrl Pts',(-2.28512121044165,-63.7053684003257,17.9995668544747));
#6860=CARTESIAN_POINT('Ctrl Pts',(-2.28797753298622,-63.7107537288187,17.9946081946313));
#6861=CARTESIAN_POINT('Ctrl Pts',(-2.3100988018709,-63.7524613083256,17.956205022024));
#6862=CARTESIAN_POINT('Ctrl Pts',(-2.33156317807909,-63.796361986745,17.9200573923101));
#6863=CARTESIAN_POINT('Ctrl Pts',(-2.35223824866713,-63.8423309614061,17.886412187113));
#6864=CARTESIAN_POINT('Ctrl Pts',(-2.37227647175346,-63.8868839686321,17.8538033442724));
#6865=CARTESIAN_POINT('Ctrl Pts',(-2.39157366711291,-63.9333804046015,17.8235449753235));
#6866=CARTESIAN_POINT('Ctrl Pts',(-2.40998469465097,-63.9817246426758,17.7959000057343));
#6867=CARTESIAN_POINT('Ctrl Pts',(-2.41578206446195,-63.9969475532802,17.7871949993575));
#6868=CARTESIAN_POINT('Ctrl Pts',(-2.4214913565417,-64.0123537818818,17.7787494206367));
#6869=CARTESIAN_POINT('Ctrl Pts',(-2.42710741581689,-64.0279405893001,17.7705723374713));
#6870=CARTESIAN_POINT('Ctrl Pts',(-2.44611454365153,-64.080692960067,17.7428976179885));
#6871=CARTESIAN_POINT('Ctrl Pts',(-2.46405654118618,-64.1355145905391,17.7182948840376));
#6872=CARTESIAN_POINT('Ctrl Pts',(-2.48084588773669,-64.1921173164608,17.6969564172662));
#6873=CARTESIAN_POINT('Ctrl Pts',(-2.49698704785211,-64.2465347804951,17.6764417648502));
#6874=CARTESIAN_POINT('Ctrl Pts',(-2.51196869880414,-64.3022754355726,17.6590668923932));
#6875=CARTESIAN_POINT('Ctrl Pts',(-2.52573125762856,-64.3590488026184,17.6449315425417));
#6876=CARTESIAN_POINT('Ctrl Pts',(-2.53999022481776,-64.4178699555926,17.6302863379462));
#6877=CARTESIAN_POINT('Ctrl Pts',(-2.55294122596398,-64.4778007901767,17.6191182998712));
#6878=CARTESIAN_POINT('Ctrl Pts',(-2.56447995353712,-64.5385170831005,17.6115846647822));
#6879=CARTESIAN_POINT('Ctrl Pts',(-2.57505316023484,-64.5941528463103,17.6046814182608));
#6880=CARTESIAN_POINT('Ctrl Pts',(-2.58444039947619,-64.6504488097724,17.6008303155621));
#6881=CARTESIAN_POINT('Ctrl Pts',(-2.59252785952953,-64.7071418730956,17.6001871214271));
#6882=CARTESIAN_POINT('Ctrl Pts',(-2.59326638774844,-64.7123189530199,17.6001283864206));
#6883=CARTESIAN_POINT('Ctrl Pts',(-2.59399405305445,-64.7174993302218,17.6000964248852));
#6884=CARTESIAN_POINT('Ctrl Pts',(-2.59471075394894,-64.7226827951854,17.6000913692932));
#6885=CARTESIAN_POINT('Origin',(-10.25,-74.5,27.6092767459504));
#6886=CARTESIAN_POINT('',(-11.75,-74.5,27.6092767459504));
#6887=CARTESIAN_POINT('Origin',(-10.25,-74.5,27.6092767459504));
#6888=CARTESIAN_POINT('Origin',(-10.25,-74.5,27.6092767459504));
#6889=CARTESIAN_POINT('Origin',(-10.25,-32.,27.6092767459504));
#6890=CARTESIAN_POINT('',(-11.3251385827513,-32.,26.563295375237));
#6891=CARTESIAN_POINT('',(-11.75,-32.,27.6092767459504));
#6892=CARTESIAN_POINT('Origin',(16.3141566768172,-74.5,34.6136196044291));
#6893=CARTESIAN_POINT('',(13.7715889259188,-74.5,47.283166993721));
#6894=CARTESIAN_POINT('',(17.7406323404826,-74.5,35.0774807700493));
#6895=CARTESIAN_POINT('Origin',(12.3451132622534,-74.5,46.8193058281009));
#6896=CARTESIAN_POINT('Origin',(5.2127349439267,-74.5,44.5));
#6897=CARTESIAN_POINT('',(5.2127349439267,-74.5,53.5));
#6898=CARTESIAN_POINT('Origin',(5.2127349439267,-74.5,52.));
#6899=CARTESIAN_POINT('Origin',(5.2127349439267,-74.5,44.5));
#6900=CARTESIAN_POINT('Origin',(5.875,-74.5,52.));
#6901=CARTESIAN_POINT('',(-2.75,-74.5,53.5));
#6902=CARTESIAN_POINT('Origin',(-2.75,-74.5,52.));
#6903=CARTESIAN_POINT('',(5.875,-74.5,53.5));
#6904=CARTESIAN_POINT('Origin',(-2.75,-74.5,44.5));
#6905=CARTESIAN_POINT('',(-11.75,-74.5,44.5));
#6906=CARTESIAN_POINT('Origin',(-10.25,-74.5,44.5));
#6907=CARTESIAN_POINT('Origin',(-2.75,-74.5,44.5));
#6908=CARTESIAN_POINT('Origin',(-10.25,-74.5,26.846739843594));
#6909=CARTESIAN_POINT('',(-11.75,-74.5,26.846739843594));
#6910=CARTESIAN_POINT('Origin',(4.375,-64.7227077408525,19.1));
#6911=CARTESIAN_POINT('',(2.86378997489665,-63.3059890543313,18.6071428571465));
#6912=CARTESIAN_POINT('',(4.375,-63.3059890543326,18.6071428571429));
#6913=CARTESIAN_POINT('Ctrl Pts',(2.86378997489665,-63.3059890543313,18.6071428571465));
#6914=CARTESIAN_POINT('Ctrl Pts',(2.86347240841787,-63.3065601163708,18.605501338353));
#6915=CARTESIAN_POINT('Ctrl Pts',(2.86315484034187,-63.3071340986175,18.6038608279441));
#6916=CARTESIAN_POINT('Ctrl Pts',(2.86283727208145,-63.3077109959088,18.6022213324513));
#6917=CARTESIAN_POINT('Ctrl Pts',(2.85186154467183,-63.3276495987296,18.5455574341298));
#6918=CARTESIAN_POINT('Ctrl Pts',(2.84090314349141,-63.35103401815,18.4901951806125));
#6919=CARTESIAN_POINT('Ctrl Pts',(2.83002197582376,-63.377645199416,18.4363998037401));
#6920=CARTESIAN_POINT('Ctrl Pts',(2.81914080815612,-63.4042563806821,18.3826044268677));
#6921=CARTESIAN_POINT('Ctrl Pts',(2.80833651052545,-63.4340949129612,18.3303751041298));
#6922=CARTESIAN_POINT('Ctrl Pts',(2.79767141312164,-63.4669882761003,18.2800017734654));
#6923=CARTESIAN_POINT('Ctrl Pts',(2.78699597789734,-63.4999135232129,18.2295796152629));
#6924=CARTESIAN_POINT('Ctrl Pts',(2.77649433328116,-63.5357933540899,18.1811795385656));
#6925=CARTESIAN_POINT('Ctrl Pts',(2.76623042621173,-63.5744409120626,18.1350834221319));
#6926=CARTESIAN_POINT('Ctrl Pts',(2.7559665191423,-63.6130884700354,18.0889873056981));
#6927=CARTESIAN_POINT('Ctrl Pts',(2.74593997910617,-63.6545043502213,18.0451943128059));
#6928=CARTESIAN_POINT('Ctrl Pts',(2.73622226642114,-63.6985406123329,18.0040230296418));
#6929=CARTESIAN_POINT('Ctrl Pts',(2.73203371872427,-63.7175212089223,17.9862773019316));
#6930=CARTESIAN_POINT('Ctrl Pts',(2.72791075401699,-63.7369521999082,17.9690536640832));
#6931=CARTESIAN_POINT('Ctrl Pts',(2.72385893349015,-63.7568185015221,17.9523739704373));
#6932=CARTESIAN_POINT('Ctrl Pts',(2.71456609749205,-63.8023817937666,17.9141191522579));
#6933=CARTESIAN_POINT('Ctrl Pts',(2.70564682694259,-63.8502326302227,17.8787227398081));
#6934=CARTESIAN_POINT('Ctrl Pts',(2.69711893557551,-63.9000583292496,17.8462665988901));
#6935=CARTESIAN_POINT('Ctrl Pts',(2.68853671807185,-63.950201438245,17.8136036991536));
#6936=CARTESIAN_POINT('Ctrl Pts',(2.6803506383034,-64.0023455829957,17.7839182942674));
#6937=CARTESIAN_POINT('Ctrl Pts',(2.67259022847384,-64.0561986135519,17.7573374266814));
#6938=CARTESIAN_POINT('Ctrl Pts',(2.66636410235284,-64.0994045482391,17.7360117702237));
#6939=CARTESIAN_POINT('Ctrl Pts',(2.66041213731269,-64.1437111533601,17.7166851898904));
#6940=CARTESIAN_POINT('Ctrl Pts',(2.6547564524215,-64.1889736220468,17.6994457891154));
#6941=CARTESIAN_POINT('Ctrl Pts',(2.64771985919747,-64.2452875056155,17.6779971665324));
#6942=CARTESIAN_POINT('Ctrl Pts',(2.64118285964126,-64.3027453445888,17.6599057313272));
#6943=CARTESIAN_POINT('Ctrl Pts',(2.63518286991925,-64.3610399261228,17.6452653622948));
#6944=CARTESIAN_POINT('Ctrl Pts',(2.62911369304749,-64.4200067147987,17.6304561720723));
#6945=CARTESIAN_POINT('Ctrl Pts',(2.62359370649464,-64.4798306534194,17.6191776800942));
#6946=CARTESIAN_POINT('Ctrl Pts',(2.61867693959943,-64.5402091024677,17.6115769302248));
#6947=CARTESIAN_POINT('Ctrl Pts',(2.61376017270421,-64.600587551516,17.6039761803553));
#6948=CARTESIAN_POINT('Ctrl Pts',(2.60944636475973,-64.6615215554039,17.6000528153763));
#6949=CARTESIAN_POINT('Ctrl Pts',(2.60580875431326,-64.7227082889346,17.6000091569118));
#6950=CARTESIAN_POINT('Ctrl Pts',(22.3273845851756,-64.5137948649087,19.5893646468654));
#6951=CARTESIAN_POINT('Ctrl Pts',(22.3009434103268,-64.6819444219364,19.0402216657745));
#6952=CARTESIAN_POINT('Ctrl Pts',(22.0182491840655,-65.1249033091288,17.3660014851262));
#6953=CARTESIAN_POINT('Ctrl Pts',(20.3996929906254,-65.4675282678602,14.790931739076));
#6954=CARTESIAN_POINT('Ctrl Pts',(17.108331147668,-65.4984352615723,13.1332607012214));
#6955=CARTESIAN_POINT('Ctrl Pts',(14.6638187116385,-65.4998383628986,13.3100353814494));
#6956=CARTESIAN_POINT('Ctrl Pts',(13.5495594673461,-65.4862793563681,13.7064342671172));
#6957=CARTESIAN_POINT('Ctrl Pts',(22.3195244935229,-64.1012553672381,19.4261224994756));
#6958=CARTESIAN_POINT('Ctrl Pts',(22.2798552827525,-64.2717896626202,18.8944527906253));
#6959=CARTESIAN_POINT('Ctrl Pts',(21.9703342712958,-64.7177364649945,17.2793673716023));
#6960=CARTESIAN_POINT('Ctrl Pts',(20.3757746164106,-65.0464136227287,14.7826789302802));
#6961=CARTESIAN_POINT('Ctrl Pts',(17.1122767997532,-65.0534740410613,13.133188650833));
#6962=CARTESIAN_POINT('Ctrl Pts',(14.6649385448982,-65.0576801476841,13.3106681422089));
#6963=CARTESIAN_POINT('Ctrl Pts',(13.5556712079228,-65.0494468266003,13.7042600090471));
#6964=CARTESIAN_POINT('Ctrl Pts',(21.9387500868688,-63.3866487354924,19.1610308589856));
#6965=CARTESIAN_POINT('Ctrl Pts',(21.8935451680682,-63.5603214862225,18.6901054813528));
#6966=CARTESIAN_POINT('Ctrl Pts',(21.5849979350929,-64.0096201468278,17.2561582970903));
#6967=CARTESIAN_POINT('Ctrl Pts',(20.0948522078751,-64.3146231343079,15.0192438560896));
#6968=CARTESIAN_POINT('Ctrl Pts',(17.0363919255983,-64.283276876704,13.5170707570501));
#6969=CARTESIAN_POINT('Ctrl Pts',(14.7268426575272,-64.291955717492,13.6779314769154));
#6970=CARTESIAN_POINT('Ctrl Pts',(13.6854774813908,-64.2922921900018,14.0355934282479));
#6971=CARTESIAN_POINT('Ctrl Pts',(21.1615869778122,-63.1249458504445,19.094655091003));
#6972=CARTESIAN_POINT('Ctrl Pts',(21.13380056498,-63.2841836685181,18.6921421624244));
#6973=CARTESIAN_POINT('Ctrl Pts',(20.8885271102234,-63.7002632763014,17.4632367120538));
#6974=CARTESIAN_POINT('Ctrl Pts',(19.5667474533383,-64.0025782404449,15.5589116810924));
#6975=CARTESIAN_POINT('Ctrl Pts',(16.870662865542,-64.0031009654189,14.315478220968));
#6976=CARTESIAN_POINT('Ctrl Pts',(14.856862404023,-64.0077577396537,14.4480571692166));
#6977=CARTESIAN_POINT('Ctrl Pts',(13.9424005887643,-64.0014119541571,14.7449050075679));
#6978=CARTESIAN_POINT('Ctrl Pts',(20.8291203765726,-63.1194597008114,19.1084874157603));
#6979=CARTESIAN_POINT('Ctrl Pts',(20.8087068251696,-63.2695932338718,18.729953120284));
#6980=CARTESIAN_POINT('Ctrl Pts',(20.5904565714603,-63.6650922402936,17.5758825441749));
#6981=CARTESIAN_POINT('Ctrl Pts',(19.3408721546402,-63.971007382018,15.8008398946505));
#6982=CARTESIAN_POINT('Ctrl Pts',(16.799820762205,-63.9986029121181,14.6581769451958));
#6983=CARTESIAN_POINT('Ctrl Pts',(14.9125680000425,-63.9998556811595,14.7800309638072));
#6984=CARTESIAN_POINT('Ctrl Pts',(14.0523192217742,-63.9877494253287,15.0532759620693));
#6985=CARTESIAN_POINT('',(14.0523192217742,-63.9877494253287,15.0532759620693));
#6986=CARTESIAN_POINT('Origin',(14.0523192217742,-65.4862793563681,15.1196690775176));
#6987=CARTESIAN_POINT('Ctrl Pts',(14.0523192217742,-63.9877494253287,15.0532759620693));
#6988=CARTESIAN_POINT('Ctrl Pts',(14.2112563288441,-63.9899861425758,15.0027919966837));
#6989=CARTESIAN_POINT('Ctrl Pts',(14.3730109741519,-63.9917944034212,14.9594021736455));
#6990=CARTESIAN_POINT('Ctrl Pts',(14.5367889622034,-63.9932204591026,14.9232855249124));
#6991=CARTESIAN_POINT('Ctrl Pts',(14.6649955053818,-63.9943367853652,14.8950131621832));
#6992=CARTESIAN_POINT('Ctrl Pts',(14.7944409946826,-63.9952191037937,14.871198284605));
#6993=CARTESIAN_POINT('Ctrl Pts',(14.9247224317297,-63.9958916169351,14.8519299618291));
#6994=CARTESIAN_POINT('Ctrl Pts',(15.1257304206858,-63.9969292207347,14.8222013458457));
#6995=CARTESIAN_POINT('Ctrl Pts',(15.3287964289628,-63.9974661521569,14.8033624894271));
#6996=CARTESIAN_POINT('Ctrl Pts',(15.5323868969855,-63.9976005591288,14.7954173513691));
#6997=CARTESIAN_POINT('Ctrl Pts',(15.7371551125781,-63.9977357436297,14.7874262515961));
#6998=CARTESIAN_POINT('Ctrl Pts',(15.942453484774,-63.997463475884,14.7904540995828));
#6999=CARTESIAN_POINT('Ctrl Pts',(16.1467719071017,-63.9968810090062,14.804488537683));
#7000=CARTESIAN_POINT('Ctrl Pts',(16.3498087622748,-63.9963021955945,14.8184349461544));
#7001=CARTESIAN_POINT('Ctrl Pts',(16.5518780616468,-63.9954167403482,14.8432490956162));
#7002=CARTESIAN_POINT('Ctrl Pts',(16.7515490778124,-63.994321853089,14.8789205831103));
#7003=CARTESIAN_POINT('Ctrl Pts',(16.7884884406125,-63.9941192977133,14.8855198484593));
#7004=CARTESIAN_POINT('Ctrl Pts',(16.8253458574562,-63.9939095873456,14.8924907445119));
#7005=CARTESIAN_POINT('Ctrl Pts',(16.8621129006832,-63.9936890930332,14.8998287035616));
#7006=CARTESIAN_POINT('Ctrl Pts',(17.0718731589697,-63.9924311473339,14.9416926134782));
#7007=CARTESIAN_POINT('Ctrl Pts',(17.2785860469841,-63.9908198094756,14.9955797250209));
#7008=CARTESIAN_POINT('Ctrl Pts',(17.4806956187068,-63.9881730506179,15.0608347717833));
#7009=CARTESIAN_POINT('Ctrl Pts',(17.6804836654634,-63.985556693669,15.1253402685915));
#7010=CARTESIAN_POINT('Ctrl Pts',(17.8757739000646,-63.9819290215258,15.2009552706987));
#7011=CARTESIAN_POINT('Ctrl Pts',(18.0650177186952,-63.9766247979587,15.2870656734943));
#7012=CARTESIAN_POINT('Ctrl Pts',(18.2252255812647,-63.9721344091766,15.3599640311617));
#7013=CARTESIAN_POINT('Ctrl Pts',(18.3810994316324,-63.9664424176831,15.4403848058472));
#7014=CARTESIAN_POINT('Ctrl Pts',(18.5316711785648,-63.9591387631041,15.5279574042366));
#7015=CARTESIAN_POINT('Ctrl Pts',(18.7081488627073,-63.9505785114491,15.6305969078152));
#7016=CARTESIAN_POINT('Ctrl Pts',(18.8774936078301,-63.939815929103,15.7429081671307));
#7017=CARTESIAN_POINT('Ctrl Pts',(19.0380682724771,-63.9262102931071,15.8641572610155));
#7018=CARTESIAN_POINT('Ctrl Pts',(19.0818381226322,-63.9225016342716,15.8972076471548));
#7019=CARTESIAN_POINT('Ctrl Pts',(19.1249565433415,-63.918581787745,15.9309219124719));
#7020=CARTESIAN_POINT('Ctrl Pts',(19.1673908686989,-63.9144379162702,15.9652847381082));
#7021=CARTESIAN_POINT('Ctrl Pts',(19.3193570662314,-63.8995978455071,16.0883452063595));
#7022=CARTESIAN_POINT('Ctrl Pts',(19.4625462300517,-63.881883583995,16.2197251448257));
#7023=CARTESIAN_POINT('Ctrl Pts',(19.5962054993094,-63.8608825000275,16.3579165772086));
#7024=CARTESIAN_POINT('Ctrl Pts',(19.6554321601044,-63.8515765679857,16.419151515391));
#7025=CARTESIAN_POINT('Ctrl Pts',(19.7127881969084,-63.841625441873,16.4817236305636));
#7026=CARTESIAN_POINT('Ctrl Pts',(19.7682111145332,-63.8309941532647,16.5455007676801));
#7027=CARTESIAN_POINT('Ctrl Pts',(19.8731575959118,-63.8108631969785,16.6662664440395));
#7028=CARTESIAN_POINT('Ctrl Pts',(19.9709607707517,-63.7882527460571,16.791591903947));
#7029=CARTESIAN_POINT('Ctrl Pts',(20.0612966609533,-63.7629165785604,16.9205433189885));
#7030=CARTESIAN_POINT('Ctrl Pts',(20.1524422072801,-63.7373533298544,17.0506504906491));
#7031=CARTESIAN_POINT('Ctrl Pts',(20.2359867014375,-63.7090157480827,17.1844487915172));
#7032=CARTESIAN_POINT('Ctrl Pts',(20.3116148218,-63.6776491036473,17.3210293684799));
#7033=CARTESIAN_POINT('Ctrl Pts',(20.3881416601493,-63.6459097173349,17.45923298487));
#7034=CARTESIAN_POINT('Ctrl Pts',(20.4565634986267,-63.6110694566144,17.6002854776375));
#7035=CARTESIAN_POINT('Ctrl Pts',(20.516561353204,-63.5728544408466,17.7432968055051));
#7036=CARTESIAN_POINT('Ctrl Pts',(20.5310886759165,-63.5636014122103,17.7779242388709));
#7037=CARTESIAN_POINT('Ctrl Pts',(20.5451221338536,-63.5541504606548,17.8126667432067));
#7038=CARTESIAN_POINT('Ctrl Pts',(20.5586572030234,-63.5444975454233,17.847512115017));
#7039=CARTESIAN_POINT('Ctrl Pts',(20.5745250830127,-63.533180920549,17.8883631938802));
#7040=CARTESIAN_POINT('Ctrl Pts',(20.5896934529984,-63.5215866772103,17.9293556777646));
#7041=CARTESIAN_POINT('Ctrl Pts',(20.6041510564319,-63.5097092468878,17.9704666235884));
#7042=CARTESIAN_POINT('Ctrl Pts',(20.6393059100951,-63.4808282966802,18.0704312747866));
#7043=CARTESIAN_POINT('Ctrl Pts',(20.6702575382439,-63.4502726894819,18.1710963927425));
#7044=CARTESIAN_POINT('Ctrl Pts',(20.697127956282,-63.4181542412465,18.2721230469581));
#7045=CARTESIAN_POINT('Ctrl Pts',(20.7156712818897,-63.3959892402108,18.3418417294705));
#7046=CARTESIAN_POINT('Ctrl Pts',(20.7322707293573,-63.3730808503441,18.4117301880094));
#7047=CARTESIAN_POINT('Ctrl Pts',(20.7469709893277,-63.3494640669712,18.4816853577732));
#7048=CARTESIAN_POINT('Ctrl Pts',(20.7760341534827,-63.302772481015,18.6199902983961));
#7049=CARTESIAN_POINT('Ctrl Pts',(20.7976816047805,-63.2533083193278,18.7585716157916));
#7050=CARTESIAN_POINT('Ctrl Pts',(20.8122595876483,-63.2012828109262,18.8967781206137));
#7051=CARTESIAN_POINT('Ctrl Pts',(20.8197166858311,-63.174670121936,18.9674751083463));
#7052=CARTESIAN_POINT('Ctrl Pts',(20.82532313361,-63.1473869090962,19.0380740584162));
#7053=CARTESIAN_POINT('Ctrl Pts',(20.8291203765726,-63.1194597008114,19.1084874157603));
#7054=CARTESIAN_POINT('Ctrl Pts',(13.5495594673461,-65.4862793563681,13.7064342671172));
#7055=CARTESIAN_POINT('Ctrl Pts',(9.74239220602849,-65.4262718247528,15.0608379821122));
#7056=CARTESIAN_POINT('Ctrl Pts',(5.96034771830039,-65.1681626706602,16.4063042442596));
#7057=CARTESIAN_POINT('Ctrl Pts',(2.36103022046859,-64.722707740851,17.6867651896037));
#7058=CARTESIAN_POINT('Ctrl Pts',(13.5556712079228,-65.0494468266003,13.7042600090471));
#7059=CARTESIAN_POINT('Ctrl Pts',(9.76189996587698,-65.0162201114168,15.0549559342973));
#7060=CARTESIAN_POINT('Ctrl Pts',(5.99009036464912,-64.7842629893465,16.3951209363999));
#7061=CARTESIAN_POINT('Ctrl Pts',(2.40018994638737,-64.366248484212,17.6728340763581));
#7062=CARTESIAN_POINT('Ctrl Pts',(13.6855796337815,-64.2925279917516,14.0358910212878));
#7063=CARTESIAN_POINT('Ctrl Pts',(9.89885070908372,-64.302377109162,15.335063682121));
#7064=CARTESIAN_POINT('Ctrl Pts',(6.13320430523871,-64.1169737522417,16.6325908877888));
#7065=CARTESIAN_POINT('Ctrl Pts',(2.54737203178916,-63.7452531624532,17.8705204086187));
#7066=CARTESIAN_POINT('Ctrl Pts',(13.9424005887643,-64.0014119541571,14.7449050075679));
#7067=CARTESIAN_POINT('Ctrl Pts',(10.1413207801138,-63.9771451081343,15.9738240505041));
#7068=CARTESIAN_POINT('Ctrl Pts',(6.36421440115598,-63.7696062704372,17.1998782099877));
#7069=CARTESIAN_POINT('Ctrl Pts',(2.76891579307952,-63.3887497292553,18.3692471578086));
#7070=CARTESIAN_POINT('Ctrl Pts',(14.0523192217742,-63.9877494253287,15.0532759620693));
#7071=CARTESIAN_POINT('Ctrl Pts',(10.2451519604565,-63.9341712721007,16.2625649933148));
#7072=CARTESIAN_POINT('Ctrl Pts',(6.46310747272843,-63.7037166702324,17.4638741559465));
#7073=CARTESIAN_POINT('Ctrl Pts',(2.86378997489664,-63.3059890543313,18.6071428571465));
#7074=CARTESIAN_POINT('Origin',(15.7941808237889,-51.5,14.5));
#7075=CARTESIAN_POINT('Origin',(-10.25,-1.,26.));
#7076=CARTESIAN_POINT('',(-10.75,0.,25.5769962315363));
#7077=CARTESIAN_POINT('',(-10.25,0.,26.));
#7078=CARTESIAN_POINT('Ctrl Pts',(-10.75,-5.50812342350238E-19,25.5769962315363));
#7079=CARTESIAN_POINT('Ctrl Pts',(-10.583270552665,2.38561756633857E-19,
25.7283061834725));
#7080=CARTESIAN_POINT('Ctrl Pts',(-10.4102280398258,0.,25.8691743533135));
#7081=CARTESIAN_POINT('Ctrl Pts',(-10.25,0.,26.));
#7082=CARTESIAN_POINT('Origin',(-10.25,-1.,26.));
#7083=CARTESIAN_POINT('',(-11.75,1.,24.5));
#7084=CARTESIAN_POINT('Origin',(-11.75,-1.,26.));
#7085=CARTESIAN_POINT('Ctrl Pts',(-11.75,1.,24.5));
#7086=CARTESIAN_POINT('Ctrl Pts',(-11.75,0.997765860810306,24.5015815652713));
#7087=CARTESIAN_POINT('Ctrl Pts',(-11.7499925129331,0.995531728236341,24.5031631315201));
#7088=CARTESIAN_POINT('Ctrl Pts',(-11.7494146243256,0.90931200562796,24.5642002002157));
#7089=CARTESIAN_POINT('Ctrl Pts',(-11.738272487976,0.82560554178027,24.6235016976308));
#7090=CARTESIAN_POINT('Ctrl Pts',(-11.6951523852311,0.662663801100877,24.7417410805129));
#7091=CARTESIAN_POINT('Ctrl Pts',(-11.6632699220679,0.583865623827423,24.8003546074369));
#7092=CARTESIAN_POINT('Ctrl Pts',(-11.5436280922768,0.371158957375511,24.9670994988075));
#7093=CARTESIAN_POINT('Ctrl Pts',(-11.4330797686832,0.251895403325536,25.070954209737));
#7094=CARTESIAN_POINT('Ctrl Pts',(-11.2147334178459,0.109045488083736,25.2377331873752));
#7095=CARTESIAN_POINT('Ctrl Pts',(-11.125169401064,0.0679581445184833,25.2989071985921));
#7096=CARTESIAN_POINT('Ctrl Pts',(-10.9278925889348,0.00999951430586446,
25.4350491284938));
#7097=CARTESIAN_POINT('Ctrl Pts',(-10.8315008508923,-2.31014159382966E-16,
25.5030327534081));
#7098=CARTESIAN_POINT('Ctrl Pts',(-10.75,1.34441069388203E-16,25.5769962315363));
#7099=CARTESIAN_POINT('Origin',(10.25,-1.,26.));
#7100=CARTESIAN_POINT('',(10.75,0.,25.5769962315363));
#7101=CARTESIAN_POINT('',(11.75,1.,24.5));
#7102=CARTESIAN_POINT('Ctrl Pts',(10.75,3.55618312575245E-16,25.5769962315363));
#7103=CARTESIAN_POINT('Ctrl Pts',(10.8306097054645,1.44124873845815E-16,
25.5038414838035));
#7104=CARTESIAN_POINT('Ctrl Pts',(10.9258051591758,0.00977947609856719,
25.4365237544245));
#7105=CARTESIAN_POINT('Ctrl Pts',(11.1275372916662,0.0682872746055339,25.2972413194196));
#7106=CARTESIAN_POINT('Ctrl Pts',(11.2223581088891,0.11236958368286,25.2325681428872));
#7107=CARTESIAN_POINT('Ctrl Pts',(11.442529801926,0.260933090293513,25.0626063306796));
#7108=CARTESIAN_POINT('Ctrl Pts',(11.5506595976504,0.38048853799659,24.9593347083193));
#7109=CARTESIAN_POINT('Ctrl Pts',(11.6666424421761,0.591699757678261,24.7944748532852));
#7110=CARTESIAN_POINT('Ctrl Pts',(11.6972961506998,0.669152017677137,24.7369774420735));
#7111=CARTESIAN_POINT('Ctrl Pts',(11.7387454752188,0.829108183703036,24.6210189687779));
#7112=CARTESIAN_POINT('Ctrl Pts',(11.7494487242142,0.911202215252057,24.5628619859902));
#7113=CARTESIAN_POINT('Ctrl Pts',(11.7499930838789,0.995705475764738,24.5030401338016));
#7114=CARTESIAN_POINT('Ctrl Pts',(11.75,0.9978527348974,24.5015200663997));
#7115=CARTESIAN_POINT('Ctrl Pts',(11.75,1.,24.5));
#7116=CARTESIAN_POINT('Origin',(11.75,-1.,26.));
#7117=CARTESIAN_POINT('',(10.25,0.,26.));
#7118=CARTESIAN_POINT('Origin',(10.25,-1.,26.));
#7119=CARTESIAN_POINT('',(10.7499904944838,4.51778415025417E-11,25.5770048580512));
#7120=CARTESIAN_POINT('Ctrl Pts',(10.25,0.,26.));
#7121=CARTESIAN_POINT('Ctrl Pts',(10.4102249948646,0.,25.8691768395139));
#7122=CARTESIAN_POINT('Ctrl Pts',(10.5832639736099,0.,25.7283115353229));
#7123=CARTESIAN_POINT('Ctrl Pts',(10.7499904944307,0.,25.5770048579926));
#7124=CARTESIAN_POINT('Ctrl Pts',(10.7499904944307,0.,25.5770048579926));
#7125=CARTESIAN_POINT('Ctrl Pts',(10.7499936629487,0.,25.5770019825177));
#7126=CARTESIAN_POINT('Ctrl Pts',(10.7499968314866,0.,25.5769991070188));
#7127=CARTESIAN_POINT('Ctrl Pts',(10.75,0.,25.5769962315363));
#7128=CARTESIAN_POINT('Origin',(10.75,34.4,18.5675235864717));
#7129=CARTESIAN_POINT('',(11.75,34.4,23.193479687188));
#7130=CARTESIAN_POINT('',(11.75,34.4,18.5675235864717));
#7131=CARTESIAN_POINT('',(10.75,35.4,22.5707221860533));
#7132=CARTESIAN_POINT('Ctrl Pts',(10.75,35.4,22.5707221860533));
#7133=CARTESIAN_POINT('Ctrl Pts',(10.7514904788251,35.4,22.5716631981788));
#7134=CARTESIAN_POINT('Ctrl Pts',(10.7529809844656,35.3999966677093,22.5726041683862));
#7135=CARTESIAN_POINT('Ctrl Pts',(10.8390833340182,35.3996116567086,22.6269579916759));
#7136=CARTESIAN_POINT('Ctrl Pts',(10.9237837949508,35.3884938941812,22.6802342531726));
#7137=CARTESIAN_POINT('Ctrl Pts',(11.0876211847434,35.3450178239397,22.7829385881881));
#7138=CARTESIAN_POINT('Ctrl Pts',(11.1668465709101,35.3130588891357,22.8324290054374));
#7139=CARTESIAN_POINT('Ctrl Pts',(11.3494114474107,35.2099048768393,22.9461370943711));
#7140=CARTESIAN_POINT('Ctrl Pts',(11.4479435391406,35.1279771303824,23.0072042492018));
#7141=CARTESIAN_POINT('Ctrl Pts',(11.6001379924413,34.9384260344457,23.10126240603));
#7142=CARTESIAN_POINT('Ctrl Pts',(11.6570232848495,34.837300386423,23.1362966547362));
#7143=CARTESIAN_POINT('Ctrl Pts',(11.7312246702622,34.6219316374022,23.1819517592631));
#7144=CARTESIAN_POINT('Ctrl Pts',(11.75,34.511912972821,23.193479687188));
#7145=CARTESIAN_POINT('Ctrl Pts',(11.75,34.4,23.193479687188));
#7146=CARTESIAN_POINT('',(10.75,35.4,18.5675235864717));
#7147=CARTESIAN_POINT('Ctrl Pts',(22.073966857979,-63.5784984433062,19.8626782351427));
#7148=CARTESIAN_POINT('Ctrl Pts',(20.7268414948598,-63.5676615009554,24.25465556333));
#7149=CARTESIAN_POINT('Ctrl Pts',(19.3994254820761,-63.5694308040532,28.5955133389838));
#7150=CARTESIAN_POINT('Ctrl Pts',(18.1043183221063,-63.5904281992298,32.8411559452276));
#7151=CARTESIAN_POINT('Ctrl Pts',(18.4507440451791,-61.1222133346465,20.3909990816578));
#7152=CARTESIAN_POINT('Ctrl Pts',(17.5337394398199,-61.0585338754811,24.8796725729798));
#7153=CARTESIAN_POINT('Ctrl Pts',(16.6444350279608,-61.0840810221573,29.3250820402333));
#7154=CARTESIAN_POINT('Ctrl Pts',(15.7965700565934,-61.2322907693403,33.6811203027627));
#7155=CARTESIAN_POINT('Ctrl Pts',(13.3626562793682,-55.0770223771508,21.6912554699531));
#7156=CARTESIAN_POINT('Ctrl Pts',(13.1306307436879,-55.2766265667667,26.3342116221146));
#7157=CARTESIAN_POINT('Ctrl Pts',(12.9133847377919,-55.6457731837865,30.935127619461));
#7158=CARTESIAN_POINT('Ctrl Pts',(12.7069469717512,-56.2853895383001,35.4431977210052));
#7159=CARTESIAN_POINT('Ctrl Pts',(11.75,-47.5301322285434,23.3145114095066));
#7160=CARTESIAN_POINT('Ctrl Pts',(11.7504272055241,-48.3191782984754,28.0936123784957));
#7161=CARTESIAN_POINT('Ctrl Pts',(11.7498472412093,-49.3142140910845,32.8194337534208));
#7162=CARTESIAN_POINT('Ctrl Pts',(11.75,-50.6715972187127,37.4428205586271));
#7163=CARTESIAN_POINT('Ctrl Pts',(11.75,-44.29724068048,24.0098720552812));
#7164=CARTESIAN_POINT('Ctrl Pts',(11.75,-45.3377525142932,28.8474508478619));
#7165=CARTESIAN_POINT('Ctrl Pts',(11.75,-46.6016210251015,33.6267240393317));
#7166=CARTESIAN_POINT('Ctrl Pts',(11.75,-48.266109320153,38.2996510688688));
#7167=CARTESIAN_POINT('Ctrl Pts',(11.75,-45.3370916647432,28.500606085358));
#7168=CARTESIAN_POINT('Ctrl Pts',(11.75,-45.6711985920953,29.8401187776749));
#7169=CARTESIAN_POINT('Ctrl Pts',(11.75,-46.0270187971674,31.1739205584174));
#7170=CARTESIAN_POINT('Ctrl Pts',(11.75,-46.4084126444031,32.5009652196309));
#7171=CARTESIAN_POINT('Origin',(11.75,10.,34.));
#7172=CARTESIAN_POINT('',(5.87499999999998,34.4,34.));
#7173=CARTESIAN_POINT('',(5.875,-65.,34.));
#7174=CARTESIAN_POINT('',(7.75,-56.25,34.));
#7175=CARTESIAN_POINT('Origin',(2.22044604925031E-15,-56.25,34.));
#7176=CARTESIAN_POINT('',(7.75,-40.6,34.));
#7177=CARTESIAN_POINT('',(7.75,21.4,34.));
#7178=CARTESIAN_POINT('',(7.75,-14.8,34.));
#7179=CARTESIAN_POINT('',(-7.75,-40.6,34.));
#7180=CARTESIAN_POINT('',(2.5,-40.6,34.));
#7181=CARTESIAN_POINT('',(-7.75,21.4,34.));
#7182=CARTESIAN_POINT('',(-7.75,15.2,34.));
#7183=CARTESIAN_POINT('',(9.25,21.4,34.));
#7184=CARTESIAN_POINT('Origin',(5.87499999999998,34.4,33.));
#7185=CARTESIAN_POINT('',(5.87499999999998,35.4,33.));
#7186=CARTESIAN_POINT('Origin',(-3.5527136788005E-14,35.4,7.13504717294332));
#7187=CARTESIAN_POINT('',(23.8483921364771,35.4,7.50027949511323));
#7188=CARTESIAN_POINT('Origin',(0.,35.4,0.));
#7189=CARTESIAN_POINT('',(26.4999999999967,35.4,7.50027949511261));
#7190=CARTESIAN_POINT('',(12.2856140313061,35.4,7.5002794951159));
#7191=CARTESIAN_POINT('',(26.5000000000014,35.4,-7.49972050488739));
#7192=CARTESIAN_POINT('Origin',(26.5,35.4,0.000279495112610714));
#7193=CARTESIAN_POINT('',(25.2736089692285,35.4,-7.49972050488302));
#7194=CARTESIAN_POINT('',(13.2499999999765,35.4,-7.49972050484016));
#7195=CARTESIAN_POINT('',(23.4014897863161,35.4,-8.79603750452131));
#7196=CARTESIAN_POINT('Origin',(25.2736089692213,35.4,-9.49972050488302));
#7197=CARTESIAN_POINT('',(19.4311622944355,35.4,-15.7299056541134));
#7198=CARTESIAN_POINT('Origin',(0.,35.4,0.));
#7199=CARTESIAN_POINT('',(18.1265018167514,35.4,-15.7299056541134));
#7200=CARTESIAN_POINT('',(20.7019339220444,35.4,-15.7299056541134));
#7201=CARTESIAN_POINT('',(22.2594928636481,35.4,-8.97301384447827));
#7202=CARTESIAN_POINT('Origin',(0.,35.4,0.));
#7203=CARTESIAN_POINT('',(25.1611619960038,35.4,-6.55102488247856));
#7204=CARTESIAN_POINT('Origin',(25.9694083409228,35.4,-10.4685161518913));
#7205=CARTESIAN_POINT('',(25.2076143549848,35.4,-6.36994336947862));
#7206=CARTESIAN_POINT('Origin',(0.,35.4,0.));
#7207=CARTESIAN_POINT('',(25.2074799819776,35.4,6.37047509674124));
#7208=CARTESIAN_POINT('Origin',(26.5,35.4,0.000279495112423087));
#7209=CARTESIAN_POINT('',(25.1610178841844,35.4,6.5515783618723));
#7210=CARTESIAN_POINT('Origin',(0.,35.4,0.));
#7211=CARTESIAN_POINT('',(22.2592954749905,35.4,8.97350349401328));
#7212=CARTESIAN_POINT('Origin',(25.9691780541556,35.4,10.4690874096822));
#7213=CARTESIAN_POINT('',(10.8461538461538,35.4,21.4093658650966));
#7214=CARTESIAN_POINT('Origin',(0.,35.4,0.));
#7215=CARTESIAN_POINT('',(9.75,35.4,23.193479687188));
#7216=CARTESIAN_POINT('Origin',(11.75,35.4,23.193479687188));
#7217=CARTESIAN_POINT('',(9.75,35.4,24.));
#7218=CARTESIAN_POINT('',(9.75,35.4,14.2028127221746));
#7219=CARTESIAN_POINT('',(5.75,35.4,28.));
#7220=CARTESIAN_POINT('Origin',(5.75,35.4,24.));
#7221=CARTESIAN_POINT('',(-5.75,35.4,28.));
#7222=CARTESIAN_POINT('',(4.37499999999998,35.4,28.));
#7223=CARTESIAN_POINT('',(-9.75,35.4,24.));
#7224=CARTESIAN_POINT('Origin',(-5.75,35.4,24.));
#7225=CARTESIAN_POINT('',(-9.75,35.4,23.193479687188));
#7226=CARTESIAN_POINT('',(-9.75,35.4,17.0675235864717));
#7227=CARTESIAN_POINT('',(-10.8461538461538,35.4,21.4093658650966));
#7228=CARTESIAN_POINT('Origin',(-11.75,35.4,23.193479687188));
#7229=CARTESIAN_POINT('',(-22.2484989847695,35.4,9.00023849265736));
#7230=CARTESIAN_POINT('Origin',(0.,35.4,0.));
#7231=CARTESIAN_POINT('',(-25.956582148895,35.4,6.50027824143359));
#7232=CARTESIAN_POINT('Origin',(-25.9565821488977,35.4,10.5002782414336));
#7233=CARTESIAN_POINT('',(-26.5000000000001,35.4,6.50027824143321));
#7234=CARTESIAN_POINT('',(-11.1663214541182,35.4,6.50027824144389));
#7235=CARTESIAN_POINT('',(-26.4999999999989,35.4,-6.49972175856679));
#7236=CARTESIAN_POINT('Origin',(-26.5000000000001,35.4,0.000278241433212805));
#7237=CARTESIAN_POINT('',(-25.9568072572994,35.4,-6.499721758567));
#7238=CARTESIAN_POINT('',(-13.2500000000022,35.4,-6.49972175857211));
#7239=CARTESIAN_POINT('',(-22.2486919348294,35.4,-8.99976150734314));
#7240=CARTESIAN_POINT('Origin',(-25.956807257301,35.4,-10.499721758567));
#7241=CARTESIAN_POINT('',(-18.9480837928514,35.4,-14.7299056541133));
#7242=CARTESIAN_POINT('Origin',(0.,35.4,0.));
#7243=CARTESIAN_POINT('',(-20.1997494890635,35.4,-14.7299056541134));
#7244=CARTESIAN_POINT('',(-8.39002485265529,35.4,-14.7299056541134));
#7245=CARTESIAN_POINT('',(-23.848567536517,35.4,-7.49972175858455));
#7246=CARTESIAN_POINT('Origin',(0.,35.4,0.));
#7247=CARTESIAN_POINT('',(-26.4999999999934,35.4,-7.49972175856679));
#7248=CARTESIAN_POINT('',(-12.2857105007316,35.4,-7.49972175866202));
#7249=CARTESIAN_POINT('',(-26.4999999999971,35.4,7.50027824143321));
#7250=CARTESIAN_POINT('Origin',(-26.5000000000001,35.4,0.000278241433212805));
#7251=CARTESIAN_POINT('',(-23.8483925307574,35.4,7.50027824143306));
#7252=CARTESIAN_POINT('',(-13.2499999999984,35.4,7.50027824143246));
#7253=CARTESIAN_POINT('',(-11.8055555555556,35.4,22.0369884064201));
#7254=CARTESIAN_POINT('Origin',(0.,35.4,0.));
#7255=CARTESIAN_POINT('',(-10.75,35.4,23.7999474789337));
#7256=CARTESIAN_POINT('Origin',(-12.75,35.4,23.7999474789337));
#7257=CARTESIAN_POINT('',(-10.75,35.4,15.1642634300656));
#7258=CARTESIAN_POINT('Origin',(11.75,0.,30.));
#7259=CARTESIAN_POINT('',(11.75,1.,23.193479687188));
#7260=CARTESIAN_POINT('',(11.75,1.,18.5675235864717));
#7261=CARTESIAN_POINT('',(11.75,0.,23.193479687188));
#7262=CARTESIAN_POINT('Origin',(10.75,1.,18.5675235864717));
#7263=CARTESIAN_POINT('',(10.75,0.,22.5707221860533));
#7264=CARTESIAN_POINT('',(10.75,0.,18.5675235864717));
#7265=CARTESIAN_POINT('Ctrl Pts',(10.75,0.,22.5707221860533));
#7266=CARTESIAN_POINT('Ctrl Pts',(10.7514904788238,6.71032113769784E-18,
22.571663198178));
#7267=CARTESIAN_POINT('Ctrl Pts',(10.7529809844676,3.33229068263598E-6,
22.5726041683865));
#7268=CARTESIAN_POINT('Ctrl Pts',(10.8390833339711,0.000388343291213518,
22.6269579916581));
#7269=CARTESIAN_POINT('Ctrl Pts',(10.9237837949434,0.0115061058168424,22.6802342531679));
#7270=CARTESIAN_POINT('Ctrl Pts',(11.0876211847434,0.0549821760602622,22.7829385881881));
#7271=CARTESIAN_POINT('Ctrl Pts',(11.1668465709101,0.0869411108643365,22.8324290054374));
#7272=CARTESIAN_POINT('Ctrl Pts',(11.3494114474107,0.190095123160694,22.9461370943711));
#7273=CARTESIAN_POINT('Ctrl Pts',(11.4479435391406,0.272022869617609,23.0072042492018));
#7274=CARTESIAN_POINT('Ctrl Pts',(11.6001379924413,0.461573965554295,23.10126240603));
#7275=CARTESIAN_POINT('Ctrl Pts',(11.6570232848495,0.562699613576991,23.1362966547362));
#7276=CARTESIAN_POINT('Ctrl Pts',(11.7312246702622,0.778068362597809,23.1819517592631));
#7277=CARTESIAN_POINT('Ctrl Pts',(11.75,0.888087027178987,23.193479687188));
#7278=CARTESIAN_POINT('Ctrl Pts',(11.75,1.,23.193479687188));
#7279=CARTESIAN_POINT('Origin',(-3.5527136788005E-14,0.,7.13504717294332));
#7280=CARTESIAN_POINT('',(9.21410161513776,0.,26.));
#7281=CARTESIAN_POINT('',(4.37499999999998,0.,26.));
#7282=CARTESIAN_POINT('',(9.75,0.,24.));
#7283=CARTESIAN_POINT('Origin',(5.75,0.,24.));
#7284=CARTESIAN_POINT('',(9.75,0.,23.193479687188));
#7285=CARTESIAN_POINT('',(9.75,0.,14.2028127221746));
#7286=CARTESIAN_POINT('',(10.8461538461538,0.,21.4093658650966));
#7287=CARTESIAN_POINT('Origin',(11.75,0.,23.193479687188));
#7288=CARTESIAN_POINT('',(22.2592954749905,0.,8.97350349401328));
#7289=CARTESIAN_POINT('Origin',(0.,0.,0.));
#7290=CARTESIAN_POINT('',(25.1610178841844,0.,6.5515783618723));
#7291=CARTESIAN_POINT('Origin',(25.9691780541556,0.,10.4690874096822));
#7292=CARTESIAN_POINT('',(25.4339053544412,0.,5.39596686621825));
#7293=CARTESIAN_POINT('Origin',(0.,0.,0.));
#7294=CARTESIAN_POINT('',(25.43401917115,0.,-5.39543036296225));
#7295=CARTESIAN_POINT('Origin',(26.5,0.,0.000279495112423087));
#7296=CARTESIAN_POINT('',(25.1611619960038,0.,-6.55102488247856));
#7297=CARTESIAN_POINT('Origin',(0.,0.,0.));
#7298=CARTESIAN_POINT('',(22.2594928636481,0.,-8.97301384447827));
#7299=CARTESIAN_POINT('Origin',(25.9694083409228,0.,-10.4685161518913));
#7300=CARTESIAN_POINT('',(18.1265018167514,0.,-15.7299056541134));
#7301=CARTESIAN_POINT('Origin',(0.,0.,0.));
#7302=CARTESIAN_POINT('',(19.4311622944355,0.,-15.7299056541134));
#7303=CARTESIAN_POINT('',(20.7019339220444,0.,-15.7299056541134));
#7304=CARTESIAN_POINT('',(23.4014897863161,0.,-8.79603750452132));
#7305=CARTESIAN_POINT('Origin',(0.,0.,0.));
#7306=CARTESIAN_POINT('',(25.2736089692285,0.,-7.49972050488302));
#7307=CARTESIAN_POINT('Origin',(25.2736089692213,0.,-9.49972050488302));
#7308=CARTESIAN_POINT('',(26.5000000000051,0.,-7.49972050488739));
#7309=CARTESIAN_POINT('',(13.2499999999765,0.,-7.49972050484016));
#7310=CARTESIAN_POINT('',(26.4999999999973,0.,7.50027949511261));
#7311=CARTESIAN_POINT('Origin',(26.5,0.,0.000279495112610714));
#7312=CARTESIAN_POINT('',(23.8483921364771,0.,7.50027949511323));
#7313=CARTESIAN_POINT('',(12.2856140313061,0.,7.5002794951159));
#7314=CARTESIAN_POINT('Origin',(0.,0.,0.));
#7315=CARTESIAN_POINT('Origin',(4.37499999999998,-1.,26.));
#7316=CARTESIAN_POINT('',(9.21410161513776,-1.,27.));
#7317=CARTESIAN_POINT('',(4.37499999999998,-1.,27.));
#7318=CARTESIAN_POINT('Origin',(9.21410161513776,-1.,26.));
#7319=CARTESIAN_POINT('Origin',(4.375,-51.5,14.5));
#7320=CARTESIAN_POINT('',(-4.79583152331271,-51.5,27.));
#7321=CARTESIAN_POINT('',(4.375,-51.5,27.));
#7322=CARTESIAN_POINT('',(-6.75,-56.25,26.0623310798472));
#7323=CARTESIAN_POINT('Ctrl Pts',(-4.79583152332166,-51.500000000009,27.));
#7324=CARTESIAN_POINT('Ctrl Pts',(-4.7979257670097,-51.5021144505136,27.));
#7325=CARTESIAN_POINT('Ctrl Pts',(-4.80001815003436,-51.5042298192746,26.9999994634911));
#7326=CARTESIAN_POINT('Ctrl Pts',(-5.40894957681705,-52.1206649442369,26.9996865067055));
#7327=CARTESIAN_POINT('Ctrl Pts',(-5.92747274257198,-52.8983380064074,26.9503543624261));
#7328=CARTESIAN_POINT('Ctrl Pts',(-6.59749225711307,-54.5642765848047,26.6481226434843));
#7329=CARTESIAN_POINT('Ctrl Pts',(-6.75,-55.4512680767708,26.3904635826391));
#7330=CARTESIAN_POINT('Ctrl Pts',(-6.75,-56.25,26.0623310798472));
#7331=CARTESIAN_POINT('',(4.79583152331271,-51.5,27.));
#7332=CARTESIAN_POINT('Ctrl Pts',(-6.75,-56.25,26.0623310798472));
#7333=CARTESIAN_POINT('Ctrl Pts',(-6.75,-57.2539069822346,25.6499092132976));
#7334=CARTESIAN_POINT('Ctrl Pts',(-6.51813424582078,-58.2433990867702,25.0804642577229));
#7335=CARTESIAN_POINT('Ctrl Pts',(-5.71772630558449,-59.9604344106741,23.7650250781952));
#7336=CARTESIAN_POINT('Ctrl Pts',(-5.15181903025217,-60.6900105411015,23.0200834475609));
#7337=CARTESIAN_POINT('Ctrl Pts',(-3.98052329528515,-61.7526836591846,21.6958171362529));
#7338=CARTESIAN_POINT('Ctrl Pts',(-3.30360901289015,-62.1925377956498,21.0069204826829));
#7339=CARTESIAN_POINT('Ctrl Pts',(-2.17085482554999,-62.6543857796649,20.1510832739899));
#7340=CARTESIAN_POINT('Ctrl Pts',(-1.77501951418824,-62.7765737856607,19.8973712757791));
#7341=CARTESIAN_POINT('Ctrl Pts',(-0.93374326756956,-62.9488791060995,19.5215437763942));
#7342=CARTESIAN_POINT('Ctrl Pts',(-0.488708777900795,-63.,19.3989794855663));
#7343=CARTESIAN_POINT('Ctrl Pts',(2.22044604925031E-15,-63.,19.3989794855663));
#7344=CARTESIAN_POINT('Ctrl Pts',(0.488708777900798,-63.,19.3989794855663));
#7345=CARTESIAN_POINT('Ctrl Pts',(0.933743267569559,-62.9488791060995,19.5215437763942));
#7346=CARTESIAN_POINT('Ctrl Pts',(1.77501951418824,-62.7765737856607,19.8973712757791));
#7347=CARTESIAN_POINT('Ctrl Pts',(2.17085482554999,-62.6543857796649,20.1510832739899));
#7348=CARTESIAN_POINT('Ctrl Pts',(3.30360901289016,-62.1925377956498,21.0069204826829));
#7349=CARTESIAN_POINT('Ctrl Pts',(3.98052329528515,-61.7526836591846,21.695817136253));
#7350=CARTESIAN_POINT('Ctrl Pts',(5.15181903025217,-60.6900105411015,23.0200834475609));
#7351=CARTESIAN_POINT('Ctrl Pts',(5.7177263055845,-59.9604344106741,23.7650250781952));
#7352=CARTESIAN_POINT('Ctrl Pts',(6.51813424582078,-58.2433990867702,25.0804642577229));
#7353=CARTESIAN_POINT('Ctrl Pts',(6.75,-57.2539069822346,25.6499092132976));
#7354=CARTESIAN_POINT('Ctrl Pts',(6.75,-55.4512680767708,26.3904635826391));
#7355=CARTESIAN_POINT('Ctrl Pts',(6.59749225711307,-54.5642765848047,26.6481226434843));
#7356=CARTESIAN_POINT('Ctrl Pts',(5.92747274257198,-52.8983380064074,26.9503543624261));
#7357=CARTESIAN_POINT('Ctrl Pts',(5.40894957681706,-52.1206649442369,26.9996865067055));
#7358=CARTESIAN_POINT('Ctrl Pts',(4.80001815003139,-51.5042298192715,26.9999994634911));
#7359=CARTESIAN_POINT('Ctrl Pts',(4.79792576700374,-51.5021144505076,27.));
#7360=CARTESIAN_POINT('Ctrl Pts',(4.79583152331271,-51.5,27.));
#7361=CARTESIAN_POINT('',(4.375,-51.5,27.));
#7362=CARTESIAN_POINT('Origin',(8.75,0.,27.));
#7363=CARTESIAN_POINT('Origin',(2.22044604925031E-15,-56.25,27.));
#7364=CARTESIAN_POINT('',(-9.21410161514336,-1.,27.));
#7365=CARTESIAN_POINT('',(4.37499999999998,-1.,27.));
#7366=CARTESIAN_POINT('',(-5.75,1.,27.));
#7367=CARTESIAN_POINT('Ctrl Pts',(-5.75,1.,27.));
#7368=CARTESIAN_POINT('Ctrl Pts',(-5.75149071260431,0.998509287393942,27.));
#7369=CARTESIAN_POINT('Ctrl Pts',(-5.75298168685395,0.997018441266073,27.));
#7370=CARTESIAN_POINT('Ctrl Pts',(-6.0438968879255,0.706068736933349,26.9999999999999));
#7371=CARTESIAN_POINT('Ctrl Pts',(-6.43262678541736,0.318046109562179,27.));
#7372=CARTESIAN_POINT('Ctrl Pts',(-7.06280119416569,-0.202332823592967,
27.));
#7373=CARTESIAN_POINT('Ctrl Pts',(-7.51899071173781,-0.511414448866759,
27.));
#7374=CARTESIAN_POINT('Ctrl Pts',(-8.01301615787417,-0.751642933908081,
27.));
#7375=CARTESIAN_POINT('Ctrl Pts',(-8.39880540626264,-0.889450403499519,
27.));
#7376=CARTESIAN_POINT('Ctrl Pts',(-8.80371968150911,-0.979080919983941,
27.));
#7377=CARTESIAN_POINT('Ctrl Pts',(-9.07763161715703,-1.00000000000029,27.));
#7378=CARTESIAN_POINT('Ctrl Pts',(-9.21410161514336,-1.,27.));
#7379=CARTESIAN_POINT('',(-5.75,34.4,27.));
#7380=CARTESIAN_POINT('',(-5.75,0.,27.));
#7381=CARTESIAN_POINT('',(5.75,34.4,27.));
#7382=CARTESIAN_POINT('',(4.37499999999998,34.4,27.));
#7383=CARTESIAN_POINT('',(5.75,1.,27.));
#7384=CARTESIAN_POINT('',(5.75,0.,27.));
#7385=CARTESIAN_POINT('Ctrl Pts',(9.21410161513776,-1.,27.));
#7386=CARTESIAN_POINT('Ctrl Pts',(8.6682216231932,-1.,27.));
#7387=CARTESIAN_POINT('Ctrl Pts',(7.86055882736048,-0.742391557211324,27.0000000000001));
#7388=CARTESIAN_POINT('Ctrl Pts',(6.72463014419404,0.0290445107745805,27.0000000000001));
#7389=CARTESIAN_POINT('Ctrl Pts',(6.14084988572312,0.609447670587214,27.0000000000004));
#7390=CARTESIAN_POINT('Ctrl Pts',(5.75298040702828,0.997018805668702,27.));
#7391=CARTESIAN_POINT('Ctrl Pts',(5.75149071260431,0.998509287393942,27.));
#7392=CARTESIAN_POINT('Ctrl Pts',(5.75,1.,27.));
#7393=CARTESIAN_POINT('Origin',(4.37499999999998,-1.,26.));
#7394=CARTESIAN_POINT('',(-9.2141016151402,1.38777878078145E-16,25.9999999999982));
#7395=CARTESIAN_POINT('',(4.37499999999998,0.,26.));
#7396=CARTESIAN_POINT('Origin',(-9.21410161514336,-1.,26.));
#7397=CARTESIAN_POINT('Origin',(-3.5527136788005E-14,0.,7.13504717294332));
#7398=CARTESIAN_POINT('',(-10.75,0.,23.7999474789337));
#7399=CARTESIAN_POINT('',(-10.75,0.,15.1642634300656));
#7400=CARTESIAN_POINT('',(-11.8055555555556,0.,22.0369884064201));
#7401=CARTESIAN_POINT('Origin',(-12.75,0.,23.7999474789337));
#7402=CARTESIAN_POINT('',(-23.8483925307574,0.,7.50027824143306));
#7403=CARTESIAN_POINT('Origin',(0.,0.,0.));
#7404=CARTESIAN_POINT('',(-26.4999999999971,0.,7.50027824143321));
#7405=CARTESIAN_POINT('',(-13.2499999999984,0.,7.50027824143246));
#7406=CARTESIAN_POINT('',(-26.4999999999934,0.,-7.49972175856679));
#7407=CARTESIAN_POINT('Origin',(-26.5000000000001,0.,0.000278241433212805));
#7408=CARTESIAN_POINT('',(-23.848567536517,0.,-7.49972175858455));
#7409=CARTESIAN_POINT('',(-12.2857105007316,0.,-7.49972175866202));
#7410=CARTESIAN_POINT('',(-20.1997494890635,0.,-14.7299056541134));
#7411=CARTESIAN_POINT('Origin',(0.,0.,0.));
#7412=CARTESIAN_POINT('',(-18.9480837928514,0.,-14.7299056541134));
#7413=CARTESIAN_POINT('',(-8.39002485265529,0.,-14.7299056541134));
#7414=CARTESIAN_POINT('',(-22.2486919348295,0.,-8.99976150734315));
#7415=CARTESIAN_POINT('Origin',(0.,0.,0.));
#7416=CARTESIAN_POINT('',(-25.9568072572994,0.,-6.49972175856701));
#7417=CARTESIAN_POINT('Origin',(-25.956807257301,0.,-10.499721758567));
#7418=CARTESIAN_POINT('',(-26.4999999999982,0.,-6.49972175856679));
#7419=CARTESIAN_POINT('',(-13.2500000000022,0.,-6.49972175857211));
#7420=CARTESIAN_POINT('',(-26.5000000000008,0.,6.50027824143321));
#7421=CARTESIAN_POINT('Origin',(-26.5000000000001,0.,0.000278241433212805));
#7422=CARTESIAN_POINT('',(-25.956582148895,0.,6.50027824143359));
#7423=CARTESIAN_POINT('',(-11.1663214541182,0.,6.50027824144389));
#7424=CARTESIAN_POINT('',(-22.2484989847695,0.,9.00023849265736));
#7425=CARTESIAN_POINT('Origin',(-25.9565821488977,0.,10.5002782414336));
#7426=CARTESIAN_POINT('',(-10.8461538461538,0.,21.4093658650966));
#7427=CARTESIAN_POINT('Origin',(0.,0.,0.));
#7428=CARTESIAN_POINT('',(-9.75,0.,23.193479687188));
#7429=CARTESIAN_POINT('Origin',(-11.75,0.,23.193479687188));
#7430=CARTESIAN_POINT('',(-9.75,0.,24.));
#7431=CARTESIAN_POINT('',(-9.75,0.,17.0675235864717));
#7432=CARTESIAN_POINT('Origin',(-5.75,0.,24.));
#7433=CARTESIAN_POINT('Origin',(-10.75,1.,15.1642634300656));
#7434=CARTESIAN_POINT('',(-11.75,1.,23.7999474789337));
#7435=CARTESIAN_POINT('',(-11.75,1.,15.1642634300656));
#7436=CARTESIAN_POINT('Origin',(-10.75,1.,23.7999474789337));
#7437=CARTESIAN_POINT('Origin',(5.2127349439267,-68.,44.5));
#7438=CARTESIAN_POINT('',(5.2127349439267,-68.,53.5));
#7439=CARTESIAN_POINT('',(13.7715889259188,-68.,47.283166993721));
#7440=CARTESIAN_POINT('Origin',(11.75,-68.,53.5));
#7441=CARTESIAN_POINT('',(-2.75,-34.,53.5));
#7442=CARTESIAN_POINT('Origin',(0.,-68.,43.75));
#7443=CARTESIAN_POINT('',(5.875,-68.,37.));
#7444=CARTESIAN_POINT('',(-3.2258,-68.,45.5));
#7445=CARTESIAN_POINT('Origin',(0.,-68.,45.5));
#7446=CARTESIAN_POINT('Origin',(-2.75,-34.,44.5));
#7447=CARTESIAN_POINT('',(-11.75,-34.,44.5));
#7448=CARTESIAN_POINT('Origin',(-11.75,0.,23.193479687188));
#7449=CARTESIAN_POINT('',(-11.75,34.4,23.7999474789337));
#7450=CARTESIAN_POINT('',(-11.75,34.4,15.1642634300656));
#7451=CARTESIAN_POINT('',(-11.75,0.,23.7999474789337));
#7452=CARTESIAN_POINT('Origin',(5.875,-65.,37.));
#7453=CARTESIAN_POINT('Origin',(-11.75,-64.,27.));
#7454=CARTESIAN_POINT('Origin',(0.,-64.,19.9));
#7455=CARTESIAN_POINT('Origin',(18.0910073932501,-68.,34.));
#7456=CARTESIAN_POINT('Origin',(26.5,34.4,0.000279495112423087));
#7457=CARTESIAN_POINT('',(25.4339053544412,34.4,5.39596686621825));
#7458=CARTESIAN_POINT('Ctrl Pts',(25.4339053544412,34.4,5.39596686621825));
#7459=CARTESIAN_POINT('Ctrl Pts',(25.4339053544412,34.4711680047936,5.39596686621825));
#7460=CARTESIAN_POINT('Ctrl Pts',(25.4323316917005,34.5423007519391,5.40340031029789));
#7461=CARTESIAN_POINT('Ctrl Pts',(25.4234353152765,34.7389031129677,5.44515325966597));
#7462=CARTESIAN_POINT('Ctrl Pts',(25.4125998512841,34.8590762325586,5.49592190516453));
#7463=CARTESIAN_POINT('Ctrl Pts',(25.3813352469024,35.0717000996514,5.63853622739512));
#7464=CARTESIAN_POINT('Ctrl Pts',(25.3612840076383,35.1624641524106,5.72858600275053));
#7465=CARTESIAN_POINT('Ctrl Pts',(25.3136239283873,35.3033263468715,5.9356202459635));
#7466=CARTESIAN_POINT('Ctrl Pts',(25.2865274855589,35.3526268208042,6.05036319639699));
#7467=CARTESIAN_POINT('Ctrl Pts',(25.2410073387111,35.3928796205852,6.23667776319977));
#7468=CARTESIAN_POINT('Ctrl Pts',(25.2243802597497,35.4,6.30360199745724));
#7469=CARTESIAN_POINT('Ctrl Pts',(25.2074799819776,35.4,6.37047509674124));
#7470=CARTESIAN_POINT('',(25.43401917115,34.4,-5.39543036296225));
#7471=CARTESIAN_POINT('Ctrl Pts',(25.2076143549848,35.4,-6.36994336947862));
#7472=CARTESIAN_POINT('Ctrl Pts',(25.2247266364358,35.4,-6.30222537474438));
#7473=CARTESIAN_POINT('Ctrl Pts',(25.2415581220717,35.3926986340274,-6.23445722288527));
#7474=CARTESIAN_POINT('Ctrl Pts',(25.2885641464254,35.3505701753324,-6.04196105362342));
#7475=CARTESIAN_POINT('Ctrl Pts',(25.3167149373301,35.2976298049578,-5.92248258276422));
#7476=CARTESIAN_POINT('Ctrl Pts',(25.3655439565635,35.1466519998303,-5.70974135217833));
#7477=CARTESIAN_POINT('Ctrl Pts',(25.385719326361,35.0499223810174,-5.61875185142807));
#7478=CARTESIAN_POINT('Ctrl Pts',(25.4160345280587,34.8272837428313,-5.47997809332923));
#7479=CARTESIAN_POINT('Ctrl Pts',(25.4260431245784,34.7039816778894,-5.43294182553967));
#7480=CARTESIAN_POINT('Ctrl Pts',(25.4329549781412,34.5170421657299,-5.40045431637057));
#7481=CARTESIAN_POINT('Ctrl Pts',(25.43401917115,34.4585091507103,-5.39543036296225));
#7482=CARTESIAN_POINT('Ctrl Pts',(25.43401917115,34.4,-5.39543036296225));
#7483=CARTESIAN_POINT('Origin',(26.5,34.4,0.000279495112423087));
#7484=CARTESIAN_POINT('Origin',(0.,0.,0.));
#7485=CARTESIAN_POINT('',(25.4116720104784,34.4,-5.49972050488652));
#7486=CARTESIAN_POINT('Ctrl Pts',(25.1611619960038,35.4,-6.55102488247856));
#7487=CARTESIAN_POINT('Ctrl Pts',(25.190691222904,35.4,-6.43760909258612));
#7488=CARTESIAN_POINT('Ctrl Pts',(25.2193386054783,35.383439540291,-6.32436389609931));
#7489=CARTESIAN_POINT('Ctrl Pts',(25.2790100307111,35.3076456731077,-6.08198157029359));
#7490=CARTESIAN_POINT('Ctrl Pts',(25.3085123202995,35.240507633372,-5.95746601218997));
#7491=CARTESIAN_POINT('Ctrl Pts',(25.3564010554125,35.0646983511188,-5.75007929976243));
#7492=CARTESIAN_POINT('Ctrl Pts',(25.3749082944523,34.9613776664046,-5.66725946614774));
#7493=CARTESIAN_POINT('Ctrl Pts',(25.4008093476454,34.7325173746065,-5.54998209113605));
#7494=CARTESIAN_POINT('Ctrl Pts',(25.4084364111806,34.6110897406681,-5.51466126464799));
#7495=CARTESIAN_POINT('Ctrl Pts',(25.4113980825894,34.4572578389227,-5.50098666225219));
#7496=CARTESIAN_POINT('Ctrl Pts',(25.4116720105679,34.4286091481511,-5.49972050447309));
#7497=CARTESIAN_POINT('Ctrl Pts',(25.4116720105679,34.4,-5.49972050447309));
#7498=CARTESIAN_POINT('',(25.4116720104784,1.,-5.49972050488652));
#7499=CARTESIAN_POINT('',(25.4116720104784,0.,-5.49972050488652));
#7500=CARTESIAN_POINT('Ctrl Pts',(25.4116720105679,1.,-5.49972050447309));
#7501=CARTESIAN_POINT('Ctrl Pts',(25.4116720105679,0.905442512849002,-5.49972050447309));
#7502=CARTESIAN_POINT('Ctrl Pts',(25.4086892862092,0.811316989061381,-5.51355496173257));
#7503=CARTESIAN_POINT('Ctrl Pts',(25.3948700178181,0.600488316140492,-5.57691135529992));
#7504=CARTESIAN_POINT('Ctrl Pts',(25.3820034289925,0.489141485953033,-5.63562007632633));
#7505=CARTESIAN_POINT('Ctrl Pts',(25.3462545330172,0.289594095166585,-5.79433436647758));
#7506=CARTESIAN_POINT('Ctrl Pts',(25.3233476442837,0.205185084145652,-5.89418259071664));
#7507=CARTESIAN_POINT('Ctrl Pts',(25.2771968781407,0.0945957388823911,-6.08854918132094));
#7508=CARTESIAN_POINT('Ctrl Pts',(25.2559543447189,0.0594443377298576,-6.17620599888503));
#7509=CARTESIAN_POINT('Ctrl Pts',(25.2103234235236,0.0117753547842073,-6.35993428269255));
#7510=CARTESIAN_POINT('Ctrl Pts',(25.1860539591594,-6.43812272697613E-16,
-6.45541988500219));
#7511=CARTESIAN_POINT('Ctrl Pts',(25.1611619960038,0.,-6.55102488247857));
#7512=CARTESIAN_POINT('',(25.43401917115,0.,-5.39543036296225));
#7513=CARTESIAN_POINT('Ctrl Pts',(9.21410161513775,-1.38777878078145E-16,
26.));
#7514=CARTESIAN_POINT('Ctrl Pts',(8.87292662017241,3.53636557209822E-16,
26.1181864851104));
#7515=CARTESIAN_POINT('Ctrl Pts',(8.31062215649405,0.128804221394355,26.3562608607764));
#7516=CARTESIAN_POINT('Ctrl Pts',(7.18501510548225,0.514522255387298,26.8103836086975));
#7517=CARTESIAN_POINT('Ctrl Pts',(6.33673882468395,0.804723835293645,26.9995504511773));
#7518=CARTESIAN_POINT('Ctrl Pts',(5.75446935015813,0.998509402834351,26.999997213018));
#7519=CARTESIAN_POINT('Ctrl Pts',(5.75223606890778,0.999254643696534,27.));
#7520=CARTESIAN_POINT('Ctrl Pts',(5.75,1.,27.));
#7521=CARTESIAN_POINT('Ctrl Pts',(9.21410161513775,1.18993393068705E-15,
26.2991993003419));
#7522=CARTESIAN_POINT('Ctrl Pts',(8.87358082519185,-0.0364421814229675,
26.394763860944));
#7523=CARTESIAN_POINT('Ctrl Pts',(8.273122734942,0.0392126694678491,26.5766891706452));
#7524=CARTESIAN_POINT('Ctrl Pts',(7.104460358157,0.424212767965004,26.8836191788598));
#7525=CARTESIAN_POINT('Ctrl Pts',(6.29912069170655,0.767236354374027,26.9995842645031));
#7526=CARTESIAN_POINT('Ctrl Pts',(5.75418656238942,0.99822626116618,26.9999986413301));
#7527=CARTESIAN_POINT('Ctrl Pts',(5.75209409627854,0.999112671067469,27.));
#7528=CARTESIAN_POINT('Ctrl Pts',(5.75,1.,27.));
#7529=CARTESIAN_POINT('Ctrl Pts',(9.21410161513776,-0.251136684605222,26.8171909251057));
#7530=CARTESIAN_POINT('Ctrl Pts',(8.82132917884279,-0.307329442657433,26.8459764715547));
#7531=CARTESIAN_POINT('Ctrl Pts',(8.13834194391117,-0.224944259368585,26.8969483775413));
#7532=CARTESIAN_POINT('Ctrl Pts',(6.95233694325186,0.264608077175364,26.9739341288378));
#7533=CARTESIAN_POINT('Ctrl Pts',(6.2337623955029,0.702490423280937,26.9999568998852));
#7534=CARTESIAN_POINT('Ctrl Pts',(5.7536904141963,0.997728473675022,26.9999995457369));
#7535=CARTESIAN_POINT('Ctrl Pts',(5.75184564417739,0.998864218966605,27.));
#7536=CARTESIAN_POINT('Ctrl Pts',(5.75,1.,27.));
#7537=CARTESIAN_POINT('Ctrl Pts',(9.21410161513776,-0.775600524743586,27.));
#7538=CARTESIAN_POINT('Ctrl Pts',(8.71406335245576,-0.792338020612551,26.9996952489925));
#7539=CARTESIAN_POINT('Ctrl Pts',(7.94383221178947,-0.587153834504191,26.9997211516802));
#7540=CARTESIAN_POINT('Ctrl Pts',(6.79295388413149,0.0998053574743784,26.9996310814484));
#7541=CARTESIAN_POINT('Ctrl Pts',(6.16872390016435,0.637373785969704,26.9999389514896));
#7542=CARTESIAN_POINT('Ctrl Pts',(5.75319340848719,0.997231670658161,27.0000001626939));
#7543=CARTESIAN_POINT('Ctrl Pts',(5.75159719207623,0.99861576686574,27.));
#7544=CARTESIAN_POINT('Ctrl Pts',(5.75,1.,27.));
#7545=CARTESIAN_POINT('Ctrl Pts',(9.21410161513776,-1.,27.));
#7546=CARTESIAN_POINT('Ctrl Pts',(8.6682216231932,-1.,27.));
#7547=CARTESIAN_POINT('Ctrl Pts',(7.86055882736048,-0.742391557211324,27.0000000000001));
#7548=CARTESIAN_POINT('Ctrl Pts',(6.72463014419404,0.0290445107745805,27.0000000000001));
#7549=CARTESIAN_POINT('Ctrl Pts',(6.14084988572312,0.609447670587214,27.0000000000004));
#7550=CARTESIAN_POINT('Ctrl Pts',(5.75298040702828,0.997018805668702,27.));
#7551=CARTESIAN_POINT('Ctrl Pts',(5.75149071260431,0.998509287393942,27.));
#7552=CARTESIAN_POINT('Ctrl Pts',(5.75,1.,27.));
#7553=CARTESIAN_POINT('Ctrl Pts',(5.75,1.,27.));
#7554=CARTESIAN_POINT('Ctrl Pts',(5.75223606890778,0.999254643696534,27.));
#7555=CARTESIAN_POINT('Ctrl Pts',(5.75446935015813,0.998509402834351,26.999997213018));
#7556=CARTESIAN_POINT('Ctrl Pts',(6.33673882468395,0.804723835293645,26.9995504511773));
#7557=CARTESIAN_POINT('Ctrl Pts',(7.18501510548225,0.514522255387298,26.8103836086975));
#7558=CARTESIAN_POINT('Ctrl Pts',(8.31062215649405,0.128804221394355,26.3562608607764));
#7559=CARTESIAN_POINT('Ctrl Pts',(8.87292662017241,3.53636557209822E-16,
26.1181864851104));
#7560=CARTESIAN_POINT('Ctrl Pts',(9.21410161513775,-1.38777878078145E-16,
26.));
#7561=CARTESIAN_POINT('Origin',(5.75,1.,24.));
#7562=CARTESIAN_POINT('',(8.75,1.,24.));
#7563=CARTESIAN_POINT('Origin',(5.75,1.,24.));
#7564=CARTESIAN_POINT('Origin',(9.75,1.,24.));
#7565=CARTESIAN_POINT('Ctrl Pts',(-5.75,1.,27.));
#7566=CARTESIAN_POINT('Ctrl Pts',(-5.75223606890778,0.999254643696534,27.));
#7567=CARTESIAN_POINT('Ctrl Pts',(-5.7544708644346,0.998509220633036,26.9999969848522));
#7568=CARTESIAN_POINT('Ctrl Pts',(-6.19130671869176,0.853034368466713,26.9997233812878));
#7569=CARTESIAN_POINT('Ctrl Pts',(-6.76733248700732,0.659023054781094,26.9074504771891));
#7570=CARTESIAN_POINT('Ctrl Pts',(-7.52023876538329,0.39883358820353,26.6735442172653));
#7571=CARTESIAN_POINT('Ctrl Pts',(-7.97473942402927,0.244292775566626,26.4935451464573));
#7572=CARTESIAN_POINT('Ctrl Pts',(-8.38495318301682,0.124178533045965,26.321912366045));
#7573=CARTESIAN_POINT('Ctrl Pts',(-8.67459351713421,0.0552747982502433,
26.2024270158139));
#7574=CARTESIAN_POINT('Ctrl Pts',(-8.95304080430378,0.0104595400080312,
26.0931747185966));
#7575=CARTESIAN_POINT('Ctrl Pts',(-9.12880786639987,-1.43153822790915E-13,
26.0295466212764));
#7576=CARTESIAN_POINT('Ctrl Pts',(-9.21410161514126,1.38777878078145E-16,
25.9999999999988));
#7577=CARTESIAN_POINT('Ctrl Pts',(-5.75,1.,27.));
#7578=CARTESIAN_POINT('Ctrl Pts',(-5.75207723158054,0.999107676960409,26.9999906670166));
#7579=CARTESIAN_POINT('Ctrl Pts',(-5.75420391007485,0.998230251586538,27.0000074574078));
#7580=CARTESIAN_POINT('Ctrl Pts',(-6.16235704105988,0.82479060320696,26.9991672006107));
#7581=CARTESIAN_POINT('Ctrl Pts',(-6.70542133017477,0.594867982606911,26.9432881830026));
#7582=CARTESIAN_POINT('Ctrl Pts',(-7.45315077690539,0.309727098104294,26.7914456836799));
#7583=CARTESIAN_POINT('Ctrl Pts',(-7.92305457523885,0.155292651608594,26.6695150358214));
#7584=CARTESIAN_POINT('Ctrl Pts',(-8.35557407799629,0.0525461155168819,
26.5465517934807));
#7585=CARTESIAN_POINT('Ctrl Pts',(-8.66055058079925,0.00333877111024942,
26.4579192904525));
#7586=CARTESIAN_POINT('Ctrl Pts',(-8.95034552283897,-0.0164159196215303,
26.3738339687898));
#7587=CARTESIAN_POINT('Ctrl Pts',(-9.12878036747398,-0.00885655416067495,
26.3231115454789));
#7588=CARTESIAN_POINT('Ctrl Pts',(-9.21410161514126,3.62877101671256E-13,
26.2991993003409));
#7589=CARTESIAN_POINT('Ctrl Pts',(-5.75,1.,27.));
#7590=CARTESIAN_POINT('Ctrl Pts',(-5.75184114520507,0.99886018435013,26.9999973739572));
#7591=CARTESIAN_POINT('Ctrl Pts',(-5.75369574156917,0.997732387869737,27.0000022030563));
#7592=CARTESIAN_POINT('Ctrl Pts',(-6.11373173021097,0.775864160381028,26.9997767697377));
#7593=CARTESIAN_POINT('Ctrl Pts',(-6.5943129943368,0.481213784616274,26.9870533740389));
#7594=CARTESIAN_POINT('Ctrl Pts',(-7.3066652958819,0.116647715319446,26.9505632130203));
#7595=CARTESIAN_POINT('Ctrl Pts',(-7.78252406243861,-0.0792395296758903,
26.9200479551583));
#7596=CARTESIAN_POINT('Ctrl Pts',(-8.24648394081548,-0.205582520133888,
26.8875491761693));
#7597=CARTESIAN_POINT('Ctrl Pts',(-8.58349574759296,-0.262832512231081,
26.8632599452289));
#7598=CARTESIAN_POINT('Ctrl Pts',(-8.91121387665059,-0.28062468982937,26.8393403175372));
#7599=CARTESIAN_POINT('Ctrl Pts',(-9.11595110070011,-0.265286312872352,
26.8243645498894));
#7600=CARTESIAN_POINT('Ctrl Pts',(-9.21410161514179,-0.251136684604644,
26.8171909251055));
#7601=CARTESIAN_POINT('Ctrl Pts',(-5.75,1.,27.));
#7602=CARTESIAN_POINT('Ctrl Pts',(-5.75159808168604,0.998613375629238,27.));
#7603=CARTESIAN_POINT('Ctrl Pts',(-5.75319375780365,0.997233744473448,27.));
#7604=CARTESIAN_POINT('Ctrl Pts',(-6.06493949831369,0.726972743437788,26.9999999999999));
#7605=CARTESIAN_POINT('Ctrl Pts',(-6.48115277518623,0.366983268988458,27.));
#7606=CARTESIAN_POINT('Ctrl Pts',(-7.1359832982046,-0.106662130192675,27.));
#7607=CARTESIAN_POINT('Ctrl Pts',(-7.59803933420803,-0.381801236583124,
27.));
#7608=CARTESIAN_POINT('Ctrl Pts',(-8.08302110162516,-0.587917511072092,
27.));
#7609=CARTESIAN_POINT('Ctrl Pts',(-8.45417848563378,-0.701617328885371,
27.));
#7610=CARTESIAN_POINT('Ctrl Pts',(-8.83593163360003,-0.769742856098584,
27.));
#7611=CARTESIAN_POINT('Ctrl Pts',(-9.08912047369896,-0.779836711768126,
27.));
#7612=CARTESIAN_POINT('Ctrl Pts',(-9.21410161514288,-0.775600524743413,
27.));
#7613=CARTESIAN_POINT('Ctrl Pts',(-5.75,1.,27.));
#7614=CARTESIAN_POINT('Ctrl Pts',(-5.75149071260431,0.998509287393942,27.));
#7615=CARTESIAN_POINT('Ctrl Pts',(-5.75298168685395,0.997018441266073,27.));
#7616=CARTESIAN_POINT('Ctrl Pts',(-6.0438968879255,0.706068736933349,26.9999999999999));
#7617=CARTESIAN_POINT('Ctrl Pts',(-6.43262678541736,0.318046109562179,27.));
#7618=CARTESIAN_POINT('Ctrl Pts',(-7.06280119416569,-0.202332823592967,
27.));
#7619=CARTESIAN_POINT('Ctrl Pts',(-7.51899071173781,-0.511414448866759,
27.));
#7620=CARTESIAN_POINT('Ctrl Pts',(-8.01301615787417,-0.751642933908081,
27.));
#7621=CARTESIAN_POINT('Ctrl Pts',(-8.39880540626264,-0.889450403499519,
27.));
#7622=CARTESIAN_POINT('Ctrl Pts',(-8.80371968150911,-0.979080919983941,
27.));
#7623=CARTESIAN_POINT('Ctrl Pts',(-9.07763161715703,-1.00000000000029,27.));
#7624=CARTESIAN_POINT('Ctrl Pts',(-9.21410161514336,-1.,27.));
#7625=CARTESIAN_POINT('Ctrl Pts',(-9.21410161514126,1.38777878078145E-16,
25.9999999999988));
#7626=CARTESIAN_POINT('Ctrl Pts',(-9.12880786639987,-1.43153822790915E-13,
26.0295466212764));
#7627=CARTESIAN_POINT('Ctrl Pts',(-8.95304080430378,0.0104595400080312,
26.0931747185966));
#7628=CARTESIAN_POINT('Ctrl Pts',(-8.67459351713421,0.0552747982502433,
26.2024270158139));
#7629=CARTESIAN_POINT('Ctrl Pts',(-8.38495318301682,0.124178533045965,26.321912366045));
#7630=CARTESIAN_POINT('Ctrl Pts',(-7.97473942402927,0.244292775566626,26.4935451464573));
#7631=CARTESIAN_POINT('Ctrl Pts',(-7.52023876538329,0.39883358820353,26.6735442172653));
#7632=CARTESIAN_POINT('Ctrl Pts',(-6.76733248700732,0.659023054781094,26.9074504771891));
#7633=CARTESIAN_POINT('Ctrl Pts',(-6.19130671869176,0.853034368466713,26.9997233812878));
#7634=CARTESIAN_POINT('Ctrl Pts',(-5.7544708644346,0.998509220633036,26.9999969848522));
#7635=CARTESIAN_POINT('Ctrl Pts',(-5.75223606890778,0.999254643696534,27.));
#7636=CARTESIAN_POINT('Ctrl Pts',(-5.75,1.,27.));
#7637=CARTESIAN_POINT('Origin',(-5.75,1.,24.));
#7638=CARTESIAN_POINT('',(-8.75,1.,24.));
#7639=CARTESIAN_POINT('Origin',(-9.75,1.,24.));
#7640=CARTESIAN_POINT('Origin',(-5.75,1.,24.));
#7641=CARTESIAN_POINT('Origin',(2.22044604925031E-15,-56.25,33.));
#7642=CARTESIAN_POINT('',(6.75,-56.25,33.));
#7643=CARTESIAN_POINT('Origin',(7.75,-56.25,33.));
#7644=CARTESIAN_POINT('',(-6.75,-56.25,33.));
#7645=CARTESIAN_POINT('Origin',(2.22044604925031E-15,-56.25,33.));
#7646=CARTESIAN_POINT('Origin',(2.22044604925031E-15,-56.25,33.));
#7647=CARTESIAN_POINT('Origin',(2.22044604925031E-15,-56.25,34.));
#7648=CARTESIAN_POINT('',(-6.75,-56.25,34.));
#7649=CARTESIAN_POINT('Origin',(-7.75,15.2,35.));
#7650=CARTESIAN_POINT('',(-6.75,-39.6,35.));
#7651=CARTESIAN_POINT('Origin',(-7.75,-40.6,35.));
#7652=CARTESIAN_POINT('',(-6.75,20.4,35.));
#7653=CARTESIAN_POINT('',(-6.75,5.4,35.));
#7654=CARTESIAN_POINT('Origin',(-7.75,21.4,35.));
#7655=CARTESIAN_POINT('Origin',(7.75,-14.8,35.));
#7656=CARTESIAN_POINT('',(6.75,-39.6,35.));
#7657=CARTESIAN_POINT('',(6.75,20.4,35.));
#7658=CARTESIAN_POINT('',(6.75,-24.6,35.));
#7659=CARTESIAN_POINT('Origin',(7.75,-40.6,35.));
#7660=CARTESIAN_POINT('Origin',(7.75,21.4,35.));
#7661=CARTESIAN_POINT('Origin',(2.5,-40.6,35.));
#7662=CARTESIAN_POINT('',(-3.375,-39.6,35.));
#7663=CARTESIAN_POINT('Origin',(9.25,21.4,35.));
#7664=CARTESIAN_POINT('',(3.375,20.4,35.));
#7665=CARTESIAN_POINT('Origin',(-3.375,-38.6,35.));
#7666=CARTESIAN_POINT('',(5.75,-38.6,36.));
#7667=CARTESIAN_POINT('',(-5.75,-38.6,36.));
#7668=CARTESIAN_POINT('',(-3.375,-38.6,36.));
#7669=CARTESIAN_POINT('Origin',(-5.75,-38.6,35.));
#7670=CARTESIAN_POINT('Origin',(5.75,-38.6,35.));
#7671=CARTESIAN_POINT('Origin',(-5.75,5.4,35.));
#7672=CARTESIAN_POINT('',(-5.75,19.4,36.));
#7673=CARTESIAN_POINT('',(-5.75,5.4,36.));
#7674=CARTESIAN_POINT('Origin',(-5.75,19.4,35.));
#7675=CARTESIAN_POINT('Origin',(3.375,19.4,35.));
#7676=CARTESIAN_POINT('',(5.75,19.4,36.));
#7677=CARTESIAN_POINT('',(3.375,19.4,36.));
#7678=CARTESIAN_POINT('Origin',(5.75,19.4,35.));
#7679=CARTESIAN_POINT('Origin',(5.75,-24.6,35.));
#7680=CARTESIAN_POINT('',(5.75,-24.6,36.));
#7681=CARTESIAN_POINT('Origin',(-1.11022302462516E-15,-9.6,36.));
#7682=CARTESIAN_POINT('Origin',(0.,1.,0.));
#7683=CARTESIAN_POINT('',(16.7800497053105,1.,-15.7299056541134));
#7684=CARTESIAN_POINT('Ctrl Pts',(16.7800497053105,1.,-15.7299056541134));
#7685=CARTESIAN_POINT('Ctrl Pts',(16.7800497053105,0.888350950287058,-15.7299056541134));
#7686=CARTESIAN_POINT('Ctrl Pts',(16.8127014747853,0.7584117461,-15.7299056541134));
#7687=CARTESIAN_POINT('Ctrl Pts',(16.9211680448368,0.540171274415073,-15.7299056541134));
#7688=CARTESIAN_POINT('Ctrl Pts',(17.0235761142138,0.419234077602459,-15.7299056541134));
#7689=CARTESIAN_POINT('Ctrl Pts',(17.2473563596453,0.23411322467575,-15.7299056541134));
#7690=CARTESIAN_POINT('Ctrl Pts',(17.4151550786394,0.144901522881875,-15.7299056541134));
#7691=CARTESIAN_POINT('Ctrl Pts',(17.7344170521761,0.034401618138398,-15.7299056541134));
#7692=CARTESIAN_POINT('Ctrl Pts',(17.9470245384329,-6.10280828218333E-16,
-15.7299056541134));
#7693=CARTESIAN_POINT('Ctrl Pts',(18.1265018167514,0.,-15.7299056541134));
#7694=CARTESIAN_POINT('',(21.3320139943294,1.,-8.599138267625));
#7695=CARTESIAN_POINT('Origin',(22.2594928636481,1.,-8.97301384447827));
#7696=CARTESIAN_POINT('Origin',(0.,1.,0.));
#7697=CARTESIAN_POINT('Origin',(25.9694083409228,1.,-10.4685161518913));
#7698=CARTESIAN_POINT('Origin',(25.9694083409228,1.,-10.4685161518913));
#7699=CARTESIAN_POINT('Origin',(20.7019339220444,0.,-15.7299056541134));
#7700=CARTESIAN_POINT('',(16.7800497053105,34.4,-15.7299056541134));
#7701=CARTESIAN_POINT('',(16.7800497053105,0.,-15.7299056541134));
#7702=CARTESIAN_POINT('Ctrl Pts',(18.1265018167514,35.4,-15.7299056541134));
#7703=CARTESIAN_POINT('Ctrl Pts',(17.9470245384329,35.4,-15.7299056541134));
#7704=CARTESIAN_POINT('Ctrl Pts',(17.7344170521761,35.3655983818616,-15.7299056541134));
#7705=CARTESIAN_POINT('Ctrl Pts',(17.4151550786394,35.2550984771181,-15.7299056541134));
#7706=CARTESIAN_POINT('Ctrl Pts',(17.2473563596453,35.1658867753242,-15.7299056541134));
#7707=CARTESIAN_POINT('Ctrl Pts',(17.0235761142138,34.9807659223975,-15.7299056541134));
#7708=CARTESIAN_POINT('Ctrl Pts',(16.9211680448368,34.8598287255849,-15.7299056541134));
#7709=CARTESIAN_POINT('Ctrl Pts',(16.8127014747853,34.6415882539,-15.7299056541134));
#7710=CARTESIAN_POINT('Ctrl Pts',(16.7800497053105,34.5116490497129,-15.7299056541134));
#7711=CARTESIAN_POINT('Ctrl Pts',(16.7800497053105,34.4,-15.7299056541134));
#7712=CARTESIAN_POINT('',(20.7019339220444,34.4,-15.7299056541134));
#7713=CARTESIAN_POINT('Ctrl Pts',(20.7019339220444,34.4,-15.7299056541134));
#7714=CARTESIAN_POINT('Ctrl Pts',(20.7019339220444,34.514255906456,-15.7299056541134));
#7715=CARTESIAN_POINT('Ctrl Pts',(20.6706618626837,34.6477490216862,-15.7299056541134));
#7716=CARTESIAN_POINT('Ctrl Pts',(20.5669823757193,34.8676004286601,-15.7299056541134));
#7717=CARTESIAN_POINT('Ctrl Pts',(20.4709324288378,34.9887170357661,-15.7299056541134));
#7718=CARTESIAN_POINT('Ctrl Pts',(20.2610273994304,35.1712017766441,-15.7299056541134));
#7719=CARTESIAN_POINT('Ctrl Pts',(20.1046077952861,35.2586123303978,-15.7299056541134));
#7720=CARTESIAN_POINT('Ctrl Pts',(19.8036397793225,35.3668963008749,-15.7299056541134));
#7721=CARTESIAN_POINT('Ctrl Pts',(19.601695365924,35.4,-15.7299056541134));
#7722=CARTESIAN_POINT('Ctrl Pts',(19.4311622944355,35.4,-15.7299056541134));
#7723=CARTESIAN_POINT('',(20.7019339220444,1.,-15.7299056541134));
#7724=CARTESIAN_POINT('',(20.7019339220444,0.,-15.7299056541134));
#7725=CARTESIAN_POINT('Ctrl Pts',(19.4311622944355,-3.36102673470506E-17,
-15.7299056541134));
#7726=CARTESIAN_POINT('Ctrl Pts',(19.601695365924,-3.83435109077137E-17,
-15.7299056541134));
#7727=CARTESIAN_POINT('Ctrl Pts',(19.8036397793225,0.0331036991250493,-15.7299056541134));
#7728=CARTESIAN_POINT('Ctrl Pts',(20.1046077952861,0.14138766960224,-15.7299056541134));
#7729=CARTESIAN_POINT('Ctrl Pts',(20.2610273994304,0.228798223355878,-15.7299056541134));
#7730=CARTESIAN_POINT('Ctrl Pts',(20.4709324288378,0.411282964233901,-15.7299056541134));
#7731=CARTESIAN_POINT('Ctrl Pts',(20.5669823757193,0.532399571339919,-15.7299056541134));
#7732=CARTESIAN_POINT('Ctrl Pts',(20.6706618626837,0.752250978313756,-15.7299056541134));
#7733=CARTESIAN_POINT('Ctrl Pts',(20.7019339220444,0.885744093543977,-15.7299056541134));
#7734=CARTESIAN_POINT('Ctrl Pts',(20.7019339220444,1.,-15.7299056541134));
#7735=CARTESIAN_POINT('Origin',(25.9694083409228,34.4,-10.4685161518913));
#7736=CARTESIAN_POINT('',(21.3320139943294,34.4,-8.599138267625));
#7737=CARTESIAN_POINT('Origin',(22.2594928636481,34.4,-8.97301384447827));
#7738=CARTESIAN_POINT('Origin',(25.9694083409228,34.4,-10.4685161518913));
#7739=CARTESIAN_POINT('Origin',(0.,34.4,0.));
#7740=CARTESIAN_POINT('Origin',(0.,34.4,0.));
#7741=CARTESIAN_POINT('Origin',(25.9691780541556,1.,10.4690874096822));
#7742=CARTESIAN_POINT('',(21.3318248301992,1.,8.59960751509607));
#7743=CARTESIAN_POINT('Origin',(22.2592954749905,1.,8.97350349401328));
#7744=CARTESIAN_POINT('',(25.4115510245961,1.,5.50027949511183));
#7745=CARTESIAN_POINT('Origin',(25.9691780541556,1.,10.4690874096822));
#7746=CARTESIAN_POINT('Ctrl Pts',(25.1610178841844,5.20417042793042E-17,
6.5515783618723));
#7747=CARTESIAN_POINT('Ctrl Pts',(25.2001669895751,-5.5597932681247E-16,
6.40122812770327));
#7748=CARTESIAN_POINT('Ctrl Pts',(25.2376057009291,0.0291206713565306,6.25170020693577));
#7749=CARTESIAN_POINT('Ctrl Pts',(25.3016614522501,0.142805827092532,5.98687275032819));
#7750=CARTESIAN_POINT('Ctrl Pts',(25.3283560642477,0.220650001417536,5.87231242288484));
#7751=CARTESIAN_POINT('Ctrl Pts',(25.3705945097543,0.412910775313431,5.68694595318255));
#7752=CARTESIAN_POINT('Ctrl Pts',(25.3862907875418,0.522321473681176,5.61592604011473));
#7753=CARTESIAN_POINT('Ctrl Pts',(25.4065707897573,0.756711249688802,5.52342859502369));
#7754=CARTESIAN_POINT('Ctrl Pts',(25.4115510246856,0.877665791595211,5.50027949469848));
#7755=CARTESIAN_POINT('Ctrl Pts',(25.4115510246856,0.999999999999991,5.50027949469848));
#7756=CARTESIAN_POINT('Origin',(0.,1.,0.));
#7757=CARTESIAN_POINT('',(10.3942307692308,1.,20.5173089540509));
#7758=CARTESIAN_POINT('Origin',(10.8461538461538,1.,21.4093658650966));
#7759=CARTESIAN_POINT('Origin',(0.,1.,0.));
#7760=CARTESIAN_POINT('Origin',(11.75,1.,23.193479687188));
#7761=CARTESIAN_POINT('',(8.75,1.,23.193479687188));
#7762=CARTESIAN_POINT('Origin',(9.75,1.,23.193479687188));
#7763=CARTESIAN_POINT('Origin',(11.75,1.,23.193479687188));
#7764=CARTESIAN_POINT('Origin',(9.75,1.,14.2028127221746));
#7765=CARTESIAN_POINT('',(8.75,1.,14.2028127221746));
#7766=CARTESIAN_POINT('Origin',(-18.9480837928514,1.,-14.7299056541134));
#7767=CARTESIAN_POINT('',(-18.1585803014826,1.,-14.116159585192));
#7768=CARTESIAN_POINT('',(-18.9480837928514,1.,-15.7299056541134));
#7769=CARTESIAN_POINT('Origin',(-18.9480837928514,1.,-14.7299056541134));
#7770=CARTESIAN_POINT('Origin',(-18.9480837928514,1.,-14.7299056541134));
#7771=CARTESIAN_POINT('Origin',(-18.9480837928514,1.,-14.7299056541134));
#7772=CARTESIAN_POINT('Origin',(-25.9565821488977,1.,10.5002782414336));
#7773=CARTESIAN_POINT('',(-21.3214781937374,1.,8.6252285554633));
#7774=CARTESIAN_POINT('Origin',(-22.2484989847695,1.,9.00023849265736));
#7775=CARTESIAN_POINT('',(-25.9565821488943,1.,5.50027824143359));
#7776=CARTESIAN_POINT('Origin',(-25.956582148895,1.,6.50027824143359));
#7777=CARTESIAN_POINT('Origin',(-25.9565821488977,1.,10.5002782414336));
#7778=CARTESIAN_POINT('Origin',(-11.1663214541182,1.,6.50027824144389));
#7779=CARTESIAN_POINT('',(-26.5000000000001,1.,5.50027824143321));
#7780=CARTESIAN_POINT('Origin',(-26.5000000000008,1.,6.50027824143321));
#7781=CARTESIAN_POINT('',(-11.1663214541175,1.,5.50027824144389));
#7782=CARTESIAN_POINT('Origin',(-26.5000000000001,1.,0.000278241433212805));
#7783=CARTESIAN_POINT('',(-26.4999999999985,1.,-5.49972175856679));
#7784=CARTESIAN_POINT('Origin',(-26.4999999999982,1.,-6.49972175856679));
#7785=CARTESIAN_POINT('Origin',(-26.5000000000001,1.,0.000278241433212805));
#7786=CARTESIAN_POINT('Origin',(-13.2500000000022,1.,-6.49972175857211));
#7787=CARTESIAN_POINT('',(-25.956807257299,1.,-5.49972175856701));
#7788=CARTESIAN_POINT('Origin',(-25.9568072572994,1.,-6.49972175856701));
#7789=CARTESIAN_POINT('',(-13.2500000000018,1.,-5.49972175857211));
#7790=CARTESIAN_POINT('Origin',(-25.956807257301,1.,-10.499721758567));
#7791=CARTESIAN_POINT('',(-21.3216631042116,1.,-8.62477144453718));
#7792=CARTESIAN_POINT('Origin',(-22.2486919348295,1.,-8.99976150734315));
#7793=CARTESIAN_POINT('Origin',(-25.956807257301,1.,-10.499721758567));
#7794=CARTESIAN_POINT('Origin',(0.,1.,0.));
#7795=CARTESIAN_POINT('Origin',(0.,1.,0.));
#7796=CARTESIAN_POINT('Origin',(-20.1997494890635,1.,-14.7299056541134));
#7797=CARTESIAN_POINT('',(-20.1997494890635,1.,-15.7299056541134));
#7798=CARTESIAN_POINT('',(-21.007739468626,1.,-15.3191018802779));
#7799=CARTESIAN_POINT('Origin',(-20.1997494890635,1.,-14.7299056541134));
#7800=CARTESIAN_POINT('Origin',(-20.1997494890635,1.,-14.7299056541134));
#7801=CARTESIAN_POINT('Origin',(-20.1997494890635,1.,-14.7299056541134));
#7802=CARTESIAN_POINT('Origin',(-8.39002485265529,1.,-14.7299056541134));
#7803=CARTESIAN_POINT('',(-8.39002485265529,1.,-15.7299056541134));
#7804=CARTESIAN_POINT('Origin',(-18.9480837928514,34.4,-14.7299056541134));
#7805=CARTESIAN_POINT('',(-18.1585803014826,34.4,-14.116159585192));
#7806=CARTESIAN_POINT('Origin',(-18.9480837928514,34.4,-14.7299056541134));
#7807=CARTESIAN_POINT('',(-18.9480837928514,34.4,-15.7299056541134));
#7808=CARTESIAN_POINT('Origin',(-18.9480837928514,34.4,-14.7299056541134));
#7809=CARTESIAN_POINT('Origin',(-18.9480837928514,34.4,-14.7299056541134));
#7810=CARTESIAN_POINT('Origin',(-18.9480837928514,0.,-14.7299056541134));
#7811=CARTESIAN_POINT('',(-18.1585803014826,0.,-14.116159585192));
#7812=CARTESIAN_POINT('',(-18.9480837928514,0.,-15.7299056541134));
#7813=CARTESIAN_POINT('Origin',(0.,1.,0.));
#7814=CARTESIAN_POINT('',(-24.5714210013718,1.,-8.49972175857971));
#7815=CARTESIAN_POINT('Origin',(0.,1.,0.));
#7816=CARTESIAN_POINT('Ctrl Pts',(-23.848567536517,0.,-7.49972175858455));
#7817=CARTESIAN_POINT('Ctrl Pts',(-23.8496610212383,-6.52635114123144E-18,
-7.50121190884759));
#7818=CARTESIAN_POINT('Ctrl Pts',(-23.8507544576164,3.33082170543286E-6,
-7.50270209571913));
#7819=CARTESIAN_POINT('Ctrl Pts',(-23.9176920172427,0.000411191835233354,
-7.59393404442104));
#7820=CARTESIAN_POINT('Ctrl Pts',(-23.9834391500415,0.012894138881759,-7.68392184104922));
#7821=CARTESIAN_POINT('Ctrl Pts',(-24.1094319759614,0.061812838971545,-7.85704958285893));
#7822=CARTESIAN_POINT('Ctrl Pts',(-24.1699350928252,0.0976789845518833,
-7.94052487407892));
#7823=CARTESIAN_POINT('Ctrl Pts',(-24.3013697282767,0.208313487775889,-8.12247864695714));
#7824=CARTESIAN_POINT('Ctrl Pts',(-24.3696365090023,0.291692124312999,-8.21747723712544));
#7825=CARTESIAN_POINT('Ctrl Pts',(-24.4726169151385,0.480922332675259,-8.3612116427791));
#7826=CARTESIAN_POINT('Ctrl Pts',(-24.5104168849253,0.579408480326863,-8.41415620908158));
#7827=CARTESIAN_POINT('Ctrl Pts',(-24.5591607793205,0.787589720074489,-8.48249647658844));
#7828=CARTESIAN_POINT('Ctrl Pts',(-24.5714210013733,0.892803064003405,-8.49972175857971));
#7829=CARTESIAN_POINT('Ctrl Pts',(-24.5714210013733,1.,-8.49972175857971));
#7830=CARTESIAN_POINT('Origin',(-20.1997494890635,34.4,-14.7299056541134));
#7831=CARTESIAN_POINT('',(-20.1997494890635,34.4,-15.7299056541134));
#7832=CARTESIAN_POINT('Origin',(-20.1997494890635,34.4,-14.7299056541134));
#7833=CARTESIAN_POINT('',(-21.007739468626,34.4,-15.3191018802779));
#7834=CARTESIAN_POINT('Origin',(-20.1997494890635,34.4,-14.7299056541134));
#7835=CARTESIAN_POINT('Origin',(-20.1997494890635,34.4,-14.7299056541134));
#7836=CARTESIAN_POINT('Origin',(-20.1997494890635,0.,-14.7299056541134));
#7837=CARTESIAN_POINT('',(-20.1997494890635,0.,-15.7299056541134));
#7838=CARTESIAN_POINT('',(-21.007739468626,0.,-15.3191018802779));
#7839=CARTESIAN_POINT('Origin',(-12.2857105007316,1.,-7.49972175866202));
#7840=CARTESIAN_POINT('',(-26.5000000000001,1.,-8.49972175856679));
#7841=CARTESIAN_POINT('Origin',(-26.4999999999934,1.,-7.49972175856679));
#7842=CARTESIAN_POINT('',(-12.2857105007383,1.,-8.49972175866202));
#7843=CARTESIAN_POINT('Origin',(-26.5000000000001,1.,0.000278241433212805));
#7844=CARTESIAN_POINT('',(-26.4999999999967,1.,8.50027824143321));
#7845=CARTESIAN_POINT('Origin',(-26.4999999999971,1.,7.50027824143321));
#7846=CARTESIAN_POINT('Origin',(-26.5000000000001,1.,0.000278241433212805));
#7847=CARTESIAN_POINT('Origin',(-13.2499999999984,1.,7.50027824143246));
#7848=CARTESIAN_POINT('',(-24.571228496317,1.,8.5002782414331));
#7849=CARTESIAN_POINT('',(-13.2499999999983,1.,8.50027824143246));
#7850=CARTESIAN_POINT('Ctrl Pts',(-23.8483925307574,0.,7.50027824143306));
#7851=CARTESIAN_POINT('Ctrl Pts',(-23.84948598877,9.12453907048983E-20,
7.50176839174854));
#7852=CARTESIAN_POINT('Ctrl Pts',(-23.8505793984405,3.33082193945552E-6,
7.50325857867058));
#7853=CARTESIAN_POINT('Ctrl Pts',(-23.9175146489285,0.000411187754787152,
7.59448961149512));
#7854=CARTESIAN_POINT('Ctrl Pts',(-23.9832594887405,0.0128938839891881,
7.6844764602249));
#7855=CARTESIAN_POINT('Ctrl Pts',(-24.1092480609797,0.0618115818189146,
7.85760255291219));
#7856=CARTESIAN_POINT('Ctrl Pts',(-24.1697491727028,0.0976770102143316,
7.94107709199143));
#7857=CARTESIAN_POINT('Ctrl Pts',(-24.3011807524819,0.208310171732658,8.12303101051872));
#7858=CARTESIAN_POINT('Ctrl Pts',(-24.3694463632838,0.291688579499349,8.21803025295163));
#7859=CARTESIAN_POINT('Ctrl Pts',(-24.4724253761478,0.480918899522751,8.36176616021118));
#7860=CARTESIAN_POINT('Ctrl Pts',(-24.5102249309189,0.579405526557325,8.4147114142574));
#7861=CARTESIAN_POINT('Ctrl Pts',(-24.558968378471,0.787588049689137,8.48305269303547));
#7862=CARTESIAN_POINT('Ctrl Pts',(-24.571228496317,0.892802235445402,8.5002782414331));
#7863=CARTESIAN_POINT('Ctrl Pts',(-24.571228496317,1.,8.5002782414331));
#7864=CARTESIAN_POINT('Origin',(-12.75,1.,23.7999474789337));
#7865=CARTESIAN_POINT('',(-12.2777777777778,1.,22.9184679426768));
#7866=CARTESIAN_POINT('Origin',(-12.75,1.,23.7999474789337));
#7867=CARTESIAN_POINT('Origin',(-11.8055555555556,1.,22.0369884064201));
#7868=CARTESIAN_POINT('Origin',(0.,1.,0.));
#7869=CARTESIAN_POINT('Origin',(0.,1.,0.));
#7870=CARTESIAN_POINT('Origin',(-12.75,34.4,23.7999474789337));
#7871=CARTESIAN_POINT('',(-12.2777777777778,34.4,22.9184679426768));
#7872=CARTESIAN_POINT('Origin',(-11.8055555555556,34.4,22.0369884064201));
#7873=CARTESIAN_POINT('Origin',(-12.75,34.4,23.7999474789337));
#7874=CARTESIAN_POINT('Origin',(-10.75,34.4,23.7999474789337));
#7875=CARTESIAN_POINT('Origin',(-12.75,0.,23.7999474789337));
#7876=CARTESIAN_POINT('',(-12.2777777777778,0.,22.9184679426768));
#7877=CARTESIAN_POINT('Origin',(25.2736089692213,34.4,-9.49972050488302));
#7878=CARTESIAN_POINT('',(25.2736089692249,34.4,-8.49972050488302));
#7879=CARTESIAN_POINT('Origin',(25.2736089692285,34.4,-7.49972050488302));
#7880=CARTESIAN_POINT('',(24.3375493777687,34.4,-9.14787900470216));
#7881=CARTESIAN_POINT('Origin',(25.2736089692213,34.4,-9.49972050488302));
#7882=CARTESIAN_POINT('Origin',(23.4014897863161,34.4,-8.79603750452131));
#7883=CARTESIAN_POINT('Origin',(25.2736089692213,1.,-9.49972050488302));
#7884=CARTESIAN_POINT('',(25.2736089692249,1.,-8.49972050488302));
#7885=CARTESIAN_POINT('',(24.3375493777687,1.,-9.14787900470217));
#7886=CARTESIAN_POINT('Origin',(25.2736089692213,1.,-9.49972050488302));
#7887=CARTESIAN_POINT('Origin',(25.2736089692285,1.,-7.49972050488302));
#7888=CARTESIAN_POINT('Origin',(23.4014897863161,1.,-8.79603750452132));
#7889=CARTESIAN_POINT('Origin',(0.,1.,0.));
#7890=CARTESIAN_POINT('',(24.5712280626125,1.,8.50027949511306));
#7891=CARTESIAN_POINT('Origin',(0.,1.,0.));
#7892=CARTESIAN_POINT('Ctrl Pts',(23.8483921364771,0.,7.50027949511323));
#7893=CARTESIAN_POINT('Ctrl Pts',(23.8494855944296,6.70884215320261E-18,
7.50176964542891));
#7894=CARTESIAN_POINT('Ctrl Pts',(23.8505790040398,3.33082193976451E-6,
7.50325983235084));
#7895=CARTESIAN_POINT('Ctrl Pts',(23.9175142493274,0.000411187745605682,
7.59449086311527));
#7896=CARTESIAN_POINT('Ctrl Pts',(23.9832590839724,0.0128938834150926,7.68447770970691));
#7897=CARTESIAN_POINT('Ctrl Pts',(24.1092476466284,0.0618115789867406,7.85760379867843));
#7898=CARTESIAN_POINT('Ctrl Pts',(24.1697487538342,0.0976770057664478,7.94107833606319));
#7899=CARTESIAN_POINT('Ctrl Pts',(24.3011803267293,0.208310164262089,8.12303225491853));
#7900=CARTESIAN_POINT('Ctrl Pts',(24.3694459348956,0.29168857151338,8.21803149882089));
#7901=CARTESIAN_POINT('Ctrl Pts',(24.4724249446206,0.480918891788337,8.36176740946334));
#7902=CARTESIAN_POINT('Ctrl Pts',(24.5102244984568,0.579405519902886,8.41471266505892));
#7903=CARTESIAN_POINT('Ctrl Pts',(24.5589679450022,0.787588045925928,8.48305394611523));
#7904=CARTESIAN_POINT('Ctrl Pts',(24.5712280626134,0.892802233578743,8.50027949511306));
#7905=CARTESIAN_POINT('Ctrl Pts',(24.5712280626134,1.,8.50027949511306));
#7906=CARTESIAN_POINT('Origin',(13.2499999999765,1.,-7.49972050484016));
#7907=CARTESIAN_POINT('',(26.5000000000016,1.,-8.49972050488739));
#7908=CARTESIAN_POINT('Origin',(26.5000000000051,1.,-7.49972050488739));
#7909=CARTESIAN_POINT('',(13.2499999999729,1.,-8.49972050484016));
#7910=CARTESIAN_POINT('Origin',(26.5,1.,0.000279495112610714));
#7911=CARTESIAN_POINT('',(26.4999999999969,1.,8.50027949511261));
#7912=CARTESIAN_POINT('Origin',(26.4999999999973,1.,7.50027949511261));
#7913=CARTESIAN_POINT('Origin',(26.5,1.,0.000279495112610714));
#7914=CARTESIAN_POINT('Origin',(12.2856140313061,1.,7.5002794951159));
#7915=CARTESIAN_POINT('',(12.2856140313064,1.,8.5002794951159));
#7916=CARTESIAN_POINT('Origin',(0.,1.,0.));
#7917=CARTESIAN_POINT('Origin',(0.,1.,0.));
#7918=CARTESIAN_POINT('Origin',(25.2736089692213,0.,-9.49972050488302));
#7919=CARTESIAN_POINT('',(25.2736089692249,0.,-8.49972050488302));
#7920=CARTESIAN_POINT('',(24.3375493777687,0.,-9.14787900470217));
#7921=CARTESIAN_POINT('Origin',(0.,34.4,0.));
#7922=CARTESIAN_POINT('Origin',(0.,34.4,0.));
#7923=CARTESIAN_POINT('Origin',(12.2856140313061,34.4,7.5002794951159));
#7924=CARTESIAN_POINT('',(24.5712280626125,34.4,8.50027949511306));
#7925=CARTESIAN_POINT('',(26.4999999999969,34.4,8.50027949511261));
#7926=CARTESIAN_POINT('',(12.2856140313064,34.4,8.5002794951159));
#7927=CARTESIAN_POINT('Origin',(26.4999999999967,34.4,7.50027949511261));
#7928=CARTESIAN_POINT('Ctrl Pts',(23.8483921364771,35.4,7.50027949511323));
#7929=CARTESIAN_POINT('Ctrl Pts',(23.8494855944292,35.4,7.5017696454284));
#7930=CARTESIAN_POINT('Ctrl Pts',(23.8505790040394,35.3999966691781,7.5032598323504));
#7931=CARTESIAN_POINT('Ctrl Pts',(23.9175142493239,35.3995888122545,7.59449086310903));
#7932=CARTESIAN_POINT('Ctrl Pts',(23.9832590839713,35.3871061165853,7.6844777097054));
#7933=CARTESIAN_POINT('Ctrl Pts',(24.1092476466282,35.3381884210134,7.85760379867811));
#7934=CARTESIAN_POINT('Ctrl Pts',(24.1697487538341,35.3023229942336,7.94107833606303));
#7935=CARTESIAN_POINT('Ctrl Pts',(24.3011803267293,35.1916898357379,8.12303225491853));
#7936=CARTESIAN_POINT('Ctrl Pts',(24.3694459348956,35.1083114284866,8.21803149882089));
#7937=CARTESIAN_POINT('Ctrl Pts',(24.4724249446206,34.9190811082117,8.36176740946334));
#7938=CARTESIAN_POINT('Ctrl Pts',(24.5102244984568,34.8205944800971,8.41471266505892));
#7939=CARTESIAN_POINT('Ctrl Pts',(24.5589679450022,34.6124119540741,8.48305394611523));
#7940=CARTESIAN_POINT('Ctrl Pts',(24.5712280626134,34.5071977664213,8.50027949511306));
#7941=CARTESIAN_POINT('Ctrl Pts',(24.5712280626134,34.4,8.50027949511306));
#7942=CARTESIAN_POINT('Origin',(26.5,34.4,0.000279495112610714));
#7943=CARTESIAN_POINT('',(26.5000000000016,34.4,-8.49972050488739));
#7944=CARTESIAN_POINT('Origin',(26.5000000000014,34.4,-7.49972050488739));
#7945=CARTESIAN_POINT('Origin',(26.5,34.4,0.000279495112610714));
#7946=CARTESIAN_POINT('Origin',(13.2499999999765,34.4,-7.49972050484016));
#7947=CARTESIAN_POINT('',(13.2499999999729,34.4,-8.49972050484016));
#7948=CARTESIAN_POINT('Origin',(0.,34.4,0.));
#7949=CARTESIAN_POINT('Origin',(0.,34.4,0.));
#7950=CARTESIAN_POINT('Origin',(-10.75,34.4,15.1642634300656));
#7951=CARTESIAN_POINT('Origin',(0.,34.4,0.));
#7952=CARTESIAN_POINT('',(-24.571228496317,34.4,8.5002782414331));
#7953=CARTESIAN_POINT('Origin',(0.,34.4,0.));
#7954=CARTESIAN_POINT('Ctrl Pts',(-23.8483925307574,35.4,7.50027824143306));
#7955=CARTESIAN_POINT('Ctrl Pts',(-23.8494859887697,35.4,7.50176839174816));
#7956=CARTESIAN_POINT('Ctrl Pts',(-23.8505793984407,35.3999966691781,7.50325857867099));
#7957=CARTESIAN_POINT('Ctrl Pts',(-23.9175146489255,35.3995888122452,7.5944896114894));
#7958=CARTESIAN_POINT('Ctrl Pts',(-23.9832594887399,35.3871061160111,7.68447646022397));
#7959=CARTESIAN_POINT('Ctrl Pts',(-24.1092480609797,35.3381884181811,7.85760255291215));
#7960=CARTESIAN_POINT('Ctrl Pts',(-24.1697491727028,35.3023229897857,7.94107709199142));
#7961=CARTESIAN_POINT('Ctrl Pts',(-24.3011807524819,35.1916898282673,8.12303101051873));
#7962=CARTESIAN_POINT('Ctrl Pts',(-24.3694463632838,35.1083114205006,8.21803025295163));
#7963=CARTESIAN_POINT('Ctrl Pts',(-24.4724253761478,34.9190811004772,8.36176616021118));
#7964=CARTESIAN_POINT('Ctrl Pts',(-24.5102249309189,34.8205944734427,8.4147114142574));
#7965=CARTESIAN_POINT('Ctrl Pts',(-24.558968378471,34.6124119503109,8.48305269303547));
#7966=CARTESIAN_POINT('Ctrl Pts',(-24.571228496317,34.5071977645546,8.5002782414331));
#7967=CARTESIAN_POINT('Ctrl Pts',(-24.571228496317,34.4,8.5002782414331));
#7968=CARTESIAN_POINT('Origin',(-12.2857105007316,34.4,-7.49972175866202));
#7969=CARTESIAN_POINT('',(-24.5714210013718,34.4,-8.49972175857971));
#7970=CARTESIAN_POINT('',(-26.5000000000001,34.4,-8.49972175856679));
#7971=CARTESIAN_POINT('',(-12.2857105007383,34.4,-8.49972175866202));
#7972=CARTESIAN_POINT('Origin',(-26.4999999999934,34.4,-7.49972175856679));
#7973=CARTESIAN_POINT('Ctrl Pts',(-23.848567536517,35.4,-7.49972175858455));
#7974=CARTESIAN_POINT('Ctrl Pts',(-23.8496610212385,35.4,-7.50121190884787));
#7975=CARTESIAN_POINT('Ctrl Pts',(-23.8507544576163,35.3999966691783,-7.50270209571874));
#7976=CARTESIAN_POINT('Ctrl Pts',(-23.9176920172468,35.3995888081647,-7.59393404442917));
#7977=CARTESIAN_POINT('Ctrl Pts',(-23.9834391500424,35.3871058611179,-7.6839218410505));
#7978=CARTESIAN_POINT('Ctrl Pts',(-24.1094319759614,35.3381871610285,-7.85704958285894));
#7979=CARTESIAN_POINT('Ctrl Pts',(-24.1699350928252,35.3023210154481,-7.94052487407892));
#7980=CARTESIAN_POINT('Ctrl Pts',(-24.3013697282766,35.1916865122241,-8.12247864695712));
#7981=CARTESIAN_POINT('Ctrl Pts',(-24.3696365090023,35.108307875687,-8.21747723712543));
#7982=CARTESIAN_POINT('Ctrl Pts',(-24.4726169151386,34.9190776673247,-8.36121164277911));
#7983=CARTESIAN_POINT('Ctrl Pts',(-24.5104168849253,34.8205915196731,-8.41415620908158));
#7984=CARTESIAN_POINT('Ctrl Pts',(-24.5591607793205,34.6124102799255,-8.48249647658843));
#7985=CARTESIAN_POINT('Ctrl Pts',(-24.5714210013733,34.5071969359966,-8.49972175857971));
#7986=CARTESIAN_POINT('Ctrl Pts',(-24.5714210013733,34.4,-8.49972175857971));
#7987=CARTESIAN_POINT('Origin',(-26.5000000000001,34.4,0.000278241433212805));
#7988=CARTESIAN_POINT('',(-26.4999999999967,34.4,8.50027824143321));
#7989=CARTESIAN_POINT('Origin',(-26.4999999999971,34.4,7.50027824143321));
#7990=CARTESIAN_POINT('Origin',(-26.5000000000001,34.4,0.000278241433212805));
#7991=CARTESIAN_POINT('Origin',(-13.2499999999984,34.4,7.50027824143246));
#7992=CARTESIAN_POINT('',(-13.2499999999983,34.4,8.50027824143246));
#7993=CARTESIAN_POINT('Origin',(0.,34.4,0.));
#7994=CARTESIAN_POINT('Origin',(0.,34.4,0.));
#7995=CARTESIAN_POINT('Origin',(-8.39002485265529,34.4,-14.7299056541134));
#7996=CARTESIAN_POINT('',(-8.39002485265529,34.4,-15.7299056541134));
#7997=CARTESIAN_POINT('Origin',(0.,34.4,0.));
#7998=CARTESIAN_POINT('',(-21.3216631042116,34.4,-8.62477144453718));
#7999=CARTESIAN_POINT('Origin',(-22.2486919348294,34.4,-8.99976150734314));
#8000=CARTESIAN_POINT('Origin',(0.,34.4,0.));
#8001=CARTESIAN_POINT('Origin',(-25.956807257301,34.4,-10.499721758567));
#8002=CARTESIAN_POINT('',(-25.956807257299,34.4,-5.49972175856701));
#8003=CARTESIAN_POINT('Origin',(-25.9568072572994,34.4,-6.499721758567));
#8004=CARTESIAN_POINT('Origin',(-25.956807257301,34.4,-10.499721758567));
#8005=CARTESIAN_POINT('Origin',(-13.2500000000022,34.4,-6.49972175857211));
#8006=CARTESIAN_POINT('',(-26.4999999999985,34.4,-5.49972175856679));
#8007=CARTESIAN_POINT('Origin',(-26.4999999999989,34.4,-6.49972175856679));
#8008=CARTESIAN_POINT('',(-13.2500000000018,34.4,-5.49972175857211));
#8009=CARTESIAN_POINT('Origin',(-26.5000000000001,34.4,0.000278241433212805));
#8010=CARTESIAN_POINT('',(-26.5000000000001,34.4,5.50027824143321));
#8011=CARTESIAN_POINT('Origin',(-26.5000000000001,34.4,6.50027824143321));
#8012=CARTESIAN_POINT('Origin',(-26.5000000000001,34.4,0.000278241433212805));
#8013=CARTESIAN_POINT('Origin',(-11.1663214541182,34.4,6.50027824144389));
#8014=CARTESIAN_POINT('',(-25.9565821488943,34.4,5.50027824143359));
#8015=CARTESIAN_POINT('Origin',(-25.956582148895,34.4,6.50027824143359));
#8016=CARTESIAN_POINT('',(-11.1663214541175,34.4,5.50027824144389));
#8017=CARTESIAN_POINT('Origin',(-25.9565821488977,34.4,10.5002782414336));
#8018=CARTESIAN_POINT('',(-21.3214781937374,34.4,8.6252285554633));
#8019=CARTESIAN_POINT('Origin',(-22.2484989847695,34.4,9.00023849265736));
#8020=CARTESIAN_POINT('Origin',(-25.9565821488977,34.4,10.5002782414336));
#8021=CARTESIAN_POINT('Origin',(0.,34.4,0.));
#8022=CARTESIAN_POINT('',(-10.3942307692308,34.4,20.5173089540509));
#8023=CARTESIAN_POINT('Origin',(-10.8461538461538,34.4,21.4093658650966));
#8024=CARTESIAN_POINT('Origin',(0.,34.4,0.));
#8025=CARTESIAN_POINT('Origin',(-11.75,34.4,23.193479687188));
#8026=CARTESIAN_POINT('',(-8.75,34.4,23.193479687188));
#8027=CARTESIAN_POINT('Origin',(-9.75,34.4,23.193479687188));
#8028=CARTESIAN_POINT('Origin',(-11.75,34.4,23.193479687188));
#8029=CARTESIAN_POINT('Origin',(-9.75,34.4,17.0675235864717));
#8030=CARTESIAN_POINT('',(-8.75,34.4,24.));
#8031=CARTESIAN_POINT('Origin',(-9.75,34.4,24.));
#8032=CARTESIAN_POINT('',(-8.75,34.4,17.0675235864717));
#8033=CARTESIAN_POINT('Origin',(-5.75,34.4,24.));
#8034=CARTESIAN_POINT('Origin',(-5.75,34.4,28.));
#8035=CARTESIAN_POINT('Origin',(-5.75,34.4,24.));
#8036=CARTESIAN_POINT('Origin',(4.37499999999998,34.4,28.));
#8037=CARTESIAN_POINT('Origin',(5.75,34.4,28.));
#8038=CARTESIAN_POINT('Origin',(5.75,34.4,24.));
#8039=CARTESIAN_POINT('',(8.75,34.4,24.));
#8040=CARTESIAN_POINT('Origin',(9.75,34.4,24.));
#8041=CARTESIAN_POINT('Origin',(5.75,34.4,24.));
#8042=CARTESIAN_POINT('Origin',(9.75,34.4,14.2028127221746));
#8043=CARTESIAN_POINT('',(8.75,34.4,23.193479687188));
#8044=CARTESIAN_POINT('Origin',(9.75,34.4,23.193479687188));
#8045=CARTESIAN_POINT('',(8.75,34.4,14.2028127221746));
#8046=CARTESIAN_POINT('Origin',(11.75,34.4,23.193479687188));
#8047=CARTESIAN_POINT('',(10.3942307692308,34.4,20.5173089540509));
#8048=CARTESIAN_POINT('Origin',(10.8461538461538,34.4,21.4093658650966));
#8049=CARTESIAN_POINT('Origin',(11.75,34.4,23.193479687188));
#8050=CARTESIAN_POINT('Origin',(0.,34.4,0.));
#8051=CARTESIAN_POINT('',(21.3318248301992,34.4,8.59960751509607));
#8052=CARTESIAN_POINT('Origin',(22.2592954749905,34.4,8.97350349401328));
#8053=CARTESIAN_POINT('Origin',(0.,34.4,0.));
#8054=CARTESIAN_POINT('Origin',(25.9691780541556,34.4,10.4690874096822));
#8055=CARTESIAN_POINT('',(25.4115510245961,34.4,5.50027949511183));
#8056=CARTESIAN_POINT('Ctrl Pts',(25.4115510246856,34.4,5.50027949469848));
#8057=CARTESIAN_POINT('Ctrl Pts',(25.4115510246856,34.4024260018071,5.50027949469848));
#8058=CARTESIAN_POINT('Ctrl Pts',(25.4115490539727,34.4048525461902,5.50028859950449));
#8059=CARTESIAN_POINT('Ctrl Pts',(25.4113439558287,34.5310614261124,5.50123615768743));
#8060=CARTESIAN_POINT('Ctrl Pts',(25.4060469261503,34.6532104818933,5.52585387853909));
#8061=CARTESIAN_POINT('Ctrl Pts',(25.3853338682065,34.8843985429455,5.62025029464095));
#8062=CARTESIAN_POINT('Ctrl Pts',(25.3699252105904,34.9902789648761,5.68989146841668));
#8063=CARTESIAN_POINT('Ctrl Pts',(25.3291337115108,35.1756581122467,5.86889089785334));
#8064=CARTESIAN_POINT('Ctrl Pts',(25.3037220515881,35.2510876576511,5.97802686339786));
#8065=CARTESIAN_POINT('Ctrl Pts',(25.2433935891536,35.3629778968692,6.22808725815091));
#8066=CARTESIAN_POINT('Ctrl Pts',(25.208479263185,35.3941612260641,6.36820300662573));
#8067=CARTESIAN_POINT('Ctrl Pts',(25.1682315164978,35.399752066037,6.52382769404046));
#8068=CARTESIAN_POINT('Ctrl Pts',(25.1646300763808,35.4,6.53770591351948));
#8069=CARTESIAN_POINT('Ctrl Pts',(25.1610178841843,35.4,6.55157836187261));
#8070=CARTESIAN_POINT('Origin',(25.9691780541556,34.4,10.4690874096822));
#8071=CARTESIAN_POINT('Origin',(0.,1.,0.));
#8072=CARTESIAN_POINT('',(-10.3942307692308,1.,20.5173089540509));
#8073=CARTESIAN_POINT('Origin',(-10.8461538461538,1.,21.4093658650966));
#8074=CARTESIAN_POINT('Origin',(0.,1.,0.));
#8075=CARTESIAN_POINT('Origin',(-11.75,1.,23.193479687188));
#8076=CARTESIAN_POINT('',(-8.75,1.,23.193479687188));
#8077=CARTESIAN_POINT('Origin',(-9.75,1.,23.193479687188));
#8078=CARTESIAN_POINT('Origin',(-11.75,1.,23.193479687188));
#8079=CARTESIAN_POINT('Origin',(-9.75,1.,17.0675235864717));
#8080=CARTESIAN_POINT('',(-8.75,1.,17.0675235864717));
#8081=CARTESIAN_POINT('Origin',(0.,0.,0.));
#8082=CARTESIAN_POINT('',(-24.571228496317,0.,8.5002782414331));
#8083=CARTESIAN_POINT('Origin',(24.5712280626125,0.,8.50027949511306));
#8084=CARTESIAN_POINT('',(24.5712280626125,0.,8.50027949511306));
#8085=CARTESIAN_POINT('',(26.4999999999969,0.,8.50027949511261));
#8086=CARTESIAN_POINT('Origin',(0.,0.,0.));
#8087=CARTESIAN_POINT('Origin',(0.,0.,0.));
#8088=CARTESIAN_POINT('',(-21.3216631042116,0.,-8.62477144453718));
#8089=CARTESIAN_POINT('Origin',(-25.956807257301,0.,-10.499721758567));
#8090=CARTESIAN_POINT('',(-25.956807257299,0.,-5.49972175856701));
#8091=CARTESIAN_POINT('Origin',(-26.4999999999985,0.,-5.49972175856679));
#8092=CARTESIAN_POINT('',(-26.4999999999985,0.,-5.49972175856679));
#8093=CARTESIAN_POINT('Origin',(-26.5000000000001,0.,0.000278241433212805));
#8094=CARTESIAN_POINT('',(-26.5000000000001,0.,5.50027824143321));
#8095=CARTESIAN_POINT('Origin',(-22.332642908236,0.,5.50027824143611));
#8096=CARTESIAN_POINT('',(-25.9565821488943,0.,5.50027824143359));
#8097=CARTESIAN_POINT('Origin',(-25.9565821488977,0.,10.5002782414336));
#8098=CARTESIAN_POINT('',(-21.3214781937374,0.,8.6252285554633));
#8099=CARTESIAN_POINT('Origin',(0.,0.,0.));
#8100=CARTESIAN_POINT('',(-10.3942307692308,0.,20.5173089540509));
#8101=CARTESIAN_POINT('Origin',(-11.75,0.,23.193479687188));
#8102=CARTESIAN_POINT('',(-8.75,0.,23.193479687188));
#8103=CARTESIAN_POINT('Origin',(-8.75,0.,27.));
#8104=CARTESIAN_POINT('',(-8.75,0.,24.));
#8105=CARTESIAN_POINT('Origin',(-5.75,0.,24.));
#8106=CARTESIAN_POINT('Origin',(5.75,0.,24.));
#8107=CARTESIAN_POINT('',(8.75,0.,24.));
#8108=CARTESIAN_POINT('Origin',(8.75,0.,21.2705782714058));
#8109=CARTESIAN_POINT('',(8.75,0.,23.193479687188));
#8110=CARTESIAN_POINT('Origin',(11.75,0.,23.193479687188));
#8111=CARTESIAN_POINT('',(10.3942307692308,0.,20.5173089540509));
#8112=CARTESIAN_POINT('Origin',(0.,0.,0.));
#8113=CARTESIAN_POINT('',(21.3318248301992,0.,8.59960751509607));
#8114=CARTESIAN_POINT('Origin',(25.9691780541556,0.,10.4690874096822));
#8115=CARTESIAN_POINT('',(25.4115510245961,0.,5.50027949511183));
#8116=CARTESIAN_POINT('Origin',(-16.7800497053105,0.,-15.7299056541134));
#8117=CARTESIAN_POINT('Origin',(25.9694083409228,0.,-10.4685161518913));
#8118=CARTESIAN_POINT('',(21.3320139943294,0.,-8.599138267625));
#8119=CARTESIAN_POINT('Origin',(0.,-68.,45.5));
#8120=CARTESIAN_POINT('',(-3.2258,-68.,45.5));
#8121=CARTESIAN_POINT('Origin',(-26.4999999999967,0.,8.50027824143321));
#8122=CARTESIAN_POINT('',(-26.4999999999967,0.,8.50027824143321));
#8123=CARTESIAN_POINT('Origin',(-26.5000000000001,0.,0.000278241433212805));
#8124=CARTESIAN_POINT('',(-26.5000000000001,0.,-8.49972175856679));
#8125=CARTESIAN_POINT('Origin',(-24.5714210013718,0.,-8.49972175857971));
#8126=CARTESIAN_POINT('',(-24.5714210013718,0.,-8.49972175857971));
#8127=CARTESIAN_POINT('Origin',(0.,0.,0.));
#8128=CARTESIAN_POINT('Origin',(0.,0.,0.));
#8129=CARTESIAN_POINT('',(25.4339053544412,0.,5.39596686621825));
#8130=CARTESIAN_POINT('Origin',(26.5,0.,0.000279495112423087));
#8131=CARTESIAN_POINT('Origin',(0.,0.,0.));
#8132=CARTESIAN_POINT('Origin',(0.,0.,0.));
#8133=CARTESIAN_POINT('Origin',(26.5000000000016,0.,-8.49972050488739));
#8134=CARTESIAN_POINT('',(26.5000000000016,0.,-8.49972050488739));
#8135=CARTESIAN_POINT('Origin',(26.5,0.,0.000279495112610714));
#8136=UNCERTAINTY_MEASURE_WITH_UNIT(LENGTH_MEASURE(0.01),#8140,
'DISTANCE_ACCURACY_VALUE',
'Maximum model space distance between geometric entities at asserted c
onnectivities');
#8137=UNCERTAINTY_MEASURE_WITH_UNIT(LENGTH_MEASURE(0.01),#8140,
'DISTANCE_ACCURACY_VALUE',
'Maximum model space distance between geometric entities at asserted c
onnectivities');
#8138=(
GEOMETRIC_REPRESENTATION_CONTEXT(3)
GLOBAL_UNCERTAINTY_ASSIGNED_CONTEXT((#8136))
GLOBAL_UNIT_ASSIGNED_CONTEXT((#8140,#8142,#8143))
REPRESENTATION_CONTEXT('','3D')
);
#8139=(
GEOMETRIC_REPRESENTATION_CONTEXT(3)
GLOBAL_UNCERTAINTY_ASSIGNED_CONTEXT((#8137))
GLOBAL_UNIT_ASSIGNED_CONTEXT((#8140,#8142,#8143))
REPRESENTATION_CONTEXT('','3D')
);
#8140=(
LENGTH_UNIT()
NAMED_UNIT(*)
SI_UNIT(.MILLI.,.METRE.)
);
#8141=(
LENGTH_UNIT()
NAMED_UNIT(*)
SI_UNIT($,.METRE.)
);
#8142=(
NAMED_UNIT(*)
PLANE_ANGLE_UNIT()
SI_UNIT($,.RADIAN.)
);
#8143=(
NAMED_UNIT(*)
SI_UNIT($,.STERADIAN.)
SOLID_ANGLE_UNIT()
);
#8144=SHAPE_DEFINITION_REPRESENTATION(#8145,#8146);
#8145=PRODUCT_DEFINITION_SHAPE('',$,#8148);
#8146=SHAPE_REPRESENTATION('',(#3117),#8138);
#8147=PRODUCT_DEFINITION_CONTEXT('part definition',#8152,'design');
#8148=PRODUCT_DEFINITION('CNC Mount Vernier','CNC Mount Vernier v4',#8149,
#8147);
#8149=PRODUCT_DEFINITION_FORMATION('',$,#8154);
#8150=PRODUCT_RELATED_PRODUCT_CATEGORY('CNC Mount Vernier v4',
'CNC Mount Vernier v4',(#8154));
#8151=APPLICATION_PROTOCOL_DEFINITION('international standard',
'automotive_design',2009,#8152);
#8152=APPLICATION_CONTEXT(
'Core Data for Automotive Mechanical Design Process');
#8153=PRODUCT_CONTEXT('part definition',#8152,'mechanical');
#8154=PRODUCT('CNC Mount Vernier','CNC Mount Vernier v4',$,(#8153));
#8155=PRESENTATION_STYLE_ASSIGNMENT((#8156));
#8156=SURFACE_STYLE_USAGE(.BOTH.,#8157);
#8157=SURFACE_SIDE_STYLE('',(#8158));
#8158=SURFACE_STYLE_FILL_AREA(#8159);
#8159=FILL_AREA_STYLE('Steel - Satin',(#8160));
#8160=FILL_AREA_STYLE_COLOUR('Steel - Satin',#8161);
#8161=COLOUR_RGB('Steel - Satin',0.627450980392157,0.627450980392157,0.627450980392157);
ENDSEC;
END-ISO-10303-21;
